-- phpMyAdmin SQL Dump
-- version 4.6.6deb5
-- https://www.phpmyadmin.net/
--
-- Host: localhost:3306
-- Generation Time: Sep 25, 2018 at 06:47 PM
-- Server version: 5.7.23-0ubuntu0.18.04.1
-- PHP Version: 7.2.10-0ubuntu0.18.04.1

SET SQL_MODE = "NO_AUTO_VALUE_ON_ZERO";
SET time_zone = "+00:00";


/*!40101 SET @OLD_CHARACTER_SET_CLIENT=@@CHARACTER_SET_CLIENT */;
/*!40101 SET @OLD_CHARACTER_SET_RESULTS=@@CHARACTER_SET_RESULTS */;
/*!40101 SET @OLD_COLLATION_CONNECTION=@@COLLATION_CONNECTION */;
/*!40101 SET NAMES utf8mb4 */;

--
-- Database: `claim`
--

-- --------------------------------------------------------

--
-- Table structure for table `mm_claim_head`
--

CREATE TABLE `mm_claim_head` (
  `id` int(11) NOT NULL,
  `head_cd` int(11) NOT NULL,
  `head_desc` varchar(100) NOT NULL
) ENGINE=MyISAM DEFAULT CHARSET=latin1;

--
-- Dumping data for table `mm_claim_head`
--

INSERT INTO `mm_claim_head` (`id`, `head_cd`, `head_desc`) VALUES
(1, 1, 'FOOD & REFRESHMENT'),
(2, 2, 'OTHER VEHICLES'),
(3, 3, 'HOTEL LODGING'),
(4, 4, 'WATER/COFFEE/TEA'),
(5, 5, 'OTHERS'),
(6, 6, 'TRAIN'),
(7, 7, 'MOTOR CYCLE'),
(8, 8, 'CAR RENT'),
(9, 9, 'XE-ROX'),
(10, 10, 'LAUNDRY'),
(11, 11, 'BUS'),
(12, 12, 'METRO CARD'),
(13, 13, 'CAR PARKING'),
(14, 14, 'METRO'),
(15, 15, 'CUSTOMER REFRESHMENT'),
(16, 16, 'TOLL TAX'),
(17, 17, 'BUSINESS DEVELOPMENT'),
(18, 18, 'REVENUE STAMP'),
(19, 19, 'DELIVERY CHARGES'),
(20, 20, 'RICKSHAW'),
(21, 21, 'LAUNCH & BOAT'),
(22, 22, 'OFFICE STATIONARY EXPENSES'),
(23, 23, 'COURIER CHARGES'),
(24, 24, 'BANK CHARGES'),
(25, 25, 'COURT PAPER'),
(26, 26, 'TAXI'),
(27, 27, 'FUEL'),
(28, 28, 'ACCOUNTING CHARGES'),
(29, 29, 'PER DIEM@150'),
(30, 30, 'PER DIEM@200'),
(31, 31, 'PER DIEM@100'),
(32, 32, 'HALF PER DIEM@50'),
(33, 33, 'TELEPHONE CHARGES'),
(34, 34, 'AIR TICKET'),
(35, 35, 'GAS CYLINDER'),
(36, 36, 'LUGGAGE FREIGHT(TRAIN)'),
(37, 37, 'TRAM'),
(38, 38, 'PRINTING & LAMINATION'),
(39, 39, 'PARKING'),
(40, 40, 'WATER'),
(41, 41, 'DRIVER'),
(42, 42, 'MOBILE RECHARGE'),
(43, 43, 'SYSTEM SOFTWARE'),
(44, 44, 'VAN'),
(45, 45, 'Projector'),
(46, 46, 'APPLICATION SOFTWARE'),
(47, 47, 'AUTO'),
(48, 48, 'TOTO RICKSHAW'),
(49, 49, 'MAGIC CAR'),
(50, 50, 'PER DIEM 250'),
(95, 51, 'Web Server/Domain/Templates/Others'),
(96, 52, 'Milk'),
(97, 53, 'Sugar'),
(98, 53, 'Biscuit'),
(99, 54, 'Gift for Customer'),
(100, 55, 'Advertisement');

-- --------------------------------------------------------

--
-- Table structure for table `mm_department`
--

CREATE TABLE `mm_department` (
  `sl_no` int(10) NOT NULL,
  `department` varchar(50) NOT NULL,
  `created_by` varchar(50) DEFAULT NULL,
  `created_dt` datetime DEFAULT NULL,
  `modified_by` varchar(50) DEFAULT NULL,
  `modified_dt` datetime DEFAULT NULL
) ENGINE=MyISAM DEFAULT CHARSET=latin1;

--
-- Dumping data for table `mm_department`
--

INSERT INTO `mm_department` (`sl_no`, `department`, `created_by`, `created_dt`, `modified_by`, `modified_dt`) VALUES
(2, 'r23r23r23r', NULL, NULL, NULL, NULL),
(1, 'csdfsdvsdv', NULL, NULL, NULL, NULL),
(3, '457poiyy', '32', '2018-09-20 01:16:10', NULL, NULL),
(4, 'ascasc', '32', '2018-09-20 01:18:44', NULL, NULL),
(5, 'sac', '32', '2018-09-20 01:20:41', NULL, NULL),
(6, 'bdfbsnsd', '32', '2018-09-20 01:20:57', NULL, NULL),
(7, 'cdqw33', '32', '2018-09-20 01:24:10', NULL, NULL),
(8, 'ssqa', '32', '2018-09-20 02:11:39', NULL, NULL),
(9, 'Technical', '32', '2018-09-20 04:24:49', NULL, NULL);

-- --------------------------------------------------------

--
-- Table structure for table `mm_designation`
--

CREATE TABLE `mm_designation` (
  `sl_no` int(10) NOT NULL,
  `designation` varchar(50) NOT NULL,
  `created_by` varchar(50) DEFAULT NULL,
  `created_dt` datetime DEFAULT NULL,
  `modified_by` varchar(50) DEFAULT NULL,
  `modified_dt` datetime DEFAULT NULL
) ENGINE=MyISAM DEFAULT CHARSET=latin1;

--
-- Dumping data for table `mm_designation`
--

INSERT INTO `mm_designation` (`sl_no`, `designation`, `created_by`, `created_dt`, `modified_by`, `modified_dt`) VALUES
(1, 'Software Engineer', '32', '2018-09-25 05:08:50', NULL, NULL);

-- --------------------------------------------------------

--
-- Table structure for table `mm_earning_deduction`
--

CREATE TABLE `mm_earning_deduction` (
  `sl_no` int(10) NOT NULL,
  `ed_type` varchar(5) NOT NULL,
  `ed_desc` varchar(100) NOT NULL,
  `created_by` varchar(50) DEFAULT NULL,
  `created_dt` datetime DEFAULT NULL,
  `modified_by` varchar(50) DEFAULT NULL,
  `modified_dt` datetime DEFAULT NULL
) ENGINE=InnoDB DEFAULT CHARSET=latin1;

--
-- Dumping data for table `mm_earning_deduction`
--

INSERT INTO `mm_earning_deduction` (`sl_no`, `ed_type`, `ed_desc`, `created_by`, `created_dt`, `modified_by`, `modified_dt`) VALUES
(1, 'D', 'Basic', NULL, NULL, '32', '2018-09-25 12:47:59'),
(2, 'D', 'I/Tax', NULL, NULL, '32', '2018-09-25 12:48:12');

-- --------------------------------------------------------

--
-- Table structure for table `mm_employee`
--

CREATE TABLE `mm_employee` (
  `emp_no` int(11) NOT NULL,
  `emp_name` varchar(100) NOT NULL,
  `emp_catg` int(10) DEFAULT '0',
  `designation` varchar(50) NOT NULL,
  `sector` varchar(50) DEFAULT NULL,
  `date_of_joining` date DEFAULT NULL,
  `status_flag` tinyint(1) NOT NULL DEFAULT '0',
  `date_of_termination` date DEFAULT NULL,
  `pan_no` varchar(50) DEFAULT NULL,
  `bank_ac_no` varchar(50) DEFAULT NULL,
  `created_by` varchar(50) NOT NULL,
  `created_dt` datetime DEFAULT NULL,
  `modified_by` varchar(50) DEFAULT NULL,
  `modified_dt` datetime DEFAULT NULL
) ENGINE=MyISAM DEFAULT CHARSET=latin1;

--
-- Dumping data for table `mm_employee`
--

INSERT INTO `mm_employee` (`emp_no`, `emp_name`, `emp_catg`, `designation`, `sector`, `date_of_joining`, `status_flag`, `date_of_termination`, `pan_no`, `bank_ac_no`, `created_by`, `created_dt`, `modified_by`, `modified_dt`) VALUES
(1, 'Aritra  Basu Roy Chowdhury', 0, 'Director', 'Administration', '2010-10-01', 0, NULL, NULL, NULL, 'Pritam Maity', '2018-04-13 00:00:00', 'Aritra  Basu Roy Chowdhury', '2018-05-02 12:05:33'),
(3, 'Debasish Adhikary', 0, 'Director', 'Administration', '1970-01-01', 1, NULL, NULL, NULL, 'Pritam Maity', '2018-04-13 00:00:00', 'Aritra  Basu Roy Chowdhury', '2018-05-02 12:05:07'),
(12, 'Sukanta Roy', 0, 'CTO', 'Software Technical', '1970-01-01', 1, NULL, NULL, NULL, 'Pritam Maity', '2018-04-13 00:00:00', 'Aritra  Basu Roy Chowdhury', '2018-05-02 12:10:49'),
(15, 'Nilkantha  Das', 0, 'General Manager', 'Software Technical', '1970-01-01', 1, NULL, NULL, NULL, 'Pritam Maity', '2018-04-13 00:00:00', 'Aritra  Basu Roy Chowdhury', '2018-05-02 12:33:43'),
(19, 'Amit Kr Singh', 0, 'Purchase Manager', 'Production', '2017-09-05', 0, '2018-09-25', '', '', 'Pritam Maity', '2018-04-13 00:00:00', '32', '2018-09-25 06:44:46'),
(30, 'Subhodip Banerjee', 0, 'Team Leader', 'Sales and Marketing', '1970-01-01', 1, NULL, NULL, NULL, 'Pritam Maity', '2018-04-13 00:00:00', 'Aritra  Basu Roy Chowdhury', '2018-05-02 12:12:00'),
(32, 'Tanmoy Mondal', 0, 'Project Manager', 'Software Technical', '1970-01-01', 1, NULL, NULL, NULL, 'Pritam Maity', '2018-04-13 00:00:00', 'Aritra  Basu Roy Chowdhury', '2018-05-02 12:12:14'),
(36, 'Sanjoy Sardar', 0, 'Office Staff', 'Others', '1970-01-01', 1, NULL, NULL, NULL, 'Pritam Maity', '2018-04-13 00:00:00', 'Aritra  Basu Roy Chowdhury', '2018-05-02 12:31:42'),
(38, 'Raja Saha', 0, 'Senior Software Endd', 'Technical', '1970-12-25', 1, NULL, 'nfgnf', '', '32', '2018-09-24 06:58:25', 'Aritra  Basu Roy Chowdhury', '2018-05-02 12:13:21'),
(41, 'Tulu Rana', 0, 'Office Staff', 'Others', '1970-01-01', 1, NULL, NULL, NULL, 'Pritam Maity', '2018-04-13 00:00:00', 'Aritra  Basu Roy Chowdhury', '2018-05-02 12:32:05'),
(49, 'Arfibillah Mondal', 0, 'Marketing Executive', 'Sales and Marketing', '1970-01-01', 1, NULL, NULL, NULL, 'Pritam Maity', '2018-04-13 00:00:00', 'Aritra  Basu Roy Chowdhury', '2018-05-02 12:14:27'),
(50, 'Somnath Chakraborty', 0, 'Software Engineer', 'Software Technical', '2011-09-19', 1, NULL, NULL, NULL, 'Pritam Maity', '2018-04-13 00:00:00', 'Aritra  Basu Roy Chowdhury', '2018-05-02 12:14:52'),
(51, 'Kalyan Dutta', 0, 'Software Engineer', 'Software Technical', '2011-09-19', 1, NULL, NULL, NULL, 'Pritam Maity', '2018-04-13 00:00:00', 'Aritra  Basu Roy Chowdhury', '2018-05-02 12:15:16'),
(53, 'Joydeep Ghosh', 0, 'Senior Software Engineer', 'Software Technical', '2012-01-09', 1, NULL, NULL, NULL, 'Pritam Maity', '2018-04-13 00:00:00', 'Aritra  Basu Roy Chowdhury', '2018-05-02 12:15:39'),
(55, 'Nabin Halder', 0, 'Office Staff', 'Others', '1970-01-01', 1, NULL, NULL, NULL, 'Pritam Maity', '2018-04-13 00:00:00', 'Aritra  Basu Roy Chowdhury', '2018-05-02 12:32:32'),
(57, 'Rakesh Kumar Singh', 0, 'Service Engineer', 'Hardware Technical', '2012-11-01', 1, NULL, NULL, NULL, 'Pritam Maity', '2018-04-13 00:00:00', 'Aritra  Basu Roy Chowdhury', '2018-05-02 12:18:05'),
(66, 'Arghya Mondal', 0, 'Marketing Executive', 'Sales and Marketing', '2013-10-21', 1, NULL, NULL, NULL, 'Pritam Maity', '2018-04-13 00:00:00', 'Aritra  Basu Roy Chowdhury', '2018-05-02 12:18:46'),
(70, 'Sujit Paul', 0, 'Senior Accountant', 'Accounts', '2014-04-16', 1, NULL, NULL, NULL, 'Pritam Maity', '2018-04-13 00:00:00', 'Aritra  Basu Roy Chowdhury', '2018-05-02 12:19:17'),
(72, 'Sourav Kumar Ghorai', 0, 'Software Engineer', 'Software Technical', '2014-06-16', 1, NULL, NULL, NULL, 'Pritam Maity', '2018-04-13 00:00:00', 'Aritra  Basu Roy Chowdhury', '2018-05-02 12:33:01'),
(73, 'Sushil Kumar Prajapati', 0, 'Software Engineer', 'Software Technical', '2014-06-16', 0, '2018-09-09', '', '', 'Pritam Maity', '2018-04-13 00:00:00', '32', '2018-09-25 06:07:49'),
(74, 'Upendar Singh', 0, 'Office Staff', 'Production', '2014-07-01', 1, NULL, NULL, NULL, 'Pritam Maity', '2018-04-13 00:00:00', 'Aritra  Basu Roy Chowdhury', '2018-05-02 12:33:47'),
(77, 'Suvendu Rakshit', 0, 'Marketing Executive', 'Sales and Marketing', '2015-02-23', 1, NULL, NULL, NULL, 'Pritam Maity', '2018-04-13 00:00:00', 'Aritra  Basu Roy Chowdhury', '2018-05-02 12:34:35'),
(78, 'Chandan Das', 0, 'Software Engineer', 'Software Technical', '2015-03-09', 1, NULL, NULL, NULL, 'Pritam Maity', '2018-04-13 00:00:00', 'Aritra  Basu Roy Chowdhury', '2018-05-02 12:35:11'),
(79, 'Saurav Manna', 0, 'Data Entry Operator', 'Software Technical', '2015-05-18', 1, NULL, NULL, NULL, 'Pritam Maity', '2018-04-13 00:00:00', 'Tanmoy Mondal', '2018-05-02 18:31:13'),
(80, 'Amit Kumar Datta', 0, 'Service Engineer', 'Hardware Technical', '2015-06-01', 1, NULL, NULL, NULL, 'Pritam Maity', '2018-04-13 00:00:00', 'Aritra  Basu Roy Chowdhury', '2018-05-02 12:36:10'),
(82, 'Subhajit Sani', 0, 'Data Entry Operator', 'Software Technical', '2015-06-15', 1, NULL, NULL, NULL, 'Pritam Maity', '2018-04-13 00:00:00', 'Aritra  Basu Roy Chowdhury', '2018-05-02 12:36:46'),
(84, 'Sanjoy Prasad', 0, 'Service Engineer', 'Hardware Technical', '2015-10-01', 1, NULL, NULL, NULL, 'Pritam Maity', '2018-04-13 00:00:00', 'Aritra  Basu Roy Chowdhury', '2018-05-02 12:37:35'),
(86, 'Amitava Das', 0, 'Bussiness Developement Executive', 'Sales and Marketing', '2015-11-01', 1, NULL, '', '', 'Pritam Maity', '2018-04-13 00:00:00', '32', '2018-09-24 07:02:26'),
(87, 'Chandan Chakraborty', 0, 'Data Entry Operator', 'Software Technical', '2016-05-09', 1, NULL, NULL, NULL, 'Pritam Maity', '2018-04-13 00:00:00', 'Aritra  Basu Roy Chowdhury', '2018-05-02 12:39:14'),
(90, 'Suparsha Das', 0, 'Software Engineer', 'Software Technical', '2016-07-01', 1, NULL, NULL, NULL, 'Pritam Maity', '2018-04-13 00:00:00', 'Aritra  Basu Roy Chowdhury', '2018-05-02 12:39:27'),
(93, 'Moumita Makal', 0, 'Telecaller', 'Software Technical', '2016-07-25', 1, NULL, NULL, NULL, 'Pritam Maity', '2018-04-13 00:00:00', 'Aritra  Basu Roy Chowdhury', '2018-05-02 12:39:40'),
(114, 'Saurav Dutta', 0, 'Service Engineer', 'Sales and Marketing', '2018-04-01', 1, NULL, NULL, NULL, 'Tanmoy Mondal', '2018-05-02 14:45:53', 'Amit Kumar Singh', '2018-05-02 16:53:23'),
(115, 'BAPPA MONDAL', 0, 'Service Engineer', 'Hardware Technical', '2018-04-15', 1, NULL, NULL, NULL, 'Tanmoy Mondal', '2018-05-02 14:44:33', NULL, NULL),
(100, 'Rajiv Sharma', 0, 'Software Engineer', 'Software Technical', '2017-02-04', 1, NULL, NULL, NULL, 'Pritam Maity', '2018-04-13 00:00:00', 'Aritra  Basu Roy Chowdhury', '2018-05-02 12:40:00'),
(101, 'Arunangshu Pal', 0, 'Software Engineer', 'Software Technical', '2017-02-07', 1, NULL, NULL, NULL, 'Pritam Maity', '2018-04-13 00:00:00', 'Aritra  Basu Roy Chowdhury', '2018-05-02 12:40:23'),
(102, 'Souparna Bosu', 0, 'Software Engineer', 'Software Technical', '2017-04-04', 1, NULL, NULL, NULL, 'Pritam Maity', '2018-04-13 00:00:00', 'Aritra  Basu Roy Chowdhury', '2018-05-02 12:41:27'),
(104, 'Bitan Koley', 0, 'Data Entry Operator', 'Software Technical', '2017-06-01', 1, NULL, NULL, NULL, 'Pritam Maity', '2018-04-13 00:00:00', 'Aritra  Basu Roy Chowdhury', '2018-05-02 12:41:53'),
(105, 'Pritam Kumar Maity', 0, 'Software Engineer', 'Software Technical', '2017-06-19', 1, NULL, NULL, NULL, 'Pritam Maity', '2018-04-13 00:00:00', 'Aritra  Basu Roy Chowdhury', '2018-05-02 12:42:33'),
(107, 'Tapomoy Mahapatra', 0, 'Software Engineer', 'Software Technical', '2017-07-03', 1, NULL, NULL, NULL, 'Pritam Maity', '2018-04-13 00:00:00', 'Aritra  Basu Roy Chowdhury', '2018-05-02 12:42:50'),
(108, 'Bappa Das', 0, 'Marketing Executive', 'Sales and Marketing', '2017-07-24', 1, NULL, NULL, NULL, 'Pritam Maity', '2018-04-13 00:00:00', 'Aritra  Basu Roy Chowdhury', '2018-05-02 12:43:35'),
(109, 'Rejabul Islam Nayak', 0, 'Data Entry Operator', 'Software Technical', '2017-09-08', 1, NULL, NULL, NULL, 'Pritam Maity', '2018-04-13 00:00:00', 'Aritra  Basu Roy Chowdhury', '2018-05-02 12:43:49'),
(110, 'Atin Chatterjee', 0, 'Software Engineer', 'Software Technical', '2017-09-11', 1, NULL, '', 'dascasca', 'Pritam Maity', '2018-04-13 00:00:00', '32', '2018-09-24 07:08:51'),
(111, 'Soumen Nath', 0, 'Marketing Executive', 'Sales and Marketing', '2017-10-16', 1, NULL, NULL, NULL, 'Pritam Maity', '2018-04-13 00:00:00', 'Aritra  Basu Roy Chowdhury', '2018-05-02 12:40:35'),
(112, 'Debdas Sardar', 0, 'Service Engineer', 'Hardware Technical', '2017-11-01', 1, NULL, NULL, NULL, 'Pritam Maity', '2018-04-13 00:00:00', 'Aritra  Basu Roy Chowdhury', '2018-05-02 12:40:49'),
(113, 'Sandip Kr Mahato', 0, 'Data Entry Operator', 'Sales and Marketing', '2018-01-02', 1, NULL, NULL, NULL, 'Pritam Maity', '2018-04-13 00:00:00', 'Aritra  Basu Roy Chowdhury', '2018-05-02 12:41:05'),
(200, 'Pritam Kumar', 0, 'Engineer', 'Technical', '2018-09-01', 1, NULL, 'ATGPM8526N', '00874569633', '32', '2018-09-24 03:56:19', NULL, NULL);

-- --------------------------------------------------------

--
-- Table structure for table `mm_manager`
--

CREATE TABLE `mm_manager` (
  `id` int(11) NOT NULL,
  `emp_no` int(11) NOT NULL,
  `manage_no` int(11) NOT NULL,
  `created_by` varchar(50) NOT NULL,
  `created_dt` datetime NOT NULL,
  `modified_by` varchar(50) NOT NULL,
  `modified_dt` datetime NOT NULL
) ENGINE=MyISAM DEFAULT CHARSET=latin1;

--
-- Dumping data for table `mm_manager`
--

INSERT INTO `mm_manager` (`id`, `emp_no`, `manage_no`, `created_by`, `created_dt`, `modified_by`, `modified_dt`) VALUES
(83, 3, 1, 'Tanmoy Mondal', '2018-05-02 15:06:07', '', '0000-00-00 00:00:00'),
(33, 12, 100, 'Tanmoy Mondal', '2018-05-02 14:54:50', '', '0000-00-00 00:00:00'),
(32, 12, 110, 'Tanmoy Mondal', '2018-05-02 14:54:50', '', '0000-00-00 00:00:00'),
(31, 12, 78, 'Tanmoy Mondal', '2018-05-02 14:54:50', '', '0000-00-00 00:00:00'),
(30, 12, 51, 'Tanmoy Mondal', '2018-05-02 14:54:50', '', '0000-00-00 00:00:00'),
(22, 19, 57, 'Tanmoy Mondal', '2018-05-02 14:53:07', '', '0000-00-00 00:00:00'),
(102, 30, 86, 'Tanmoy Mondal', '2018-05-02 15:08:34', '', '0000-00-00 00:00:00'),
(101, 30, 77, 'Tanmoy Mondal', '2018-05-02 15:08:34', '', '0000-00-00 00:00:00'),
(100, 30, 49, 'Tanmoy Mondal', '2018-05-02 15:08:34', '', '0000-00-00 00:00:00'),
(99, 30, 66, 'Tanmoy Mondal', '2018-05-02 15:08:34', '', '0000-00-00 00:00:00'),
(23, 19, 74, 'Tanmoy Mondal', '2018-05-02 14:53:07', '', '0000-00-00 00:00:00'),
(24, 19, 84, 'Tanmoy Mondal', '2018-05-02 14:53:07', '', '0000-00-00 00:00:00'),
(25, 19, 80, 'Tanmoy Mondal', '2018-05-02 14:53:07', '', '0000-00-00 00:00:00'),
(26, 19, 114, 'Tanmoy Mondal', '2018-05-02 14:53:07', '', '0000-00-00 00:00:00'),
(27, 19, 112, 'Tanmoy Mondal', '2018-05-02 14:53:07', '', '0000-00-00 00:00:00'),
(28, 19, 108, 'Tanmoy Mondal', '2018-05-02 14:53:07', '', '0000-00-00 00:00:00'),
(29, 19, 115, 'Tanmoy Mondal', '2018-05-02 14:53:07', '', '0000-00-00 00:00:00'),
(34, 12, 79, 'Tanmoy Mondal', '2018-05-02 14:54:50', '', '0000-00-00 00:00:00'),
(35, 12, 82, 'Tanmoy Mondal', '2018-05-02 14:54:50', '', '0000-00-00 00:00:00'),
(36, 12, 104, 'Tanmoy Mondal', '2018-05-02 14:54:50', '', '0000-00-00 00:00:00'),
(37, 12, 113, 'Tanmoy Mondal', '2018-05-02 14:54:50', '', '0000-00-00 00:00:00'),
(38, 12, 109, 'Tanmoy Mondal', '2018-05-02 14:54:50', '', '0000-00-00 00:00:00'),
(81, 15, 104, 'Tanmoy Mondal', '2018-05-02 15:03:40', '', '0000-00-00 00:00:00'),
(80, 15, 105, 'Tanmoy Mondal', '2018-05-02 15:03:40', '', '0000-00-00 00:00:00'),
(79, 15, 107, 'Tanmoy Mondal', '2018-05-02 15:03:40', '', '0000-00-00 00:00:00'),
(78, 15, 109, 'Tanmoy Mondal', '2018-05-02 15:03:40', '', '0000-00-00 00:00:00'),
(77, 15, 102, 'Tanmoy Mondal', '2018-05-02 15:03:40', '', '0000-00-00 00:00:00'),
(76, 15, 101, 'Tanmoy Mondal', '2018-05-02 15:03:40', '', '0000-00-00 00:00:00'),
(75, 15, 93, 'Tanmoy Mondal', '2018-05-02 15:03:40', '', '0000-00-00 00:00:00'),
(74, 15, 90, 'Tanmoy Mondal', '2018-05-02 15:03:40', '', '0000-00-00 00:00:00'),
(73, 15, 87, 'Tanmoy Mondal', '2018-05-02 15:03:40', '', '0000-00-00 00:00:00'),
(72, 15, 82, 'Tanmoy Mondal', '2018-05-02 15:03:40', '', '0000-00-00 00:00:00'),
(71, 15, 79, 'Tanmoy Mondal', '2018-05-02 15:03:40', '', '0000-00-00 00:00:00'),
(70, 15, 73, 'Tanmoy Mondal', '2018-05-02 15:03:40', '', '0000-00-00 00:00:00'),
(69, 15, 72, 'Tanmoy Mondal', '2018-05-02 15:03:40', '', '0000-00-00 00:00:00'),
(68, 15, 55, 'Tanmoy Mondal', '2018-05-02 15:03:40', '', '0000-00-00 00:00:00'),
(67, 15, 53, 'Tanmoy Mondal', '2018-05-02 15:03:40', '', '0000-00-00 00:00:00'),
(66, 15, 50, 'Tanmoy Mondal', '2018-05-02 15:03:40', '', '0000-00-00 00:00:00'),
(65, 15, 38, 'Tanmoy Mondal', '2018-05-02 15:03:40', '', '0000-00-00 00:00:00'),
(64, 15, 32, 'Tanmoy Mondal', '2018-05-02 15:03:40', '', '0000-00-00 00:00:00'),
(135, 1, 70, 'Aritra  Basu Roy Chowdhury', '2018-06-05 16:14:13', '', '0000-00-00 00:00:00'),
(134, 1, 3, 'Aritra  Basu Roy Chowdhury', '2018-06-05 16:14:13', '', '0000-00-00 00:00:00'),
(133, 1, 36, 'Aritra  Basu Roy Chowdhury', '2018-06-05 16:14:13', '', '0000-00-00 00:00:00'),
(82, 15, 1, 'Tanmoy Mondal', '2018-05-02 15:03:40', '', '0000-00-00 00:00:00'),
(84, 3, 30, 'Tanmoy Mondal', '2018-05-02 15:06:07', '', '0000-00-00 00:00:00'),
(85, 3, 77, 'Tanmoy Mondal', '2018-05-02 15:06:07', '', '0000-00-00 00:00:00'),
(86, 3, 86, 'Tanmoy Mondal', '2018-05-02 15:06:07', '', '0000-00-00 00:00:00'),
(87, 3, 49, 'Tanmoy Mondal', '2018-05-02 15:06:07', '', '0000-00-00 00:00:00'),
(88, 3, 66, 'Tanmoy Mondal', '2018-05-02 15:06:07', '', '0000-00-00 00:00:00'),
(89, 3, 111, 'Tanmoy Mondal', '2018-05-02 15:06:07', '', '0000-00-00 00:00:00'),
(132, 1, 80, 'Aritra  Basu Roy Chowdhury', '2018-06-05 16:14:13', '', '0000-00-00 00:00:00'),
(103, 30, 111, 'Tanmoy Mondal', '2018-05-02 15:08:34', '', '0000-00-00 00:00:00'),
(104, 70, 36, 'Tanmoy Mondal', '2018-05-02 15:09:47', '', '0000-00-00 00:00:00'),
(105, 70, 41, 'Tanmoy Mondal', '2018-05-02 15:09:47', '', '0000-00-00 00:00:00'),
(106, 70, 55, 'Tanmoy Mondal', '2018-05-02 15:09:47', '', '0000-00-00 00:00:00'),
(107, 70, 74, 'Tanmoy Mondal', '2018-05-02 15:09:47', '', '0000-00-00 00:00:00'),
(108, 70, 112, 'Tanmoy Mondal', '2018-05-02 15:09:47', '', '0000-00-00 00:00:00'),
(110, 36, 0, 'Subhodip Banerjee', '2018-05-02 16:25:04', '', '0000-00-00 00:00:00'),
(138, 105, 0, 'Nilkantha  Das', '2018-07-05 10:30:18', '', '0000-00-00 00:00:00'),
(120, 32, 105, 'Aritra  Basu Roy Chowdhury', '2018-05-08 10:40:41', '', '0000-00-00 00:00:00'),
(136, 1, 108, 'Aritra  Basu Roy Chowdhury', '2018-06-05 16:14:13', '', '0000-00-00 00:00:00'),
(131, 1, 19, 'Aritra  Basu Roy Chowdhury', '2018-06-05 16:14:13', '', '0000-00-00 00:00:00'),
(130, 1, 15, 'Aritra  Basu Roy Chowdhury', '2018-06-05 16:14:13', '', '0000-00-00 00:00:00'),
(129, 1, 12, 'Aritra  Basu Roy Chowdhury', '2018-06-05 16:14:13', '', '0000-00-00 00:00:00'),
(137, 1, 30, 'Aritra  Basu Roy Chowdhury', '2018-06-05 16:14:13', '', '0000-00-00 00:00:00');

-- --------------------------------------------------------

--
-- Table structure for table `mm_project`
--

CREATE TABLE `mm_project` (
  `id` int(11) NOT NULL,
  `project_cd` int(11) NOT NULL,
  `project_name` varchar(50) NOT NULL,
  `project_type` varchar(50) DEFAULT NULL,
  `dist` varchar(50) DEFAULT NULL,
  `created_by` varchar(50) DEFAULT NULL,
  `created_dt` datetime DEFAULT NULL,
  `modified_by` varchar(50) DEFAULT NULL,
  `modified_dt` datetime DEFAULT NULL
) ENGINE=MyISAM DEFAULT CHARSET=latin1;

--
-- Dumping data for table `mm_project`
--

INSERT INTO `mm_project` (`id`, `project_cd`, `project_name`, `project_type`, `dist`, `created_by`, `created_dt`, `modified_by`, `modified_dt`) VALUES
(1, 1, 'DEYPARA', 'PACS', 'Bardhaman', 'SYSTEM', '2018-05-02 00:00:00', 'SYSTEM', '2018-05-02 00:00:00'),
(2, 2, 'BAJUA SKUS', 'PACS', 'Hooghly', 'SYSTEM', '2018-05-02 00:00:00', 'SYSTEM', '2018-05-02 00:00:00'),
(3, 3, 'GOPALPUR SKUS', 'PACS', 'Hooghly', 'SYSTEM', '2018-05-02 00:00:00', 'SYSTEM', '2018-05-02 00:00:00'),
(4, 4, 'VIVEKANANDA SKUS', 'PACS', 'East Midnapore (Purba Medinipur)', 'SYSTEM', '2018-05-02 00:00:00', 'SYSTEM', '2018-05-02 00:00:00'),
(5, 5, 'SWARUPDAH SKUS', 'PACS', 'North 24 Parganas (Uttar 24 Parganas)', 'SYSTEM', '2018-05-02 00:00:00', 'SYSTEM', '2018-05-02 00:00:00'),
(6, 6, 'PAHALAMPUR SAKUS', 'PACS', 'Hooghly', 'SYSTEM', '2018-05-02 00:00:00', 'SYSTEM', '2018-05-02 00:00:00'),
(7, 7, 'GOBRAPOTA SKUS', 'PACS', 'Nadia', 'SYSTEM', '2018-05-02 00:00:00', 'SYSTEM', '2018-05-02 00:00:00'),
(8, 8, 'DRMS LAMP', 'LAMPS', 'Bankura', 'SYSTEM', '2018-05-02 00:00:00', 'SYSTEM', '2018-05-02 00:00:00'),
(9, 9, 'SRIJA KAMALPUR SKUS', 'PACS', 'Hooghly', 'SYSTEM', '2018-05-02 00:00:00', 'SYSTEM', '2018-05-02 00:00:00'),
(10, 10, 'BALURGHAT BHATPARA', 'PACS', 'South Dinajpur (Dakshin Dinajpur)', 'SYSTEM', '2018-05-02 00:00:00', 'SYSTEM', '2018-05-02 00:00:00'),
(11, 11, 'PASCHIM GOPINATHPUR SKUS', 'PACS', 'Hooghly', 'SYSTEM', '2018-05-02 00:00:00', 'SYSTEM', '2018-05-02 00:00:00'),
(12, 12, 'SATGACHIA SKUS', 'PACS', 'Bardhaman', 'SYSTEM', '2018-05-02 00:00:00', 'SYSTEM', '2018-05-02 00:00:00'),
(13, 13, 'RATULIA', 'PACS', 'East Midnapore (Purba Medinipur)', 'SYSTEM', '2018-05-02 00:00:00', 'SYSTEM', '2018-05-02 00:00:00'),
(14, 14, 'JAGULIA SKUS', 'PACS', 'Hooghly', 'SYSTEM', '2018-05-02 00:00:00', 'SYSTEM', '2018-05-02 00:00:00'),
(15, 15, 'BAGGAON', 'PACS', 'North Dinajpur (Uttar Dinajpur)', 'SYSTEM', '2018-05-02 00:00:00', 'SYSTEM', '2018-05-02 00:00:00'),
(16, 16, 'HINGALGANJ SKUS', 'PACS', 'North 24 Parganas (Uttar 24 Parganas)', 'SYSTEM', '2018-05-02 00:00:00', 'SYSTEM', '2018-05-02 00:00:00'),
(17, 17, 'RAMNAGAR SKUS', 'PACS', 'Hooghly', 'SYSTEM', '2018-05-02 00:00:00', 'SYSTEM', '2018-05-02 00:00:00'),
(18, 18, 'JAMITYA SKUS', 'PACS', 'East Midnapore (Purba Medinipur)', 'SYSTEM', '2018-05-02 00:00:00', 'SYSTEM', '2018-05-02 00:00:00'),
(19, 19, 'SUTAHATA MARKETING', 'MARKETTING SOC', 'North 24 Parganas (Uttar 24 Parganas)', 'SYSTEM', '2018-05-02 00:00:00', 'SYSTEM', '2018-05-02 00:00:00'),
(20, 20, 'SHYAMAPRASANA(SAKRIL)', 'PACS', 'Howrah', 'SYSTEM', '2018-05-02 00:00:00', 'SYSTEM', '2018-05-02 00:00:00'),
(21, 21, 'CHARIANANTAPUR SKUS', 'PACS', 'Malda', 'SYSTEM', '2018-05-02 00:00:00', 'SYSTEM', '2018-05-02 00:00:00'),
(22, 22, 'NAFARGUNJ SKUS HO (CBS)', 'PACS', 'South 24 Parganas (Dakshin 24 Parganas)', 'SYSTEM', '2018-05-02 00:00:00', 'SYSTEM', '2018-05-02 00:00:00'),
(23, 23, 'POLBA SKUS', 'PACS', 'Hooghly', 'SYSTEM', '2018-05-02 00:00:00', 'SYSTEM', '2018-05-02 00:00:00'),
(24, 24, 'ALIPUR DUAR MADHYANARARTHALI', 'PACS', 'Alipurduar', 'SYSTEM', '2018-05-02 00:00:00', 'SYSTEM', '2018-05-02 00:00:00'),
(25, 25, 'MOBARAKPUR SKUS', 'PACS', 'Bardhaman', 'SYSTEM', '2018-05-02 00:00:00', 'SYSTEM', '2018-05-02 00:00:00'),
(26, 26, 'PURATAN SARBERIA SKUS', 'PACS', 'North 24 Parganas (Uttar 24 Parganas)', 'SYSTEM', '2018-05-02 00:00:00', 'SYSTEM', '2018-05-02 00:00:00'),
(27, 27, 'GOBINDOPUR SKUS', 'PACS', 'North 24 Parganas (Uttar 24 Parganas)', 'SYSTEM', '2018-05-02 00:00:00', 'SYSTEM', '2018-05-02 00:00:00'),
(28, 28, 'SRIDHARPUR CO BARDHAMAN BR', 'PACS', 'Bardhaman', 'SYSTEM', '2018-05-02 00:00:00', 'SYSTEM', '2018-05-02 00:00:00'),
(29, 29, 'BARISHA SKUS', 'PACS', 'West Midnapore (Paschim Medinipur)', 'SYSTEM', '2018-05-02 00:00:00', 'SYSTEM', '2018-05-02 00:00:00'),
(30, 30, 'DAYPARA SKUS', 'PACS', 'Hooghly', 'SYSTEM', '2018-05-02 00:00:00', 'SYSTEM', '2018-05-02 00:00:00'),
(31, 31, 'KULJORA SKUS', 'PACS', 'Bardhaman', 'SYSTEM', '2018-05-02 00:00:00', 'SYSTEM', '2018-05-02 00:00:00'),
(32, 32, 'NIMTOURI SKUS', 'PACS', 'East Midnapore (Purba Medinipur)', 'SYSTEM', '2018-05-02 00:00:00', 'SYSTEM', '2018-05-02 00:00:00'),
(33, 33, 'PANCHAGRAM', 'PACS', 'South Dinajpur (Dakshin Dinajpur)', 'SYSTEM', '2018-05-02 00:00:00', 'SYSTEM', '2018-05-02 00:00:00'),
(34, 34, 'BANSBERA GPSKUS', 'PACS', 'Purulia', 'SYSTEM', '2018-05-02 00:00:00', 'SYSTEM', '2018-05-02 00:00:00'),
(35, 35, 'nafargunj skus ho', 'PACS', 'South 24 Parganas (Dakshin 24 Parganas)', 'SYSTEM', '2018-05-02 00:00:00', 'SYSTEM', '2018-05-02 00:00:00'),
(36, 36, 'HARINARAYANPUR SKUS', 'PACS', 'Howrah', 'SYSTEM', '2018-05-02 00:00:00', 'SYSTEM', '2018-05-02 00:00:00'),
(37, 37, 'KHARUI SKUS', 'PACS', 'East Midnapore (Purba Medinipur)', 'SYSTEM', '2018-05-02 00:00:00', 'SYSTEM', '2018-05-02 00:00:00'),
(38, 38, 'PACHARUL SKUS', 'PACS', 'Howrah', 'SYSTEM', '2018-05-02 00:00:00', 'SYSTEM', '2018-05-02 00:00:00'),
(39, 39, 'DAWAGURI SKUS', 'PACS', 'Cooch Behar', 'SYSTEM', '2018-05-02 00:00:00', 'SYSTEM', '2018-05-02 00:00:00'),
(40, 40, 'KARICHAUKLY', 'PACS', 'Hooghly', 'SYSTEM', '2018-05-02 00:00:00', 'SYSTEM', '2018-05-02 00:00:00'),
(41, 41, 'BAINCHI CADP HO', 'PACS', 'Hooghly', 'SYSTEM', '2018-05-02 00:00:00', 'SYSTEM', '2018-05-02 00:00:00'),
(42, 42, 'DRMS LAMP', 'LAMPS', 'Bankura', 'SYSTEM', '2018-05-02 00:00:00', 'SYSTEM', '2018-05-02 00:00:00'),
(43, 43, 'BAINCHI CADP BR', 'PACS', 'Hooghly', 'SYSTEM', '2018-05-02 00:00:00', 'SYSTEM', '2018-05-02 00:00:00'),
(44, 44, 'BIDYANANDAPUR SKUS', 'PACS', 'North Dinajpur (Uttar Dinajpur)', 'SYSTEM', '2018-05-02 00:00:00', 'SYSTEM', '2018-05-02 00:00:00'),
(45, 45, 'DESHBANDHU SEBA', 'PACS', 'Howrah', 'SYSTEM', '2018-05-02 00:00:00', 'SYSTEM', '2018-05-02 00:00:00'),
(46, 46, 'PASCHIM GOPINATHPUR', 'PACS', 'Hooghly', 'SYSTEM', '2018-05-02 00:00:00', 'SYSTEM', '2018-05-02 00:00:00'),
(47, 47, 'BAGDA LS CO', 'PACS', 'North 24 Parganas (Uttar 24 Parganas)', 'SYSTEM', '2018-05-02 00:00:00', 'SYSTEM', '2018-05-02 00:00:00'),
(48, 48, 'PANICHARA SKUS', 'PACS', 'West Midnapore (Paschim Medinipur)', 'SYSTEM', '2018-05-02 00:00:00', 'SYSTEM', '2018-05-02 00:00:00'),
(49, 49, 'TAKAPURA SKUS', 'PACS', 'East Midnapore (Purba Medinipur)', 'SYSTEM', '2018-05-02 00:00:00', 'SYSTEM', '2018-05-02 00:00:00'),
(50, 50, 'DAKSHINBARASAT', 'PACS', 'South 24 Parganas (Dakshin 24 Parganas)', 'SYSTEM', '2018-05-02 00:00:00', 'SYSTEM', '2018-05-02 00:00:00'),
(51, 51, 'ARUI', 'PACS', 'Bardhaman', 'SYSTEM', '2018-05-02 00:00:00', 'SYSTEM', '2018-05-02 00:00:00'),
(52, 52, 'SULTANPUR OLIPUR SKUS', 'PACS', 'Hooghly', 'SYSTEM', '2018-05-02 00:00:00', 'SYSTEM', '2018-05-02 00:00:00'),
(53, 53, 'haripur skus (CBS)', 'PACS', 'North 24 Parganas (Uttar 24 Parganas)', 'SYSTEM', '2018-05-02 00:00:00', 'SYSTEM', '2018-05-02 00:00:00'),
(54, 54, 'KRISHNANAGAR PURBAPARA SKUS', 'PACS', 'East Midnapore (Purba Medinipur)', 'SYSTEM', '2018-05-02 00:00:00', 'SYSTEM', '2018-05-02 00:00:00'),
(55, 55, 'PALARA SKUS', 'PACS', 'Hooghly', 'SYSTEM', '2018-05-02 00:00:00', 'SYSTEM', '2018-05-02 00:00:00'),
(56, 56, 'BEDIBHABAN JANOKLYA CO', 'CCS', 'Nadia', 'SYSTEM', '2018-05-02 00:00:00', 'SYSTEM', '2018-05-02 00:00:00'),
(57, 57, 'BARUTTARHINGLY SKUS', 'PACS', 'East Midnapore (Purba Medinipur)', 'SYSTEM', '2018-05-02 00:00:00', 'SYSTEM', '2018-05-02 00:00:00'),
(58, 58, 'PUNCHA SKUS', 'PACS', 'Bankura', 'SYSTEM', '2018-05-02 00:00:00', 'SYSTEM', '2018-05-02 00:00:00'),
(59, 59, 'BARANDULIA SKUS', 'PACS', 'Nadia', 'SYSTEM', '2018-05-02 00:00:00', 'SYSTEM', '2018-05-02 00:00:00'),
(60, 60, 'RAMKRISHNAPUR', 'PACS', 'South Dinajpur (Dakshin Dinajpur)', 'SYSTEM', '2018-05-02 00:00:00', 'SYSTEM', '2018-05-02 00:00:00'),
(61, 61, 'BABYATTARHAT', 'PACS', 'East Midnapore (Purba Medinipur)', 'SYSTEM', '2018-05-02 00:00:00', 'SYSTEM', '2018-05-02 00:00:00'),
(62, 62, 'BAKCHARA', 'PACS', 'North 24 Parganas (Uttar 24 Parganas)', 'SYSTEM', '2018-05-02 00:00:00', 'SYSTEM', '2018-05-02 00:00:00'),
(63, 63, 'RADHANAGAR SKUS', 'PACS', 'South Dinajpur (Dakshin Dinajpur)', 'SYSTEM', '2018-05-02 00:00:00', 'SYSTEM', '2018-05-02 00:00:00'),
(64, 64, 'KAIKALA ICHAPUR SKUS', 'PACS', '', 'SYSTEM', '2018-05-02 00:00:00', 'SYSTEM', '2018-05-02 00:00:00'),
(65, 65, 'MURARISA D K PARA', 'PACS', 'North 24 Parganas (Uttar 24 Parganas)', 'SYSTEM', '2018-05-02 00:00:00', 'SYSTEM', '2018-05-02 00:00:00'),
(66, 66, 'DEULIA SKUS', 'PACS', 'East Midnapore (Purba Medinipur)', 'SYSTEM', '2018-05-02 00:00:00', 'SYSTEM', '2018-05-02 00:00:00'),
(67, 67, 'LAYER SKUS', 'PACS', 'Bankura', 'SYSTEM', '2018-05-02 00:00:00', 'SYSTEM', '2018-05-02 00:00:00'),
(68, 68, 'RAMNAGAR BACHRA SKUS', 'PACS', 'Murshidabad', 'SYSTEM', '2018-05-02 00:00:00', 'SYSTEM', '2018-05-02 00:00:00'),
(69, 69, 'AMADPUR UCACS', 'PACS', 'Bardhaman', 'SYSTEM', '2018-05-02 00:00:00', 'SYSTEM', '2018-05-02 00:00:00'),
(70, 70, 'CHINARMORE SKUS', 'PACS', '', 'SYSTEM', '2018-05-02 00:00:00', 'SYSTEM', '2018-05-02 00:00:00'),
(71, 71, 'GURIARPAR SKUS', 'PACS', 'Cooch Behar', 'SYSTEM', '2018-05-02 00:00:00', 'SYSTEM', '2018-05-02 00:00:00'),
(72, 72, 'PASCHIM GOPINATHPUR SKUS', 'PACS', 'Hooghly', 'SYSTEM', '2018-05-02 00:00:00', 'SYSTEM', '2018-05-02 00:00:00'),
(73, 73, 'CHARIALKRISHNAPUR SKUS', 'PACS', 'South Dinajpur (Dakshin Dinajpur)', 'SYSTEM', '2018-05-02 00:00:00', 'SYSTEM', '2018-05-02 00:00:00'),
(74, 74, 'AJAPUR SKUS', 'PACS', 'Bardhaman', 'SYSTEM', '2018-05-02 00:00:00', 'SYSTEM', '2018-05-02 00:00:00'),
(75, 75, 'BAINCHI CADP HO', 'PACS', 'Hooghly', 'SYSTEM', '2018-05-02 00:00:00', 'SYSTEM', '2018-05-02 00:00:00'),
(76, 76, 'CHAMTA MADHABPUR SKUS', 'PACS', 'Bankura', 'SYSTEM', '2018-05-02 00:00:00', 'SYSTEM', '2018-05-02 00:00:00'),
(77, 77, 'HOWRAH ARDB', 'ARDB', 'Howrah', 'SYSTEM', '2018-05-02 00:00:00', 'SYSTEM', '2018-05-02 00:00:00'),
(78, 78, 'PURULIA GUNJA SKUS HO', 'PACS', 'Purulia', 'SYSTEM', '2018-05-02 00:00:00', 'SYSTEM', '2018-05-02 00:00:00'),
(79, 79, 'MADHYANARARTHALI SKUS', 'PACS', 'Alipurduar', 'SYSTEM', '2018-05-02 00:00:00', 'SYSTEM', '2018-05-02 00:00:00'),
(80, 80, 'SHIULI SKUS', 'PACS', 'West Midnapore (Paschim Medinipur)', 'SYSTEM', '2018-05-02 00:00:00', 'SYSTEM', '2018-05-02 00:00:00'),
(81, 81, 'GUSKARA SKUS', 'PACS', 'Hooghly', 'SYSTEM', '2018-05-02 00:00:00', 'SYSTEM', '2018-05-02 00:00:00'),
(82, 82, 'madhapur skus', 'PACS', 'Murshidabad', 'SYSTEM', '2018-05-02 00:00:00', 'SYSTEM', '2018-05-02 00:00:00'),
(83, 83, 'sabuj gurerbajar skus', 'PACS', 'Howrah', 'SYSTEM', '2018-05-02 00:00:00', 'SYSTEM', '2018-05-02 00:00:00'),
(84, 84, 'DANTANPUYAN SKUS', 'PACS', 'West Midnapore (Paschim Medinipur)', 'SYSTEM', '2018-05-02 00:00:00', 'SYSTEM', '2018-05-02 00:00:00'),
(85, 85, 'BALKI', 'PACS', 'North 24 Parganas (Uttar 24 Parganas)', 'SYSTEM', '2018-05-02 00:00:00', 'SYSTEM', '2018-05-02 00:00:00'),
(86, 86, 'JAGJIBONPUR', 'PACS', 'Malda', 'SYSTEM', '2018-05-02 00:00:00', 'SYSTEM', '2018-05-02 00:00:00'),
(87, 87, 'SOLADANGA SKUS', 'PACS', 'Malda', 'SYSTEM', '2018-05-02 00:00:00', 'SYSTEM', '2018-05-02 00:00:00'),
(88, 88, 'BHAWANIPUR', 'PACS', 'Hooghly', 'SYSTEM', '2018-05-02 00:00:00', 'SYSTEM', '2018-05-02 00:00:00'),
(89, 89, 'SUBARNABIHAR SKUS', 'PACS', 'Nadia', 'SYSTEM', '2018-05-02 00:00:00', 'SYSTEM', '2018-05-02 00:00:00'),
(90, 90, 'MOSTAFAPUR SKUS', 'PACS', 'South Dinajpur (Dakshin Dinajpur)', 'SYSTEM', '2018-05-02 00:00:00', 'SYSTEM', '2018-05-02 00:00:00'),
(91, 91, 'AJIJNAGAR SKUS', 'PACS', '', 'SYSTEM', '2018-05-02 00:00:00', 'SYSTEM', '2018-05-02 00:00:00'),
(92, 92, 'SALASH SKUS', 'PACS', 'South Dinajpur (Dakshin Dinajpur)', 'SYSTEM', '2018-05-02 00:00:00', 'SYSTEM', '2018-05-02 00:00:00'),
(93, 93, 'DURGAPUR UTTARANCHAL SKUS', 'PACS', 'Bardhaman', 'SYSTEM', '2018-05-02 00:00:00', 'SYSTEM', '2018-05-02 00:00:00'),
(94, 94, 'SULTANPUR OLIPUR SKUS', 'PACS', 'Hooghly', 'SYSTEM', '2018-05-02 00:00:00', 'SYSTEM', '2018-05-02 00:00:00'),
(95, 95, 'BALURGHAT JAGONNATHBATI SKUS', 'PACS', 'South Dinajpur (Dakshin Dinajpur)', 'SYSTEM', '2018-05-02 00:00:00', 'SYSTEM', '2018-05-02 00:00:00'),
(96, 96, 'KARICHAUGLY', 'PACS', 'Hooghly', 'SYSTEM', '2018-05-02 00:00:00', 'SYSTEM', '2018-05-02 00:00:00'),
(97, 97, 'JALSERIA SKUS', 'PACS', 'North 24 Parganas (Uttar 24 Parganas)', 'SYSTEM', '2018-05-02 00:00:00', 'SYSTEM', '2018-05-02 00:00:00'),
(98, 98, 'KANAIPUR CO', 'PACS', 'Hooghly', 'SYSTEM', '2018-05-02 00:00:00', 'SYSTEM', '2018-05-02 00:00:00'),
(99, 99, 'JIABANDI SKUS', 'PACS', 'Bankura', 'SYSTEM', '2018-05-02 00:00:00', 'SYSTEM', '2018-05-02 00:00:00'),
(100, 100, 'DUTTAPUR HO', 'PACS', '', 'SYSTEM', '2018-05-02 00:00:00', 'SYSTEM', '2018-05-02 00:00:00'),
(101, 101, 'BIJOLKANA', 'PACS', '', 'SYSTEM', '2018-05-02 00:00:00', 'SYSTEM', '2018-05-02 00:00:00'),
(102, 102, 'UDAYNARAYANPUR AMTA CO', 'CCS', 'Howrah', 'SYSTEM', '2018-05-02 00:00:00', 'SYSTEM', '2018-05-02 00:00:00'),
(103, 103, 'DAKSINDINAJPUR UDAY SKUS', 'PACS', 'North Dinajpur (Uttar Dinajpur)', 'SYSTEM', '2018-05-02 00:00:00', 'SYSTEM', '2018-05-02 00:00:00'),
(104, 104, 'MARULSHIBCHAK', 'PACS', 'Hooghly', 'SYSTEM', '2018-05-02 00:00:00', 'SYSTEM', '2018-05-02 00:00:00'),
(105, 105, 'NISCHINTOPUR SKUS', 'PACS', 'Bardhaman', 'SYSTEM', '2018-05-02 00:00:00', 'SYSTEM', '2018-05-02 00:00:00'),
(106, 106, 'DEBIPUR', 'PACS', 'Bardhaman', 'SYSTEM', '2018-05-02 00:00:00', 'SYSTEM', '2018-05-02 00:00:00'),
(107, 107, 'JAGATBALLAVPUR SKUS SANHATI BR', 'PACS', 'Howrah', 'SYSTEM', '2018-05-02 00:00:00', 'SYSTEM', '2018-05-02 00:00:00'),
(108, 108, 'MARUGUNJ SKUS', 'PACS', 'Cooch Behar', 'SYSTEM', '2018-05-02 00:00:00', 'SYSTEM', '2018-05-02 00:00:00'),
(109, 109, 'SANTIPUR HO', 'PACS', 'East Midnapore (Purba Medinipur)', 'SYSTEM', '2018-05-02 00:00:00', 'SYSTEM', '2018-05-02 00:00:00'),
(110, 110, 'PASCHIM TALIBPUR SKUS', 'PACS', 'Murshidabad', 'SYSTEM', '2018-05-02 00:00:00', 'SYSTEM', '2018-05-02 00:00:00'),
(111, 111, 'FARIDPUR SKUS', 'PACS', 'South Dinajpur (Dakshin Dinajpur)', 'SYSTEM', '2018-05-02 00:00:00', 'SYSTEM', '2018-05-02 00:00:00'),
(112, 112, 'HURINAN SKUS', 'PACS', 'East Midnapore (Purba Medinipur)', 'SYSTEM', '2018-05-02 00:00:00', 'SYSTEM', '2018-05-02 00:00:00'),
(113, 113, 'SRITIBINDA SKUS', 'PACS', 'West Midnapore (Paschim Medinipur)', 'SYSTEM', '2018-05-02 00:00:00', 'SYSTEM', '2018-05-02 00:00:00'),
(114, 114, 'SIMULIA SKUS', 'PACS', '', 'SYSTEM', '2018-05-02 00:00:00', 'SYSTEM', '2018-05-02 00:00:00'),
(115, 115, 'SRIDHARPUR HO', 'PACS', 'Bardhaman', 'SYSTEM', '2018-05-02 00:00:00', 'SYSTEM', '2018-05-02 00:00:00'),
(116, 116, 'BANGERIA SKUS', 'PACS', 'Nadia', 'SYSTEM', '2018-05-02 00:00:00', 'SYSTEM', '2018-05-02 00:00:00'),
(117, 117, 'RANAGRAM SKUS', 'PACS', 'Murshidabad', 'SYSTEM', '2018-05-02 00:00:00', 'SYSTEM', '2018-05-02 00:00:00'),
(118, 118, 'JAGATBALLAVPUR BAKUL BR', 'PACS', 'Howrah', 'SYSTEM', '2018-05-02 00:00:00', 'SYSTEM', '2018-05-02 00:00:00'),
(119, 119, 'DAISAI SKUS', 'PACS', 'East Midnapore (Purba Medinipur)', 'SYSTEM', '2018-05-02 00:00:00', 'SYSTEM', '2018-05-02 00:00:00'),
(120, 120, 'PURBA SINDRANI', 'PACS', 'North 24 Parganas (Uttar 24 Parganas)', 'SYSTEM', '2018-05-02 00:00:00', 'SYSTEM', '2018-05-02 00:00:00'),
(121, 121, 'NANDAKURIA SKUS', 'PACS', 'West Midnapore (Paschim Medinipur)', 'SYSTEM', '2018-05-02 00:00:00', 'SYSTEM', '2018-05-02 00:00:00'),
(122, 122, 'HASANPUR KAJIPARA SKUS', 'PACS', 'Murshidabad', 'SYSTEM', '2018-05-02 00:00:00', 'SYSTEM', '2018-05-02 00:00:00'),
(123, 123, 'SUBARNABIHAR SKUS NRISINGHOPUR BR', 'PACS', 'Nadia', 'SYSTEM', '2018-05-02 00:00:00', 'SYSTEM', '2018-05-02 00:00:00'),
(124, 124, 'SRIDHARPUR MADHYAMGRAM BR', 'PACS', 'Bardhaman', 'SYSTEM', '2018-05-02 00:00:00', 'SYSTEM', '2018-05-02 00:00:00'),
(125, 125, 'AYESHBAG SKUS', 'PACS', 'Murshidabad', 'SYSTEM', '2018-05-02 00:00:00', 'SYSTEM', '2018-05-02 00:00:00'),
(126, 126, 'RAJARHAJ SKUS', 'PACS', 'Cooch Behar', 'SYSTEM', '2018-05-02 00:00:00', 'SYSTEM', '2018-05-02 00:00:00'),
(127, 127, 'DUTTAPUR SKUS ADAMGACHI BR', 'PACS', 'Hooghly', 'SYSTEM', '2018-05-02 00:00:00', 'SYSTEM', '2018-05-02 00:00:00'),
(128, 128, 'pransagar skus', 'PACS', 'South Dinajpur (Dakshin Dinajpur)', 'SYSTEM', '2018-05-02 00:00:00', 'SYSTEM', '2018-05-02 00:00:00'),
(129, 129, 'BIJALKANA SKUS', 'PACS', 'Hooghly', 'SYSTEM', '2018-05-02 00:00:00', 'SYSTEM', '2018-05-02 00:00:00'),
(130, 130, 'MOROLSHIBCHAK SKUS', 'PACS', 'Hooghly', 'SYSTEM', '2018-05-02 00:00:00', 'SYSTEM', '2018-05-02 00:00:00'),
(131, 131, 'TARIA SKUS', 'PACS', 'West Midnapore (Paschim Medinipur)', 'SYSTEM', '2018-05-02 00:00:00', 'SYSTEM', '2018-05-02 00:00:00'),
(132, 132, 'DAHARBUINCHA SKUS', 'PACS', 'Nadia', 'SYSTEM', '2018-05-02 00:00:00', 'SYSTEM', '2018-05-02 00:00:00'),
(133, 133, 'NONAKURI SKUS', 'CCS', 'East Midnapore (Purba Medinipur)', 'SYSTEM', '2018-05-02 00:00:00', 'SYSTEM', '2018-05-02 00:00:00'),
(134, 134, 'KIARANA', 'PACS', 'East Midnapore (Purba Medinipur)', 'SYSTEM', '2018-05-02 00:00:00', 'SYSTEM', '2018-05-02 00:00:00'),
(135, 135, 'MADPUR SKUS', 'PACS', 'West Midnapore (Paschim Medinipur)', 'SYSTEM', '2018-05-02 00:00:00', 'SYSTEM', '2018-05-02 00:00:00'),
(136, 136, 'TAGDA LING LING', 'PACS', 'Darjeeling', 'SYSTEM', '2018-05-02 00:00:00', 'SYSTEM', '2018-05-02 00:00:00'),
(137, 137, 'SARENDA SKUS', 'PACS', 'Hooghly', 'SYSTEM', '2018-05-02 00:00:00', 'SYSTEM', '2018-05-02 00:00:00'),
(138, 138, 'KASIARAPALLI SKUS', 'PACS', 'Bardhaman', 'SYSTEM', '2018-05-02 00:00:00', 'SYSTEM', '2018-05-02 00:00:00'),
(139, 139, 'PANCHAGRAM SKUS', 'PACS', 'South Dinajpur (Dakshin Dinajpur)', 'SYSTEM', '2018-05-02 00:00:00', 'SYSTEM', '2018-05-02 00:00:00'),
(140, 140, 'PIPRAGACHI SKUS', 'PACS', 'Nadia', 'SYSTEM', '2018-05-02 00:00:00', 'SYSTEM', '2018-05-02 00:00:00'),
(141, 141, 'BURAPAT SKUS', 'PACS', 'West Midnapore (Paschim Medinipur)', 'SYSTEM', '2018-05-02 00:00:00', 'SYSTEM', '2018-05-02 00:00:00'),
(142, 142, 'DAHARBUNCHA SKUS', 'PACS', 'Nadia', 'SYSTEM', '2018-05-02 00:00:00', 'SYSTEM', '2018-05-02 00:00:00'),
(143, 143, 'SABUJ GURERBAJAR SKUS', 'PACS', 'Nadia', 'SYSTEM', '2018-05-02 00:00:00', 'SYSTEM', '2018-05-02 00:00:00'),
(144, 144, 'KHAGRABARI SKUS', 'PACS', 'Cooch Behar', 'SYSTEM', '2018-05-02 00:00:00', 'SYSTEM', '2018-05-02 00:00:00'),
(145, 145, 'RAJNAGAR SKUS', 'PACS', 'South 24 Parganas (Dakshin 24 Parganas)', 'SYSTEM', '2018-05-02 00:00:00', 'SYSTEM', '2018-05-02 00:00:00'),
(146, 146, 'VIVEKANANDA SEBA', 'PACS', 'Hooghly', 'SYSTEM', '2018-05-02 00:00:00', 'SYSTEM', '2018-05-02 00:00:00'),
(147, 147, 'SITALIA SKUS', 'PACS', '', 'SYSTEM', '2018-05-02 00:00:00', 'SYSTEM', '2018-05-02 00:00:00'),
(148, 148, 'TENTULMURI SKUS', 'PACS', 'West Midnapore (Paschim Medinipur)', 'SYSTEM', '2018-05-02 00:00:00', 'SYSTEM', '2018-05-02 00:00:00'),
(149, 149, 'TARAKNAGAR SKUS', 'PACS', 'Nadia', 'SYSTEM', '2018-05-02 00:00:00', 'SYSTEM', '2018-05-02 00:00:00'),
(150, 150, 'Gour mahila ccs', 'CCS', 'Malda', 'SYSTEM', '2018-05-02 00:00:00', 'SYSTEM', '2018-05-02 00:00:00'),
(151, 151, 'KULGACHI', 'PACS', 'Nadia', 'SYSTEM', '2018-05-02 00:00:00', 'SYSTEM', '2018-05-02 00:00:00'),
(152, 152, 'Laskarpur skus', 'PACS', 'Malda', 'SYSTEM', '2018-05-02 00:00:00', 'SYSTEM', '2018-05-02 00:00:00'),
(153, 153, 'Kashmoli SKUS Ltd.', 'PACS', 'Howrah', 'SYSTEM', '2018-05-02 00:00:00', 'SYSTEM', '2018-05-02 00:00:00'),
(154, 154, 'MAHADEBPUR SKUS', 'PACS', 'Malda', 'SYSTEM', '2018-05-02 00:00:00', 'SYSTEM', '2018-05-02 00:00:00'),
(155, 155, 'SAYAMBATI SKUS', 'PACS', 'Hooghly', 'SYSTEM', '2018-05-02 00:00:00', 'SYSTEM', '2018-05-02 00:00:00'),
(156, 156, 'NARICHA SKUS', 'PACS', 'Bankura', 'SYSTEM', '2018-05-02 00:00:00', 'SYSTEM', '2018-05-02 00:00:00'),
(157, 157, 'PRAKASH SKUS', 'PACS', 'Bankura', 'SYSTEM', '2018-05-02 00:00:00', 'SYSTEM', '2018-05-02 00:00:00'),
(158, 158, 'KAOGACHI SKUS', 'PACS', 'North 24 Parganas (Uttar 24 Parganas)', 'SYSTEM', '2018-05-02 00:00:00', 'SYSTEM', '2018-05-02 00:00:00'),
(159, 159, 'FARIDPUR SKUS', 'PACS', 'South Dinajpur (Dakshin Dinajpur)', 'SYSTEM', '2018-05-02 00:00:00', 'SYSTEM', '2018-05-02 00:00:00'),
(160, 160, 'KULGACHI', 'PACS', 'Nadia', 'SYSTEM', '2018-05-02 00:00:00', 'SYSTEM', '2018-05-02 00:00:00'),
(161, 161, 'BALLUK SKUS', 'PACS', 'East Midnapore (Purba Medinipur)', 'SYSTEM', '2018-05-02 00:00:00', 'SYSTEM', '2018-05-02 00:00:00'),
(162, 162, 'PINGLA SKUS', 'PACS', 'West Midnapore (Paschim Medinipur)', 'SYSTEM', '2018-05-02 00:00:00', 'SYSTEM', '2018-05-02 00:00:00'),
(163, 163, 'BALIYA', 'PACS', 'Bardhaman', 'SYSTEM', '2018-05-02 00:00:00', 'SYSTEM', '2018-05-02 00:00:00'),
(164, 164, 'BALKI', 'PACS', 'North 24 Parganas (Uttar 24 Parganas)', 'SYSTEM', '2018-05-02 00:00:00', 'SYSTEM', '2018-05-02 00:00:00'),
(165, 165, 'DEBIPUR UCACS', 'PACS', 'Bardhaman', 'SYSTEM', '2018-05-02 00:00:00', 'SYSTEM', '2018-05-02 00:00:00'),
(166, 166, 'daisai', 'PACS', '', 'SYSTEM', '2018-05-02 00:00:00', 'SYSTEM', '2018-05-02 00:00:00'),
(167, 167, 'BHAGABANPUR SKUS', 'PACS', 'North Dinajpur (Uttar Dinajpur)', 'SYSTEM', '2018-05-02 00:00:00', 'SYSTEM', '2018-05-02 00:00:00'),
(168, 168, 'BHANUKUMARY SKUS', 'PACS', 'Cooch Behar', 'SYSTEM', '2018-05-02 00:00:00', 'SYSTEM', '2018-05-02 00:00:00'),
(169, 169, 'JAGANATHBATI SKUS', 'PACS', 'South Dinajpur (Dakshin Dinajpur)', 'SYSTEM', '2018-05-02 00:00:00', 'SYSTEM', '2018-05-02 00:00:00'),
(170, 170, 'SYAMBATI SKUS', 'PACS', 'Hooghly', 'SYSTEM', '2018-05-02 00:00:00', 'SYSTEM', '2018-05-02 00:00:00'),
(171, 171, 'JAMALDAH SKUS', 'PACS', 'Cooch Behar', 'SYSTEM', '2018-05-02 00:00:00', 'SYSTEM', '2018-05-02 00:00:00'),
(172, 172, 'SHIBNAGAR JAHIRA SKUS', 'PACS', 'Hooghly', 'SYSTEM', '2018-05-02 00:00:00', 'SYSTEM', '2018-05-02 00:00:00'),
(173, 173, 'KULGACHI', 'PACS', 'Hooghly', 'SYSTEM', '2018-05-02 00:00:00', 'SYSTEM', '2018-05-02 00:00:00'),
(174, 174, 'BAROANDULI SKUS', 'PACS', 'Nadia', 'SYSTEM', '2018-05-02 00:00:00', 'SYSTEM', '2018-05-02 00:00:00'),
(175, 175, 'CHAITAL SKUS', 'PACS', 'South 24 Parganas (Dakshin 24 Parganas)', 'SYSTEM', '2018-05-02 00:00:00', 'SYSTEM', '2018-05-02 00:00:00'),
(176, 176, 'CHOUHATTA SKUS', 'PACS', 'Birbhum', 'SYSTEM', '2018-05-02 00:00:00', 'SYSTEM', '2018-05-02 00:00:00'),
(177, 177, 'KANKSA LAMPS', 'PACS', 'Bardhaman', 'SYSTEM', '2018-05-02 00:00:00', 'SYSTEM', '2018-05-02 00:00:00'),
(178, 178, 'CHOTOKHENLA SKUS', 'PACS', 'West Midnapore (Paschim Medinipur)', 'SYSTEM', '2018-05-02 00:00:00', 'SYSTEM', '2018-05-02 00:00:00'),
(179, 179, 'PRAKASH SKUS', 'PACS', 'Bankura', 'SYSTEM', '2018-05-02 00:00:00', 'SYSTEM', '2018-05-02 00:00:00'),
(180, 180, 'KRISHNANAGAR PURBAPARA SKUS', 'PACS', 'East Midnapore (Purba Medinipur)', 'SYSTEM', '2018-05-02 00:00:00', 'SYSTEM', '2018-05-02 00:00:00'),
(181, 181, 'HARINUN SKUS', 'PACS', 'East Midnapore (Purba Medinipur)', 'SYSTEM', '2018-05-02 00:00:00', 'SYSTEM', '2018-05-02 00:00:00'),
(182, 182, 'Begpur SKUS Ltd.', 'PACS', 'Bardhaman', 'SYSTEM', '2018-05-02 00:00:00', 'SYSTEM', '2018-05-02 00:00:00'),
(183, 183, 'PURULIA BASBERA SKUS', 'PACS', 'Purulia', 'SYSTEM', '2018-05-02 00:00:00', 'SYSTEM', '2018-05-02 00:00:00'),
(184, 184, 'TAMLUK CADP', 'PACS', 'East Midnapore (Purba Medinipur)', 'SYSTEM', '2018-05-02 00:00:00', 'SYSTEM', '2018-05-02 00:00:00'),
(185, 185, 'DAKSHIN CHANDPUR SKUS', 'PACS', 'Malda', 'SYSTEM', '2018-05-02 00:00:00', 'SYSTEM', '2018-05-02 00:00:00'),
(186, 186, 'MUKUNDOPUR SKUS', 'PACS', 'Hooghly', 'SYSTEM', '2018-05-02 00:00:00', 'SYSTEM', '2018-05-02 00:00:00'),
(187, 187, 'JOGESHGUNJ SKUS', 'PACS', 'North 24 Parganas (Uttar 24 Parganas)', 'SYSTEM', '2018-05-02 00:00:00', 'SYSTEM', '2018-05-02 00:00:00'),
(188, 188, 'TALLIGURI SKUS', 'PACS', 'Cooch Behar', 'SYSTEM', '2018-05-02 00:00:00', 'SYSTEM', '2018-05-02 00:00:00'),
(189, 189, 'JAGATBALLAVPUR CHAKSAHADAT BR', 'PACS', 'Howrah', 'SYSTEM', '2018-05-02 00:00:00', 'SYSTEM', '2018-05-02 00:00:00'),
(190, 190, 'EKTIASAL SKUS', 'PACS', '', 'SYSTEM', '2018-05-02 00:00:00', 'SYSTEM', '2018-05-02 00:00:00'),
(191, 191, 'BTCB', 'PACS', '', 'SYSTEM', '2018-05-02 00:00:00', 'SYSTEM', '2018-05-02 00:00:00'),
(192, 192, 'Banihari SKUS Ltd.', 'PACS', '', 'SYSTEM', '2018-05-02 00:00:00', 'SYSTEM', '2018-05-02 00:00:00'),
(193, 193, 'DILKANTHI SKUS', 'PACS', '', 'SYSTEM', '2018-05-02 00:00:00', 'SYSTEM', '2018-05-02 00:00:00'),
(194, 194, 'BALURGHAT JAGONNATHBATI SKUS', 'PACS', '', 'SYSTEM', '2018-05-02 00:00:00', 'SYSTEM', '2018-05-02 00:00:00'),
(195, 195, 'NETURIA LAMPS', 'LAMPS', '', 'SYSTEM', '2018-05-02 00:00:00', 'SYSTEM', '2018-05-02 00:00:00'),
(196, 196, 'CHAUHATTA SKUS', 'PACS', '', 'SYSTEM', '2018-05-02 00:00:00', 'SYSTEM', '2018-05-02 00:00:00'),
(197, 197, 'GOKHURI SKUS', 'PACS', '', 'SYSTEM', '2018-05-02 00:00:00', 'SYSTEM', '2018-05-02 00:00:00'),
(198, 198, 'BAROGRAM SKUS', 'PACS', '', 'SYSTEM', '2018-05-02 00:00:00', 'SYSTEM', '2018-05-02 00:00:00'),
(199, 199, 'ASONDA KEMPUR SKUS', 'PACS', 'Howrah', 'SYSTEM', '2018-05-02 00:00:00', 'SYSTEM', '2018-05-02 00:00:00'),
(200, 200, 'KALIBARI SKUS', 'PACS', '', 'SYSTEM', '2018-05-02 00:00:00', 'SYSTEM', '2018-05-02 00:00:00'),
(201, 201, 'MAHESHKUCHI SKUS', 'PACS', 'Cooch Behar', 'SYSTEM', '2018-05-02 00:00:00', 'SYSTEM', '2018-05-02 00:00:00'),
(202, 202, 'SRIDHARPUR MEMARY BR', 'PACS', '', 'SYSTEM', '2018-05-02 00:00:00', 'SYSTEM', '2018-05-02 00:00:00'),
(203, 203, 'SRIDHARPUR MATISWAR BR', 'PACS', 'Bardhaman', 'SYSTEM', '2018-05-02 00:00:00', 'SYSTEM', '2018-05-02 00:00:00'),
(204, 204, 'SRIDHARPUR CO RADHAKANTA BR', 'PACS', '', 'SYSTEM', '2018-05-02 00:00:00', 'SYSTEM', '2018-05-02 00:00:00'),
(205, 205, 'PIYASARA SKUS', 'PACS', '', 'SYSTEM', '2018-05-02 00:00:00', 'SYSTEM', '2018-05-02 00:00:00'),
(206, 206, 'CHAKGOPALPUR SKUS', 'PACS', 'Purulia', 'SYSTEM', '2018-05-02 00:00:00', 'SYSTEM', '2018-05-02 00:00:00'),
(207, 207, 'BANSHBERA SKUS', 'PACS', 'Purulia', 'SYSTEM', '2018-05-02 00:00:00', 'SYSTEM', '2018-05-02 00:00:00'),
(208, 208, 'HURA LAMPS', 'LAMPS', 'Purulia', 'SYSTEM', '2018-05-02 00:00:00', 'SYSTEM', '2018-05-02 00:00:00'),
(209, 209, 'FALAKATA ARDB', 'ARDB', 'Alipurduar', 'SYSTEM', '2018-05-02 00:00:00', 'SYSTEM', '2018-05-02 00:00:00'),
(210, 210, 'NPARDB BONGAON', 'ARDB', 'North 24 Parganas (Uttar 24 Parganas)', 'SYSTEM', '2018-05-02 00:00:00', 'SYSTEM', '2018-05-02 00:00:00'),
(211, 211, 'ARAMBAG ARDB KHANAKUL BR', 'ARDB', 'Hooghly', 'SYSTEM', '2018-05-02 00:00:00', 'SYSTEM', '2018-05-02 00:00:00'),
(212, 212, 'HOWRAH ARDB', 'ARDB', 'Howrah', 'SYSTEM', '2018-05-02 00:00:00', 'SYSTEM', '2018-05-02 00:00:00'),
(213, 213, 'BANKURA ARDB', 'ARDB', 'Bankura', 'SYSTEM', '2018-05-02 00:00:00', 'SYSTEM', '2018-05-02 00:00:00'),
(214, 214, 'BANKURA ARDB KHAGRA BR', 'ARDB', '05.15PM', 'SYSTEM', '2018-05-02 00:00:00', 'SYSTEM', '2018-05-02 00:00:00'),
(215, 215, 'RAMPURHAT ARDB HO', 'ARDB', 'Bardhaman', 'SYSTEM', '2018-05-02 00:00:00', 'SYSTEM', '2018-05-02 00:00:00'),
(216, 216, 'raiganj ardb dalkhola branch', 'ARDB', 'North Dinajpur (Uttar Dinajpur)', 'SYSTEM', '2018-05-02 00:00:00', 'SYSTEM', '2018-05-02 00:00:00'),
(217, 217, 'HOWRAH ARDB UDAYNARAYANPUR BR', 'ARDB', 'Howrah', 'SYSTEM', '2018-05-02 00:00:00', 'SYSTEM', '2018-05-02 00:00:00'),
(218, 218, 'NPARDB', 'ARDB', 'North 24 Parganas (Uttar 24 Parganas)', 'SYSTEM', '2018-05-02 00:00:00', 'SYSTEM', '2018-05-02 00:00:00'),
(219, 219, 'CONTAI ARDB(HERIA)', 'ARDB', 'West Midnapore (Paschim Medinipur)', 'SYSTEM', '2018-05-02 00:00:00', 'SYSTEM', '2018-05-02 00:00:00'),
(220, 220, 'dakshin dinajpur ardb', 'ARDB', 'South Dinajpur (Dakshin Dinajpur)', 'SYSTEM', '2018-05-02 00:00:00', 'SYSTEM', '2018-05-02 00:00:00'),
(221, 221, 'RAMPURHAT ARDB NALHATI BR', 'ARDB', 'Birbhum', 'SYSTEM', '2018-05-02 00:00:00', 'SYSTEM', '2018-05-02 00:00:00'),
(222, 222, 'BANKURA ARDB BISHNUPUR BR', 'ARDB', 'Bankura', 'SYSTEM', '2018-05-02 00:00:00', 'SYSTEM', '2018-05-02 00:00:00'),
(223, 223, 'GHATAL ARDB HO', 'ARDB', 'West Midnapore (Paschim Medinipur)', 'SYSTEM', '2018-05-02 00:00:00', 'SYSTEM', '2018-05-02 00:00:00'),
(224, 224, 'NPARDB BASIRHAT BR', 'ARDB', 'North 24 Parganas (Uttar 24 Parganas)', 'SYSTEM', '2018-05-02 00:00:00', 'SYSTEM', '2018-05-02 00:00:00'),
(225, 225, 'KUTULPUR ARDB', 'ARDB', 'Bankura', 'SYSTEM', '2018-05-02 00:00:00', 'SYSTEM', '2018-05-02 00:00:00'),
(226, 226, 'DAKSINDINAJPUR ARDB', 'ARDB', 'South Dinajpur (Dakshin Dinajpur)', 'SYSTEM', '2018-05-02 00:00:00', 'SYSTEM', '2018-05-02 00:00:00'),
(227, 227, 'ARAMBAGH ARDB HO', 'ARDB', 'Hooghly', 'SYSTEM', '2018-05-02 00:00:00', 'SYSTEM', '2018-05-02 00:00:00'),
(228, 228, 'NPARDB COURT COMPLEX BR', 'ARDB', 'North 24 Parganas (Uttar 24 Parganas)', 'SYSTEM', '2018-05-02 00:00:00', 'SYSTEM', '2018-05-02 00:00:00'),
(229, 229, 'CONTAI ARDB RAMNAGAR BR', 'ARDB', 'East Midnapore (Purba Medinipur)', 'SYSTEM', '2018-05-02 00:00:00', 'SYSTEM', '2018-05-02 00:00:00'),
(230, 230, 'BIRBHUM ARDB', 'ARDB', 'Birbhum', 'SYSTEM', '2018-05-02 00:00:00', 'SYSTEM', '2018-05-02 00:00:00'),
(231, 231, 'RAIGUNJ ARDB', 'ARDB', 'North Dinajpur (Uttar Dinajpur)', 'SYSTEM', '2018-05-02 00:00:00', 'SYSTEM', '2018-05-02 00:00:00'),
(232, 232, 'RAMPURHAT MALLARPUR', 'ARDB', 'Birbhum', 'SYSTEM', '2018-05-02 00:00:00', 'SYSTEM', '2018-05-02 00:00:00'),
(233, 233, 'KATWA KALNA ARDB KALNA BR', 'ARDB', 'Bardhaman', 'SYSTEM', '2018-05-02 00:00:00', 'SYSTEM', '2018-05-02 00:00:00'),
(234, 234, 'KATWA KALNA ARDB KATWA BR', 'ARDB', 'Bardhaman', 'SYSTEM', '2018-05-02 00:00:00', 'SYSTEM', '2018-05-02 00:00:00'),
(235, 235, 'KATWA KALNA PARULIA BR', 'ARDB', 'Bankura', 'SYSTEM', '2018-05-02 00:00:00', 'SYSTEM', '2018-05-02 00:00:00'),
(236, 236, 'cotai ardb egra br', 'ARDB', 'East Midnapore (Purba Medinipur)', 'SYSTEM', '2018-05-02 00:00:00', 'SYSTEM', '2018-05-02 00:00:00'),
(237, 237, 'RAIGUNJ ARDB RAIGUNJ BR', 'ARDB', 'North Dinajpur (Uttar Dinajpur)', 'SYSTEM', '2018-05-02 00:00:00', 'SYSTEM', '2018-05-02 00:00:00'),
(238, 238, 'ALIPURDUAR ARDB KAMAKHAGURI', 'ARDB', 'Alipurduar', 'SYSTEM', '2018-05-02 00:00:00', 'SYSTEM', '2018-05-02 00:00:00'),
(239, 239, 'BARDHAMAN ARDB', 'ARDB', 'Bardhaman', 'SYSTEM', '2018-05-02 00:00:00', 'SYSTEM', '2018-05-02 00:00:00'),
(240, 240, 'KATWA KALNA ARDB KALNA BR', 'ARDB', 'Bardhaman', 'SYSTEM', '2018-05-02 00:00:00', 'SYSTEM', '2018-05-02 00:00:00'),
(241, 241, 'RAMPURHAT ARDB HO', 'ARDB', 'Birbhum', 'SYSTEM', '2018-05-02 00:00:00', 'SYSTEM', '2018-05-02 00:00:00'),
(242, 242, 'HOWRAH ARDB', 'ARDB', 'Howrah', 'SYSTEM', '2018-05-02 00:00:00', 'SYSTEM', '2018-05-02 00:00:00'),
(243, 243, 'BIDYANANDAPUR SKUS', 'ARDB', 'North Dinajpur (Uttar Dinajpur)', 'SYSTEM', '2018-05-02 00:00:00', 'SYSTEM', '2018-05-02 00:00:00'),
(244, 244, 'KALIBARI SKUS', 'ARDB', 'North 24 Parganas (Uttar 24 Parganas)', 'SYSTEM', '2018-05-02 00:00:00', 'SYSTEM', '2018-05-02 00:00:00'),
(245, 245, 'NPARDB BASHIRHAT BR', 'ARDB', 'North 24 Parganas (Uttar 24 Parganas)', 'SYSTEM', '2018-05-02 00:00:00', 'SYSTEM', '2018-05-02 00:00:00'),
(246, 246, 'TAGDA LING LING', 'ARDB', 'Darjeeling', 'SYSTEM', '2018-05-02 00:00:00', 'SYSTEM', '2018-05-02 00:00:00'),
(247, 247, 'GOBARHARA SKUS', 'ARDB', 'Hooghly', 'SYSTEM', '2018-05-02 00:00:00', 'SYSTEM', '2018-05-02 00:00:00'),
(248, 248, 'ENF', 'ARDB', 'Kolkata', 'SYSTEM', '2018-05-02 00:00:00', 'SYSTEM', '2018-05-02 00:00:00'),
(249, 249, 'RAIGUNJ ARDB RAIGUNJ BR', 'ARDB', 'North 24 Parganas (Uttar 24 Parganas)', 'SYSTEM', '2018-05-02 00:00:00', 'SYSTEM', '2018-05-02 00:00:00'),
(250, 250, 'NPARDB BARASAT CORT COMPLEX', 'ARDB', 'North 24 Parganas (Uttar 24 Parganas)', 'SYSTEM', '2018-05-02 00:00:00', 'SYSTEM', '2018-05-02 00:00:00'),
(251, 251, 'COOCH BEHAR ARDB JAMALDAHA BR', 'PACS', 'Cooch Behar', 'SYSTEM', '2018-05-02 00:00:00', 'SYSTEM', '2018-05-02 00:00:00'),
(252, 252, 'RAMPURHAT ARDB MURARAI BR', 'ARDB', 'Birbhum', 'SYSTEM', '2018-05-02 00:00:00', 'SYSTEM', '2018-05-02 00:00:00'),
(253, 253, 'SCB BARDHAMAN BR', 'ARDB', 'Bardhaman', 'SYSTEM', '2018-05-02 00:00:00', 'SYSTEM', '2018-05-02 00:00:00'),
(254, 254, 'SCB MEMARY BR (TRADING)', 'ARDB', 'Bardhaman', 'SYSTEM', '2018-05-02 00:00:00', 'SYSTEM', '2018-05-02 00:00:00'),
(255, 255, 'HURINAN SKUS', 'ARDB', 'East Midnapore (Purba Medinipur)', 'SYSTEM', '2018-05-02 00:00:00', 'SYSTEM', '2018-05-02 00:00:00'),
(256, 256, 'SALASH SKUS', 'ARDB', 'South Dinajpur (Dakshin Dinajpur)', 'SYSTEM', '2018-05-02 00:00:00', 'SYSTEM', '2018-05-02 00:00:00'),
(257, 257, 'GHATAL ARDB KHIRPAI BR', 'ARDB', 'West Midnapore (Paschim Medinipur)', 'SYSTEM', '2018-05-02 00:00:00', 'SYSTEM', '2018-05-02 00:00:00'),
(258, 258, 'CONTAI ARDB BHAGABANPUR BR', 'PACS', 'East Midnapore (Purba Medinipur)', 'SYSTEM', '2018-05-02 00:00:00', 'SYSTEM', '2018-05-02 00:00:00'),
(259, 259, 'COOCHBIHAR ARDB BAMANHAT BR', 'PACS', 'Cooch Behar', 'SYSTEM', '2018-05-02 00:00:00', 'SYSTEM', '2018-05-02 00:00:00'),
(260, 260, 'BARDHAMAN ARDB', 'ARDB', 'Bardhaman', 'SYSTEM', '2018-05-02 00:00:00', 'SYSTEM', '2018-05-02 00:00:00'),
(261, 261, 'PUNDIBARI ARDB', 'ARDB', 'Cooch Behar', 'SYSTEM', '2018-05-02 00:00:00', 'SYSTEM', '2018-05-02 00:00:00'),
(262, 262, 'CONTAI ARDB CONTAI BR', 'ARDB', 'East Midnapore (Purba Medinipur)', 'SYSTEM', '2018-05-02 00:00:00', 'SYSTEM', '2018-05-02 00:00:00'),
(263, 263, 'BANKURA ARDB KATULPUR BR', 'ARDB', 'Bankura', 'SYSTEM', '2018-05-02 00:00:00', 'SYSTEM', '2018-05-02 00:00:00'),
(264, 264, 'JAMALDAHA', 'ARDB', 'Cooch Behar', 'SYSTEM', '2018-05-02 00:00:00', 'SYSTEM', '2018-05-02 00:00:00'),
(265, 265, 'COOCHBIHAR ARDB HALDIBARI BR', 'PACS', 'Cooch Behar', 'SYSTEM', '2018-05-02 00:00:00', 'SYSTEM', '2018-05-02 00:00:00'),
(266, 266, 'HOWRAH ARDB', 'ARDB', 'Howrah', 'SYSTEM', '2018-05-02 00:00:00', 'SYSTEM', '2018-05-02 00:00:00'),
(267, 267, 'RISHRA PEOPLES CO', 'CCS', 'Hooghly', 'SYSTEM', '2018-05-02 00:00:00', 'SYSTEM', '2018-05-02 00:00:00'),
(268, 268, 'JANOKLYAN CO', 'CCS', 'North 24 Parganas (Uttar 24 Parganas)', 'SYSTEM', '2018-05-02 00:00:00', 'SYSTEM', '2018-05-02 00:00:00'),
(269, 269, 'BEDIBHABAN JANOKLYAN CO', 'CCS', 'Nadia', 'SYSTEM', '2018-05-02 00:00:00', 'SYSTEM', '2018-05-02 00:00:00'),
(270, 270, 'ALO MAHILA CO', 'CCS', 'North Dinajpur (Uttar Dinajpur)', 'SYSTEM', '2018-05-02 00:00:00', 'SYSTEM', '2018-05-02 00:00:00'),
(271, 271, 'JONOKALYAN CO', 'CCS', 'North 24 Parganas (Uttar 24 Parganas)', 'SYSTEM', '2018-05-02 00:00:00', 'SYSTEM', '2018-05-02 00:00:00'),
(272, 272, 'BAITARANI ARADI BR', 'CCS', 'Orissa', 'SYSTEM', '2018-05-02 00:00:00', 'SYSTEM', '2018-05-02 00:00:00'),
(273, 273, 'BAITARANI DHUSURI BR', 'CCS', 'Orissa', 'SYSTEM', '2018-05-02 00:00:00', 'SYSTEM', '2018-05-02 00:00:00'),
(274, 274, 'UDAYNARAYANPUR AMTA', 'CCS', 'Howrah', 'SYSTEM', '2018-05-02 00:00:00', 'SYSTEM', '2018-05-02 00:00:00'),
(275, 275, 'BCCS KAHALGAON BR', 'CCS', 'Bihar', 'SYSTEM', '2018-05-02 00:00:00', 'SYSTEM', '2018-05-02 00:00:00'),
(276, 276, 'BAITARANI DHAMARA', 'CCS', 'Orissa', 'SYSTEM', '2018-05-02 00:00:00', 'SYSTEM', '2018-05-02 00:00:00'),
(277, 277, 'SOHAM', 'CCS', 'Darjeeling', 'SYSTEM', '2018-05-02 00:00:00', 'SYSTEM', '2018-05-02 00:00:00'),
(278, 278, 'BAITARANI PIRHAT', 'CCS', 'Orissa', 'SYSTEM', '2018-05-02 00:00:00', 'SYSTEM', '2018-05-02 00:00:00'),
(279, 279, 'PURI CCS', 'CCS', 'Orissa', 'SYSTEM', '2018-05-02 00:00:00', 'SYSTEM', '2018-05-02 00:00:00'),
(280, 280, 'BISHWABHARATI CO', 'CCS', 'Birbhum', 'SYSTEM', '2018-05-02 00:00:00', 'SYSTEM', '2018-05-02 00:00:00'),
(281, 281, 'BANKRA CCS', 'CCS', 'Hooghly', 'SYSTEM', '2018-05-02 00:00:00', 'SYSTEM', '2018-05-02 00:00:00'),
(282, 282, 'BAITARANI DHUSURI', 'CCS', 'Orissa', 'SYSTEM', '2018-05-02 00:00:00', 'SYSTEM', '2018-05-02 00:00:00'),
(283, 283, 'RKMSP', 'CCS', 'Kolkata', 'SYSTEM', '2018-05-02 00:00:00', 'SYSTEM', '2018-05-02 00:00:00'),
(284, 284, 'TBECCS', 'CCS', 'West Midnapore (Paschim Medinipur)', 'SYSTEM', '2018-05-02 00:00:00', 'SYSTEM', '2018-05-02 00:00:00'),
(285, 285, 'VBCB', 'ECCS', 'Birbhum', 'SYSTEM', '2018-05-02 00:00:00', 'SYSTEM', '2018-05-02 00:00:00'),
(286, 286, 'BAITARANI CHANDBALI', 'CCS', 'Orissa', 'SYSTEM', '2018-05-02 00:00:00', 'SYSTEM', '2018-05-02 00:00:00'),
(287, 287, 'SOUTH HOWRAH', 'CCS', 'Howrah', 'SYSTEM', '2018-05-02 00:00:00', 'SYSTEM', '2018-05-02 00:00:00'),
(288, 288, 'MALDA CCS', 'CCS', 'Malda', 'SYSTEM', '2018-05-02 00:00:00', 'SYSTEM', '2018-05-02 00:00:00'),
(289, 289, 'BCCS JAMALPUR BR', 'CCS', 'Bihar', 'SYSTEM', '2018-05-02 00:00:00', 'SYSTEM', '2018-05-02 00:00:00'),
(290, 290, 'MURGARET', 'CCS', 'Darjeeling', 'SYSTEM', '2018-05-02 00:00:00', 'SYSTEM', '2018-05-02 00:00:00'),
(291, 291, 'BCCS SULTANGANJ', 'CCS', 'Bihar', 'SYSTEM', '2018-05-02 00:00:00', 'SYSTEM', '2018-05-02 00:00:00'),
(292, 292, 'BCCS RAJOUN BR', 'CCS', 'Bihar', 'SYSTEM', '2018-05-02 00:00:00', 'SYSTEM', '2018-05-02 00:00:00'),
(293, 293, 'JETCCS', 'CCS', 'Kolkata', 'SYSTEM', '2018-05-02 00:00:00', 'SYSTEM', '2018-05-02 00:00:00'),
(294, 294, 'BCCS BHABYA', 'CCS', 'Bihar', 'SYSTEM', '2018-05-02 00:00:00', 'SYSTEM', '2018-05-02 00:00:00'),
(295, 295, 'BCCS PRIPANTI', 'CCS', 'Bihar', 'SYSTEM', '2018-05-02 00:00:00', 'SYSTEM', '2018-05-02 00:00:00'),
(296, 296, 'PADATIK', 'CCS', 'North 24 Parganas (Uttar 24 Parganas)', 'SYSTEM', '2018-05-02 00:00:00', 'SYSTEM', '2018-05-02 00:00:00'),
(297, 297, 'BADAMTAM', 'CCS', 'Darjeeling', 'SYSTEM', '2018-05-02 00:00:00', 'SYSTEM', '2018-05-02 00:00:00'),
(298, 298, 'KANAIPUR', 'CCS', 'Hooghly', 'SYSTEM', '2018-05-02 00:00:00', 'SYSTEM', '2018-05-02 00:00:00'),
(299, 299, 'DURGAPUR ASP', 'ECCS', 'Murshidabad', 'SYSTEM', '2018-05-02 00:00:00', 'SYSTEM', '2018-05-02 00:00:00'),
(300, 300, 'GANESHPUR SKUS', 'CCS', 'Murshidabad', 'SYSTEM', '2018-05-02 00:00:00', 'SYSTEM', '2018-05-02 00:00:00'),
(301, 301, 'BCCS NAUGACHIA BR', 'CCS', 'Bihar', 'SYSTEM', '2018-05-02 00:00:00', 'SYSTEM', '2018-05-02 00:00:00'),
(302, 302, 'CMAL', 'CCS', '', 'SYSTEM', '2018-05-02 00:00:00', 'SYSTEM', '2018-05-02 00:00:00'),
(303, 303, 'PDPCCS ALIPUR', 'CCS', '', 'SYSTEM', '2018-05-02 00:00:00', 'SYSTEM', '2018-05-02 00:00:00'),
(304, 304, 'tata bearing', 'ECCS', 'West Midnapore (Paschim Medinipur)', 'SYSTEM', '2018-05-02 00:00:00', 'SYSTEM', '2018-05-02 00:00:00'),
(305, 305, 'JET CCS', 'CCS', 'Kolkata', 'SYSTEM', '2018-05-02 00:00:00', 'SYSTEM', '2018-05-02 00:00:00'),
(306, 306, 'PNT', 'ECCS', 'Kolkata', 'SYSTEM', '2018-05-02 00:00:00', 'SYSTEM', '2018-05-02 00:00:00'),
(307, 307, 'TATA BEARINGS', 'ECCS', 'West Midnapore (Paschim Medinipur)', 'SYSTEM', '2018-05-02 00:00:00', 'SYSTEM', '2018-05-02 00:00:00'),
(308, 308, 'TUFANGUNJ PRIMARY ECCS', 'ECCS', 'Cooch Behar', 'SYSTEM', '2018-05-02 00:00:00', 'SYSTEM', '2018-05-02 00:00:00'),
(309, 309, 'KMDA', 'ECCS', 'Kolkata', 'SYSTEM', '2018-05-02 00:00:00', 'SYSTEM', '2018-05-02 00:00:00'),
(310, 310, 'ALO MAHILA CO', 'ECCS', 'South Dinajpur (Dakshin Dinajpur)', 'SYSTEM', '2018-05-02 00:00:00', 'SYSTEM', '2018-05-02 00:00:00'),
(311, 311, 'WRITERS', 'ECCS', 'Kolkata', 'SYSTEM', '2018-05-02 00:00:00', 'SYSTEM', '2018-05-02 00:00:00'),
(312, 312, 'CENTRAL BANK', 'ECCS', 'Kolkata', 'SYSTEM', '2018-05-02 00:00:00', 'SYSTEM', '2018-05-02 00:00:00'),
(313, 313, 'GPO', 'ECCS', 'Kolkata', 'SYSTEM', '2018-05-02 00:00:00', 'SYSTEM', '2018-05-02 00:00:00'),
(314, 314, 'ENF SEALDAH', 'ECCS', 'Kolkata', 'SYSTEM', '2018-05-02 00:00:00', 'SYSTEM', '2018-05-02 00:00:00'),
(315, 315, 'ENF HO', 'ECCS', 'Kolkata', 'SYSTEM', '2018-05-02 00:00:00', 'SYSTEM', '2018-05-02 00:00:00'),
(316, 316, 'NATIONAL INSURENCE', 'ECCS', 'Kolkata', 'SYSTEM', '2018-05-02 00:00:00', 'SYSTEM', '2018-05-02 00:00:00'),
(317, 317, 'NDS ECCS', 'ECCS', 'Nadia', 'SYSTEM', '2018-05-02 00:00:00', 'SYSTEM', '2018-05-02 00:00:00'),
(318, 318, 'GOBRU SKUS', 'PACS', 'West Midnapore (Paschim Medinipur)', 'SYSTEM', '2018-05-02 00:00:00', 'SYSTEM', '2018-05-02 00:00:00'),
(319, 319, 'CHARIALKRISHNAPUR SAFANAGAR BR', 'PACS', 'South Dinajpur (Dakshin Dinajpur)', 'SYSTEM', '2018-05-02 00:00:00', 'SYSTEM', '2018-05-02 00:00:00'),
(320, 320, 'BHAGABANPUR SKUS', 'PACS', 'North Dinajpur (Uttar Dinajpur)', 'SYSTEM', '2018-05-02 00:00:00', 'SYSTEM', '2018-05-02 00:00:00'),
(321, 321, 'DAKSHINBARASAT', 'PACS', 'South 24 Parganas (Dakshin 24 Parganas)', 'SYSTEM', '2018-05-02 00:00:00', 'SYSTEM', '2018-05-02 00:00:00'),
(322, 322, 'MERGARET', 'CCS', 'Darjeeling', 'SYSTEM', '2018-05-02 00:00:00', 'SYSTEM', '2018-05-02 00:00:00'),
(323, 323, 'RISHRA CO-OP', 'ECCS', 'Hooghly', 'SYSTEM', '2018-05-02 00:00:00', 'SYSTEM', '2018-05-02 00:00:00'),
(324, 324, 'UDAYNARAYANPUR THANA MARKETION', 'PACS', 'Howrah', 'SYSTEM', '2018-05-02 00:00:00', 'SYSTEM', '2018-05-02 00:00:00'),
(325, 325, 'SUBARNABIHAR SKUS HO', 'PACS', 'Nadia', 'SYSTEM', '2018-05-02 00:00:00', 'SYSTEM', '2018-05-02 00:00:00'),
(326, 326, 'ADADANGA SKUS', 'PACS', 'Malda', 'SYSTEM', '2018-05-02 00:00:00', 'SYSTEM', '2018-05-02 00:00:00'),
(327, 327, 'B.C ROY CCS', 'CCS', 'Kolkata', 'SYSTEM', '2018-05-02 00:00:00', 'SYSTEM', '2018-05-02 00:00:00'),
(328, 328, 'JAGATBALLAVPUR HO', 'PACS', 'Howrah', 'SYSTEM', '2018-05-02 00:00:00', 'SYSTEM', '2018-05-02 00:00:00'),
(329, 329, 'BALIA SKUS', 'PACS', 'Bardhaman', 'SYSTEM', '2018-05-02 00:00:00', 'SYSTEM', '2018-05-02 00:00:00'),
(330, 330, 'BCCS LAKHHISARAI BR', 'CCS', 'Bihar', 'SYSTEM', '2018-05-02 00:00:00', 'SYSTEM', '2018-05-02 00:00:00'),
(331, 331, 'POLICE CO', 'ECCS', 'Purulia', 'SYSTEM', '2018-05-02 00:00:00', 'SYSTEM', '2018-05-02 00:00:00'),
(332, 332, 'NEAL NOAPARA SKUS', 'PACS', 'Hooghly', 'SYSTEM', '2018-05-02 00:00:00', 'SYSTEM', '2018-05-02 00:00:00'),
(333, 333, 'KCCS TRIBENIGUNJ BR', 'CCS', 'Bihar', 'SYSTEM', '2018-05-02 00:00:00', 'SYSTEM', '2018-05-02 00:00:00'),
(334, 334, 'AIHO', 'PACS', 'Malda', 'SYSTEM', '2018-05-02 00:00:00', 'SYSTEM', '2018-05-02 00:00:00'),
(335, 335, 'SHIN IN', 'PACS', 'Nadia', 'SYSTEM', '2018-05-02 00:00:00', 'SYSTEM', '2018-05-02 00:00:00'),
(336, 336, 'SAMAPRASANNA HO', 'PACS', 'Howrah', 'SYSTEM', '2018-05-02 00:00:00', 'SYSTEM', '2018-05-02 00:00:00'),
(337, 337, 'PUNCHA PURULIA', 'PACS', 'Purulia', 'SYSTEM', '2018-05-02 00:00:00', 'SYSTEM', '2018-05-02 00:00:00'),
(338, 338, 'DHURKHALI', 'PACS', 'Howrah', 'SYSTEM', '2018-05-02 00:00:00', 'SYSTEM', '2018-05-02 00:00:00'),
(339, 339, 'BAINCHI CADP ESTORE', 'PACS', 'Hooghly', 'SYSTEM', '2018-05-02 00:00:00', 'SYSTEM', '2018-05-02 00:00:00'),
(340, 340, 'JANATA UCB', 'UCB', 'Darjeeling', 'SYSTEM', '2018-05-02 00:00:00', 'SYSTEM', '2018-05-02 00:00:00'),
(341, 341, 'BCCS TILKAMANJHI', 'CCS', 'Bihar', 'SYSTEM', '2018-05-02 00:00:00', 'SYSTEM', '2018-05-02 00:00:00'),
(342, 342, 'BCCS MAHESHKUND BR', 'CCS', 'Bihar', 'SYSTEM', '2018-05-02 00:00:00', 'SYSTEM', '2018-05-02 00:00:00'),
(343, 343, 'Others', 'OTHERS', 'Darjeeling', 'Pritam Kumar Maity', '2018-05-31 00:00:00', 'Nilkantha  Das', '2018-07-12 19:18:43'),
(344, 344, 'Others For Marketing', NULL, NULL, 'SYSTEM', '2018-06-04 00:00:00', NULL, NULL);

-- --------------------------------------------------------

--
-- Table structure for table `mm_project_type`
--

CREATE TABLE `mm_project_type` (
  `id` int(11) NOT NULL,
  `type_cd` int(11) NOT NULL,
  `type_desc` varchar(50) NOT NULL,
  `created_by` varchar(50) NOT NULL,
  `created_dt` datetime NOT NULL,
  `modified_by` varchar(50) DEFAULT NULL,
  `modified_dt` datetime DEFAULT NULL
) ENGINE=MyISAM DEFAULT CHARSET=latin1;

--
-- Dumping data for table `mm_project_type`
--

INSERT INTO `mm_project_type` (`id`, `type_cd`, `type_desc`, `created_by`, `created_dt`, `modified_by`, `modified_dt`) VALUES
(1, 1, 'PACS ', 'Aritra  Basu Roy Chowdhury', '2018-04-24 18:04:08', 'Tanmoy Mondal', '2018-09-14 15:36:05'),
(2, 2, 'CCS', 'Aritra  Basu Roy Chowdhury', '2018-05-02 11:29:44', 'Aritra  Basu Roy Chowdhury', '2018-05-02 15:41:27'),
(3, 3, 'ECCS', 'Aritra  Basu Roy Chowdhury', '2018-05-02 11:50:01', 'Aritra  Basu Roy Chowdhury', '2018-05-02 15:41:35'),
(4, 4, 'UCB', 'Aritra  Basu Roy Chowdhury', '2018-05-02 11:50:45', 'Aritra  Basu Roy Chowdhury', '2018-05-02 15:41:43'),
(5, 5, 'ARDB', 'Aritra  Basu Roy Chowdhury', '2018-05-02 11:51:44', 'Aritra  Basu Roy Chowdhury', '2018-05-02 15:41:20'),
(6, 6, 'LAMPS', 'Aritra  Basu Roy Chowdhury', '2018-05-02 11:52:22', 'Aritra  Basu Roy Chowdhury', '2018-05-02 15:40:27'),
(7, 7, 'Others - Private	', 'Aritra  Basu Roy Chowdhury', '2018-05-02 11:55:10', 'Aritra  Basu Roy Chowdhury', '2018-05-02 12:02:28'),
(8, 8, 'Others - Government', 'Aritra  Basu Roy Chowdhury', '2018-05-02 11:55:33', 'Aritra  Basu Roy Chowdhury', '2018-05-02 12:03:14'),
(9, 9, 'Multi Purpose Society', 'Aritra  Basu Roy Chowdhury', '2018-05-02 11:55:58', 'Aritra  Basu Roy Chowdhury', '2018-05-02 12:01:24'),
(10, 10, 'Sales & Marketing', 'Aritra  Basu Roy Chowdhury', '2018-05-02 11:56:25', 'Aritra  Basu Roy Chowdhury', '2018-05-02 12:01:35'),
(11, 11, 'Balaji ETIM', 'Aritra  Basu Roy Chowdhury', '2018-05-02 11:56:49', 'Aritra  Basu Roy Chowdhury', '2018-05-02 12:03:40'),
(12, 12, 'Cold Store', 'Aritra  Basu Roy Chowdhury', '2018-05-02 11:57:20', 'Aritra  Basu Roy Chowdhury', '2018-05-02 15:42:53'),
(13, 13, 'Dealer / Reseller', 'Aritra  Basu Roy Chowdhury', '2018-05-02 11:57:43', 'Aritra  Basu Roy Chowdhury', '2018-05-02 12:05:31'),
(14, 14, 'CCB', 'Aritra  Basu Roy Chowdhury', '2018-05-02 11:58:36', 'Aritra  Basu Roy Chowdhury', '2018-05-02 15:42:36'),
(15, 15, 'MARKETTING SOC', 'Aritra  Basu Roy Chowdhury', '2018-05-02 15:43:06', NULL, NULL),
(16, 16, 'Institution', 'Aritra  Basu Roy Chowdhury', '2018-05-02 15:43:22', NULL, NULL),
(17, 17, 'OTHERS', 'Nilkantha  Das', '2018-07-12 19:18:19', NULL, NULL),
(18, 18, 'casc', 'Tanmoy Mondal', '2018-09-14 15:36:52', NULL, NULL),
(19, 19, 'jyj', 'Tanmoy Mondal', '2018-09-20 11:36:46', NULL, NULL);

-- --------------------------------------------------------

--
-- Table structure for table `mm_purpose`
--

CREATE TABLE `mm_purpose` (
  `id` int(11) NOT NULL,
  `purpose_desc` varchar(100) NOT NULL
) ENGINE=MyISAM DEFAULT CHARSET=latin1;

--
-- Dumping data for table `mm_purpose`
--

INSERT INTO `mm_purpose` (`id`, `purpose_desc`) VALUES
(211401, 'Other Assets'),
(416503, 'Web Hosting & Other Related Charges'),
(221202, 'Preliminary Expences (Assets)'),
(221501, 'Plant & Machinery'),
(221601, 'Furntiure & Fittings'),
(221801, 'Patents, Trademarks & Designs'),
(222401, 'Electrical Equipments'),
(222402, 'Air Conditioned'),
(222901, 'Computer Accessories'),
(222902, 'Laptop Computer'),
(222903, 'Office Equipment'),
(222904, 'Computer & Accessories for Rent'),
(222905, 'Software ( TeamViewer )'),
(411101, 'Tours & Travels - Execution'),
(411102, 'Tours & Travels - Marketing'),
(411201, 'Telephone Charges'),
(411301, 'Postage & Telegraphs'),
(411401, 'Office Maintenance'),
(411501, 'Business Development'),
(411502, 'Preliminary Expenses (w/o)'),
(411503, 'Misc.Expenditure'),
(411504, 'General Expences'),
(411505, 'SUNDRY BALANCE W/O'),
(411601, 'Refreshment'),
(411602, 'Customer Entertainment'),
(411701, 'Electricity Charges'),
(411801, 'Printing & Stationary'),
(411901, 'Salary'),
(411903, 'Compensation'),
(412101, 'Bank Charges'),
(412201, 'Interest paid on Loan'),
(412202, 'Interest paid on VAT'),
(412203, 'Interest paid on Service Tax'),
(412204, 'Interest Paid On CST'),
(412205, 'Interest Paid on TDS'),
(412206, 'Interest Paid on Entry Tax'),
(412207, 'Interest Paid On Prof. Tax'),
(412301, 'Audit Fees'),
(412302, 'Statutary Expence(VAT/CST F.Y 08-09)'),
(412303, 'Statutary Expence(VAT/CST F.Y 09-10 & 10-11)'),
(412501, 'Rent & Taxes'),
(412502, 'VAT & Service Tax Consultation Fees'),
(412601, 'Data Entry A/C'),
(412701, 'Tender Charges'),
(412801, 'Commission Paid'),
(412802, 'Commission Paid On ePariseva'),
(413001, 'Purchase'),
(413101, 'Donation'),
(413201, 'Festival Bonus'),
(413501, 'Lunch Subsidy'),
(413601, 'Local Conveyance'),
(413602, 'Fuel Charges'),
(413603, 'Advertisment'),
(413604, 'Filling Charges'),
(413801, 'Sub Contract'),
(413901, 'Drawings'),
(414001, 'Insurance Premium'),
(414201, 'Arrear Salary'),
(415101, 'Current Profit Adjustment Code'),
(415401, 'Accounts Consultancy Charges'),
(415501, 'Depriciation'),
(415601, 'Staff Welfare A/C'),
(415701, 'Income Tax'),
(416101, 'Delivery Charges'),
(416201, 'Car Maintenance'),
(416301, 'Proff Tax.'),
(416302, 'Incentive'),
(416303, 'Consultency fees '),
(416401, 'FBD Tax'),
(416402, 'Work Contract Tax'),
(416403, 'Purchase Tax'),
(416404, 'Trade License'),
(416405, 'Bad Debt'),
(416406, 'Website Hosting Charges'),
(416501, 'Assessed Tax'),
(416502, 'Entry Tax');

-- --------------------------------------------------------

--
-- Table structure for table `m_user_master`
--

CREATE TABLE `m_user_master` (
  `emp_no` int(11) NOT NULL,
  `user_id` varchar(50) NOT NULL,
  `password` varchar(100) NOT NULL,
  `user_type` char(2) NOT NULL,
  `emp_name` varchar(50) NOT NULL,
  `user_status` char(1) NOT NULL,
  `created_by` varchar(50) NOT NULL,
  `created_dt` datetime NOT NULL,
  `modified_by` varchar(50) DEFAULT NULL,
  `modified_dt` datetime DEFAULT NULL
) ENGINE=InnoDB DEFAULT CHARSET=latin1;

--
-- Dumping data for table `m_user_master`
--

INSERT INTO `m_user_master` (`emp_no`, `user_id`, `password`, `user_type`, `emp_name`, `user_status`, `created_by`, `created_dt`, `modified_by`, `modified_dt`) VALUES
(0, 'audit', '$2y$10$835Oh.A9aS6PhbVa2zk4yOWx3DrVMiKWX6j/6mE/jZqY8MkzdfG5a', 'AU', 'Auditor', 'N', 'SYSTEM', '2018-06-07 00:00:00', NULL, NULL),
(1, '1', '$2y$10$835Oh.A9aS6PhbVa2zk4yOWx3DrVMiKWX6j/6mE/jZqY8MkzdfG5a', 'A', 'Aritra  Basu Roy Chowdhury', 'N', 'SYSTEM', '2018-05-02 00:00:00', 'Aritra  Basu Roy Chowdhury', '2018-06-05 16:14:13'),
(3, '3', '$2y$10$835Oh.A9aS6PhbVa2zk4yOWx3DrVMiKWX6j/6mE/jZqY8MkzdfG5a', 'A', 'Debasish Adhikary', 'N', 'SYSTEM', '2018-05-02 00:00:00', 'Tanmoy Mondal', '2018-05-02 15:06:07'),
(12, '12', '$2y$10$835Oh.A9aS6PhbVa2zk4yOWx3DrVMiKWX6j/6mE/jZqY8MkzdfG5a', 'M', 'Sukanta Roy', 'N', 'SYSTEM', '2018-05-02 00:00:00', 'Tanmoy Mondal', '2018-05-02 14:54:50'),
(15, '15', '$2y$10$835Oh.A9aS6PhbVa2zk4yOWx3DrVMiKWX6j/6mE/jZqY8MkzdfG5a', 'A', 'Nilkantha  Das', 'N', 'SYSTEM', '2018-05-02 00:00:00', 'Tanmoy Mondal', '2018-05-02 15:03:40'),
(19, '19', '$2y$10$835Oh.A9aS6PhbVa2zk4yOWx3DrVMiKWX6j/6mE/jZqY8MkzdfG5a', 'M', 'Amit Kumar Singh', 'N', 'SYSTEM', '2018-05-02 00:00:00', 'Tanmoy Mondal', '2018-05-02 14:53:07'),
(30, '30', '$2y$10$835Oh.A9aS6PhbVa2zk4yOWx3DrVMiKWX6j/6mE/jZqY8MkzdfG5a', 'M', 'Subhodip Banerjee', 'N', 'SYSTEM', '2018-05-02 00:00:00', 'Tanmoy Mondal', '2018-05-02 15:08:34'),
(32, '32', '$2y$10$835Oh.A9aS6PhbVa2zk4yOWx3DrVMiKWX6j/6mE/jZqY8MkzdfG5a', 'A', 'Tanmoy Mondal', 'N', 'SYSTEM', '2018-05-02 00:00:00', 'Aritra  Basu Roy Chowdhury', '2018-05-08 10:40:41'),
(36, '36', '$2y$10$835Oh.A9aS6PhbVa2zk4yOWx3DrVMiKWX6j/6mE/jZqY8MkzdfG5a', 'E', 'Sanjoy Sardar', 'N', 'SYSTEM', '2018-05-02 00:00:00', 'Subhodip Banerjee', '2018-05-02 16:25:04'),
(38, '38', '$2y$10$835Oh.A9aS6PhbVa2zk4yOWx3DrVMiKWX6j/6mE/jZqY8MkzdfG5a', 'E', 'Raja Saha', 'N', 'SYSTEM', '2018-05-02 00:00:00', 'SYSTEM', '2018-05-02 00:00:00'),
(41, '41', '$2y$10$835Oh.A9aS6PhbVa2zk4yOWx3DrVMiKWX6j/6mE/jZqY8MkzdfG5a', 'E', 'Tulu Rana', 'Y', 'SYSTEM', '2018-05-02 00:00:00', 'SYSTEM', '2018-05-02 00:00:00'),
(49, '49', '$2y$10$835Oh.A9aS6PhbVa2zk4yOWx3DrVMiKWX6j/6mE/jZqY8MkzdfG5a', 'E', 'Arfibillah Mondal', 'N', 'SYSTEM', '2018-05-02 00:00:00', 'SYSTEM', '2018-05-02 00:00:00'),
(50, '50', '$2y$10$835Oh.A9aS6PhbVa2zk4yOWx3DrVMiKWX6j/6mE/jZqY8MkzdfG5a', 'E', 'Somnath Chakraborty', 'Y', 'SYSTEM', '2018-05-02 00:00:00', 'SYSTEM', '2018-05-02 00:00:00'),
(51, '51', '$2y$10$835Oh.A9aS6PhbVa2zk4yOWx3DrVMiKWX6j/6mE/jZqY8MkzdfG5a', 'E', 'Kalyan Dutta', 'N', 'SYSTEM', '2018-05-02 00:00:00', 'SYSTEM', '2018-05-02 00:00:00'),
(53, '53', '$2y$10$835Oh.A9aS6PhbVa2zk4yOWx3DrVMiKWX6j/6mE/jZqY8MkzdfG5a', 'E', 'Joydeep Ghosh', 'N', 'SYSTEM', '2018-05-02 00:00:00', 'SYSTEM', '2018-05-02 00:00:00'),
(55, '55', '$2y$10$835Oh.A9aS6PhbVa2zk4yOWx3DrVMiKWX6j/6mE/jZqY8MkzdfG5a', 'E', 'Nabin Halder', 'N', 'SYSTEM', '2018-05-02 00:00:00', 'SYSTEM', '2018-05-02 00:00:00'),
(57, '57', '$2y$10$835Oh.A9aS6PhbVa2zk4yOWx3DrVMiKWX6j/6mE/jZqY8MkzdfG5a', 'E', 'Rakesh Singh', 'N', 'SYSTEM', '2018-05-02 00:00:00', 'SYSTEM', '2018-05-02 00:00:00'),
(66, '66', '$2y$10$835Oh.A9aS6PhbVa2zk4yOWx3DrVMiKWX6j/6mE/jZqY8MkzdfG5a', 'E', 'Arghya Mondal', 'N', 'SYSTEM', '2018-05-02 00:00:00', 'SYSTEM', '2018-05-02 00:00:00'),
(70, '70', '$2y$10$835Oh.A9aS6PhbVa2zk4yOWx3DrVMiKWX6j/6mE/jZqY8MkzdfG5a', 'AC', 'Sujit Paul', 'N', 'SYSTEM', '2018-05-02 00:00:00', 'Tanmoy Mondal', '2018-05-02 15:09:47'),
(72, '72', '$2y$10$835Oh.A9aS6PhbVa2zk4yOWx3DrVMiKWX6j/6mE/jZqY8MkzdfG5a', 'E', 'Sourav Ghorai', 'N', 'SYSTEM', '2018-05-02 00:00:00', 'SYSTEM', '2018-05-02 00:00:00'),
(73, '73', '$2y$10$835Oh.A9aS6PhbVa2zk4yOWx3DrVMiKWX6j/6mE/jZqY8MkzdfG5a', 'E', 'Sushil Prajapati', 'N', 'SYSTEM', '2018-05-02 00:00:00', 'SYSTEM', '2018-05-02 00:00:00'),
(74, '74', '$2y$10$835Oh.A9aS6PhbVa2zk4yOWx3DrVMiKWX6j/6mE/jZqY8MkzdfG5a', 'E', 'Upendar Singh', 'N', 'SYSTEM', '2018-05-02 00:00:00', 'SYSTEM', '2018-05-02 00:00:00'),
(77, '77', '$2y$10$835Oh.A9aS6PhbVa2zk4yOWx3DrVMiKWX6j/6mE/jZqY8MkzdfG5a', 'E', 'Suvendu Rakshit', 'N', 'SYSTEM', '2018-05-02 00:00:00', 'SYSTEM', '2018-05-02 00:00:00'),
(78, '78', '$2y$10$835Oh.A9aS6PhbVa2zk4yOWx3DrVMiKWX6j/6mE/jZqY8MkzdfG5a', 'E', 'Chandan Das', 'N', 'SYSTEM', '2018-05-02 00:00:00', 'SYSTEM', '2018-05-02 00:00:00'),
(79, '79', '$2y$10$835Oh.A9aS6PhbVa2zk4yOWx3DrVMiKWX6j/6mE/jZqY8MkzdfG5a', 'E', 'Saurav Manna', 'N', 'SYSTEM', '2018-05-02 00:00:00', 'SYSTEM', '2018-05-02 00:00:00'),
(80, '80', '$2y$10$835Oh.A9aS6PhbVa2zk4yOWx3DrVMiKWX6j/6mE/jZqY8MkzdfG5a', 'E', 'Amit Datta', 'N', 'SYSTEM', '2018-05-02 00:00:00', 'SYSTEM', '2018-05-02 00:00:00'),
(82, '82', '$2y$10$835Oh.A9aS6PhbVa2zk4yOWx3DrVMiKWX6j/6mE/jZqY8MkzdfG5a', 'E', 'Subhajit Sani', 'N', 'SYSTEM', '2018-05-02 00:00:00', 'SYSTEM', '2018-05-02 00:00:00'),
(84, '84', '$2y$10$835Oh.A9aS6PhbVa2zk4yOWx3DrVMiKWX6j/6mE/jZqY8MkzdfG5a', 'E', 'Sanjoy Prasad', 'N', 'SYSTEM', '2018-05-02 00:00:00', 'SYSTEM', '2018-05-02 00:00:00'),
(86, '86', '$2y$10$835Oh.A9aS6PhbVa2zk4yOWx3DrVMiKWX6j/6mE/jZqY8MkzdfG5a', 'E', 'Amitava Das', 'N', 'SYSTEM', '2018-05-02 00:00:00', 'SYSTEM', '2018-05-02 00:00:00'),
(87, '87', '$2y$10$835Oh.A9aS6PhbVa2zk4yOWx3DrVMiKWX6j/6mE/jZqY8MkzdfG5a', 'E', 'Chandan Chakraborty', 'N', 'SYSTEM', '2018-05-02 00:00:00', 'SYSTEM', '2018-05-02 00:00:00'),
(90, '90', '$2y$10$835Oh.A9aS6PhbVa2zk4yOWx3DrVMiKWX6j/6mE/jZqY8MkzdfG5a', 'E', 'SUPARSHA DAS', 'N', 'SYSTEM', '2018-05-02 00:00:00', 'SYSTEM', '2018-05-02 00:00:00'),
(93, '93', '$2y$10$835Oh.A9aS6PhbVa2zk4yOWx3DrVMiKWX6j/6mE/jZqY8MkzdfG5a', 'E', 'Moumita Makal', 'N', 'SYSTEM', '2018-05-02 00:00:00', 'SYSTEM', '2018-05-02 00:00:00'),
(100, '100', '$2y$10$835Oh.A9aS6PhbVa2zk4yOWx3DrVMiKWX6j/6mE/jZqY8MkzdfG5a', 'E', 'Rajiv Sharma', 'N', 'SYSTEM', '2018-05-02 00:00:00', 'SYSTEM', '2018-05-02 00:00:00'),
(101, '101', '$2y$10$835Oh.A9aS6PhbVa2zk4yOWx3DrVMiKWX6j/6mE/jZqY8MkzdfG5a', 'E', 'Arunangshu Pal', 'N', 'SYSTEM', '2018-05-02 00:00:00', 'SYSTEM', '2018-05-02 00:00:00'),
(102, '102', '$2y$10$835Oh.A9aS6PhbVa2zk4yOWx3DrVMiKWX6j/6mE/jZqY8MkzdfG5a', 'E', 'Souparna Bosu', 'N', 'SYSTEM', '2018-05-02 00:00:00', 'SYSTEM', '2018-05-02 00:00:00'),
(103, '103', '$2y$10$835Oh.A9aS6PhbVa2zk4yOWx3DrVMiKWX6j/6mE/jZqY8MkzdfG5a', 'E', 'Karunasindhu Panda', 'N', 'SYSTEM', '2018-05-02 00:00:00', 'SYSTEM', '2018-05-02 00:00:00'),
(104, '104', '$2y$10$835Oh.A9aS6PhbVa2zk4yOWx3DrVMiKWX6j/6mE/jZqY8MkzdfG5a', 'E', 'Bitan Koley', 'N', 'SYSTEM', '2018-05-02 00:00:00', 'SYSTEM', '2018-05-02 00:00:00'),
(105, '105', '$2y$10$835Oh.A9aS6PhbVa2zk4yOWx3DrVMiKWX6j/6mE/jZqY8MkzdfG5a', 'E', 'Pritam Kumar Maity', 'Y', 'SYSTEM', '2018-05-02 00:00:00', 'Nilkantha  Das', '2018-07-05 10:30:18'),
(106, '106', '$2y$10$835Oh.A9aS6PhbVa2zk4yOWx3DrVMiKWX6j/6mE/jZqY8MkzdfG5a', 'E', 'Sujit Karmakar', 'N', 'SYSTEM', '2018-05-02 00:00:00', 'SYSTEM', '2018-05-02 00:00:00'),
(107, '107', '$2y$10$835Oh.A9aS6PhbVa2zk4yOWx3DrVMiKWX6j/6mE/jZqY8MkzdfG5a', 'E', 'Tapomoy Mahapatra', 'N', 'SYSTEM', '2018-05-02 00:00:00', 'SYSTEM', '2018-05-02 00:00:00'),
(108, '108', '$2y$10$835Oh.A9aS6PhbVa2zk4yOWx3DrVMiKWX6j/6mE/jZqY8MkzdfG5a', 'E', 'Bappa Das', 'N', 'SYSTEM', '2018-05-02 00:00:00', 'SYSTEM', '2018-05-02 00:00:00'),
(109, '109', '$2y$10$835Oh.A9aS6PhbVa2zk4yOWx3DrVMiKWX6j/6mE/jZqY8MkzdfG5a', 'E', 'Rejabul Nayak', 'N', 'SYSTEM', '2018-05-02 00:00:00', 'SYSTEM', '2018-05-02 00:00:00'),
(110, '110', '$2y$10$835Oh.A9aS6PhbVa2zk4yOWx3DrVMiKWX6j/6mE/jZqY8MkzdfG5a', 'E', 'Atin Chatterjee', 'N', 'SYSTEM', '2018-05-02 00:00:00', 'SYSTEM', '2018-05-02 00:00:00'),
(111, '111', '$2y$10$835Oh.A9aS6PhbVa2zk4yOWx3DrVMiKWX6j/6mE/jZqY8MkzdfG5a', 'E', 'Soumen Nath', 'N', 'SYSTEM', '2018-05-02 00:00:00', 'SYSTEM', '2018-05-02 00:00:00'),
(112, '112', '$2y$10$835Oh.A9aS6PhbVa2zk4yOWx3DrVMiKWX6j/6mE/jZqY8MkzdfG5a', 'E', 'Debdas Sardar', 'Y', 'SYSTEM', '2018-05-02 00:00:00', 'SYSTEM', '2018-05-02 00:00:00'),
(113, '113', '$2y$10$835Oh.A9aS6PhbVa2zk4yOWx3DrVMiKWX6j/6mE/jZqY8MkzdfG5a', 'E', 'Sandip Mahato', 'N', 'SYSTEM', '2018-05-02 00:00:00', 'SYSTEM', '2018-05-02 00:00:00'),
(114, '114', '$2y$10$835Oh.A9aS6PhbVa2zk4yOWx3DrVMiKWX6j/6mE/jZqY8MkzdfG5a', 'E', 'Saurav Dutta', 'N', 'SYSTEM', '2018-05-02 00:00:00', 'SYSTEM', '2018-05-02 00:00:00'),
(115, '115', '$2y$10$835Oh.A9aS6PhbVa2zk4yOWx3DrVMiKWX6j/6mE/jZqY8MkzdfG5a', 'E', 'Bappa Mondal', 'N', 'SYSTEM', '2018-05-02 00:00:00', 'SYSTEM', '2018-05-02 00:00:00');

-- --------------------------------------------------------

--
-- Table structure for table `tm_audit_trail`
--

CREATE TABLE `tm_audit_trail` (
  `sl_no` int(11) NOT NULL,
  `login_dt` varchar(30) NOT NULL,
  `user_id` varchar(50) NOT NULL,
  `terminal_name` varchar(100) NOT NULL,
  `logout_dt` varchar(30) NOT NULL
) ENGINE=MyISAM DEFAULT CHARSET=latin1;

--
-- Dumping data for table `tm_audit_trail`
--

INSERT INTO `tm_audit_trail` (`sl_no`, `login_dt`, `user_id`, `terminal_name`, `logout_dt`) VALUES
(1, '2018-05-30 19:05:16pm', '32', 's104-238-116-98.secureserver.net', '2018-05-30 19:05:56pm'),
(2, '2018-05-30 19:09:40pm', '32', 's104-238-116-98.secureserver.net', '2018-05-30 19:11:32pm'),
(3, '2018-05-30 19:20:07pm', '105', 's104-238-116-98.secureserver.net', '2018-05-30 19:43:35pm'),
(4, '2018-05-30 22:20:29pm', '32', 's104-238-116-98.secureserver.net', '2018-05-30 22:21:18pm'),
(5, '2018-05-31 10:42:59am', '105', 's104-238-116-98.secureserver.net', '2018-05-31 11:11:52am'),
(6, '2018-05-31 11:08:47am', '53', 's104-238-116-98.secureserver.net', '2018-05-31 11:11:41am'),
(7, '2018-05-31 11:28:54am', '105', 's104-238-116-98.secureserver.net', '2018-05-31 11:29:05am'),
(8, '2018-05-31 11:29:06am', '32', 's104-238-116-98.secureserver.net', '2018-05-31 11:29:46am'),
(9, '2018-05-31 11:29:37am', '19', 's104-238-116-98.secureserver.net', '2018-05-31 12:08:57pm'),
(10, '2018-05-31 11:43:50am', '19', 's104-238-116-98.secureserver.net', '2018-05-31 12:10:17pm'),
(11, '2018-05-31 11:46:21am', '32', 's104-238-116-98.secureserver.net', '2018-05-31 11:46:37am'),
(12, '2018-05-31 11:47:55am', '36', 's104-238-116-98.secureserver.net', ''),
(13, '2018-05-31 11:48:55am', '1', 's104-238-116-98.secureserver.net', '2018-05-31 11:49:31am'),
(14, '2018-05-31 11:49:29am', '70', 's104-238-116-98.secureserver.net', '2018-05-31 11:51:43am'),
(15, '2018-05-31 11:49:38am', '1', 's104-238-116-98.secureserver.net', '2018-05-31 11:54:43am'),
(16, '2018-05-31 11:51:46am', '79', 's104-238-116-98.secureserver.net', '2018-05-31 11:52:05am'),
(17, '2018-05-31 11:53:22am', '72', 's104-238-116-98.secureserver.net', '2018-05-31 11:58:20am'),
(18, '2018-05-31 11:53:29am', '70', 's104-238-116-98.secureserver.net', '2018-05-31 12:03:58pm'),
(19, '2018-05-31 11:54:27am', '100', 's104-238-116-98.secureserver.net', '2018-05-31 12:11:04pm'),
(20, '2018-05-31 11:56:17am', '36', 's104-238-116-98.secureserver.net', '2018-05-31 12:00:25pm'),
(21, '2018-05-31 11:56:47am', '73', 's104-238-116-98.secureserver.net', '2018-05-31 11:57:48am'),
(22, '2018-05-31 11:57:20am', '87', 's104-238-116-98.secureserver.net', '2018-05-31 12:00:45pm'),
(23, '2018-05-31 11:57:46am', '107', 's104-238-116-98.secureserver.net', '2018-05-31 11:59:15am'),
(24, '2018-05-31 11:57:59am', '1', 's104-238-116-98.secureserver.net', '2018-05-31 12:13:53pm'),
(25, '2018-05-31 11:58:00am', '73', 's104-238-116-98.secureserver.net', '2018-05-31 12:16:57pm'),
(26, '2018-05-31 11:58:57am', '101', 's104-238-116-98.secureserver.net', '2018-05-31 12:03:53pm'),
(27, '2018-05-31 11:59:46am', '107', 's104-238-116-98.secureserver.net', '2018-05-31 12:09:07pm'),
(28, '2018-05-31 12:00:06pm', '51', 's104-238-116-98.secureserver.net', '2018-05-31 12:24:18pm'),
(29, '2018-05-31 12:04:00pm', '101', 's104-238-116-98.secureserver.net', '2018-05-31 12:04:04pm'),
(30, '2018-05-31 12:05:22pm', '90', 's104-238-116-98.secureserver.net', '2018-05-31 12:06:21pm'),
(31, '2018-05-31 12:07:05pm', '78', 's104-238-116-98.secureserver.net', '2018-05-31 12:09:31pm'),
(32, '2018-05-31 12:07:43pm', '55', 's104-238-116-98.secureserver.net', '2018-05-31 12:15:40pm'),
(33, '2018-05-31 12:08:08pm', '105', 's104-238-116-98.secureserver.net', '2018-05-31 12:08:22pm'),
(34, '2018-05-31 12:09:14pm', '107', 's104-238-116-98.secureserver.net', '2018-05-31 12:27:32pm'),
(35, '2018-05-31 12:14:08pm', '70', 's104-238-116-98.secureserver.net', '2018-05-31 12:16:53pm'),
(36, '2018-05-31 12:15:23pm', '53', 's104-238-116-98.secureserver.net', '2018-05-31 12:16:26pm'),
(37, '2018-05-31 12:16:31pm', '72', 's104-238-116-98.secureserver.net', '2018-05-31 12:16:46pm'),
(38, '2018-05-31 12:16:58pm', '1', 's104-238-116-98.secureserver.net', '2018-05-31 12:20:48pm'),
(39, '2018-05-31 12:17:23pm', '53', 's104-238-116-98.secureserver.net', '2018-05-31 12:17:32pm'),
(40, '2018-05-31 12:18:08pm', '105', 's104-238-116-98.secureserver.net', '2018-05-31 12:36:39pm'),
(41, '2018-05-31 12:18:09pm', '113', 's104-238-116-98.secureserver.net', '2018-05-31 12:19:57pm'),
(42, '2018-05-31 12:18:55pm', '74', 's104-238-116-98.secureserver.net', ''),
(43, '2018-05-31 12:20:54pm', '70', 's104-238-116-98.secureserver.net', '2018-05-31 12:29:10pm'),
(44, '2018-05-31 12:24:19pm', '53', 's104-238-116-98.secureserver.net', '2018-05-31 12:25:30pm'),
(45, '2018-05-31 12:36:46pm', '105', 's104-238-116-98.secureserver.net', '2018-05-31 12:43:36pm'),
(46, '2018-05-31 12:39:36pm', '49', 's104-238-116-98.secureserver.net', '2018-05-31 12:42:47pm'),
(47, '2018-05-31 12:40:30pm', '105', 's104-238-116-98.secureserver.net', '2018-05-31 12:43:48pm'),
(48, '2018-05-31 12:50:40pm', '105', 's104-238-116-98.secureserver.net', '2018-05-31 13:28:36pm'),
(49, '2018-05-31 12:51:10pm', '32', 's104-238-116-98.secureserver.net', '2018-05-31 12:51:29pm'),
(50, '2018-05-31 12:51:38pm', '32', 's104-238-116-98.secureserver.net', '2018-05-31 12:52:05pm'),
(51, '2018-05-31 12:52:26pm', '70', 's104-238-116-98.secureserver.net', '2018-05-31 12:53:01pm'),
(52, '2018-05-31 13:02:26pm', '32', 's104-238-116-98.secureserver.net', '2018-05-31 13:05:54pm'),
(53, '2018-05-31 13:04:28pm', '72', 's104-238-116-98.secureserver.net', '2018-05-31 13:19:45pm'),
(54, '2018-05-31 13:12:55pm', '73', 's104-238-116-98.secureserver.net', '2018-05-31 13:14:38pm'),
(55, '2018-05-31 13:13:11pm', '105', 's104-238-116-98.secureserver.net', '2018-05-31 14:19:53pm'),
(56, '2018-05-31 13:22:47pm', '87', 's104-238-116-98.secureserver.net', '2018-05-31 13:24:30pm'),
(57, '2018-05-31 13:28:45pm', '105', 's104-238-116-98.secureserver.net', '2018-05-31 13:28:50pm'),
(58, '2018-05-31 13:28:54pm', '70', 's104-238-116-98.secureserver.net', '2018-05-31 13:36:40pm'),
(59, '2018-05-31 13:30:13pm', '72', 's104-238-116-98.secureserver.net', '2018-05-31 13:31:17pm'),
(60, '2018-05-31 13:30:51pm', '73', 's104-238-116-98.secureserver.net', '2018-05-31 13:32:00pm'),
(61, '2018-05-31 13:31:24pm', '70', 's104-238-116-98.secureserver.net', '2018-05-31 13:32:39pm'),
(62, '2018-05-31 13:36:48pm', '70', 's104-238-116-98.secureserver.net', '2018-05-31 13:53:45pm'),
(63, '2018-05-31 13:56:32pm', '107', 's104-238-116-98.secureserver.net', '2018-05-31 13:57:14pm'),
(64, '2018-05-31 13:57:32pm', '107', 's104-238-116-98.secureserver.net', ''),
(65, '2018-05-31 14:01:39pm', '72', 's104-238-116-98.secureserver.net', '2018-05-31 14:01:55pm'),
(66, '2018-05-31 14:01:46pm', '53', 's104-238-116-98.secureserver.net', '2018-05-31 14:26:33pm'),
(67, '2018-05-31 14:02:12pm', '72', 's104-238-116-98.secureserver.net', '2018-05-31 14:02:33pm'),
(68, '2018-05-31 14:05:46pm', '50', 's104-238-116-98.secureserver.net', ''),
(69, '2018-05-31 14:06:07pm', '50', 's104-238-116-98.secureserver.net', ''),
(70, '2018-05-31 14:06:15pm', '72', 's104-238-116-98.secureserver.net', '2018-05-31 14:07:35pm'),
(71, '2018-05-31 14:06:35pm', '50', 's104-238-116-98.secureserver.net', ''),
(72, '2018-05-31 14:07:03pm', '50', 's104-238-116-98.secureserver.net', ''),
(73, '2018-05-31 14:07:43pm', '72', 's104-238-116-98.secureserver.net', '2018-05-31 14:13:23pm'),
(74, '2018-05-31 14:07:56pm', '50', 's104-238-116-98.secureserver.net', ''),
(75, '2018-05-31 14:15:22pm', '77', 's104-238-116-98.secureserver.net', '2018-05-31 14:17:37pm'),
(76, '2018-05-31 14:21:59pm', '70', 's104-238-116-98.secureserver.net', '2018-05-31 15:06:52pm'),
(77, '2018-05-31 14:57:24pm', '113', 's104-238-116-98.secureserver.net', '2018-05-31 14:58:34pm'),
(78, '2018-05-31 15:07:48pm', '70', 's104-238-116-98.secureserver.net', '2018-05-31 15:30:22pm'),
(79, '2018-05-31 15:26:47pm', '32', 's104-238-116-98.secureserver.net', '2018-05-31 15:26:59pm'),
(80, '2018-05-31 15:27:05pm', '70', 's104-238-116-98.secureserver.net', '2018-05-31 15:42:27pm'),
(81, '2018-05-31 15:54:46pm', '15', 's104-238-116-98.secureserver.net', '2018-05-31 16:11:54pm'),
(82, '2018-05-31 16:00:07pm', '15', 's104-238-116-98.secureserver.net', '2018-05-31 16:00:35pm'),
(83, '2018-05-31 16:13:51pm', '66', 's104-238-116-98.secureserver.net', '2018-05-31 16:14:55pm'),
(84, '2018-05-31 16:18:00pm', '77', 's104-238-116-98.secureserver.net', '2018-05-31 16:18:18pm'),
(85, '2018-05-31 16:18:40pm', '80', 's104-238-116-98.secureserver.net', '2018-05-31 16:18:50pm'),
(86, '2018-05-31 16:19:12pm', '82', 's104-238-116-98.secureserver.net', '2018-05-31 16:19:32pm'),
(87, '2018-05-31 16:26:32pm', '32', 's104-238-116-98.secureserver.net', '2018-05-31 16:27:05pm'),
(88, '2018-05-31 16:45:09pm', '70', 's104-238-116-98.secureserver.net', '2018-05-31 17:49:17pm'),
(89, '2018-05-31 17:01:27pm', '70', 's104-238-116-98.secureserver.net', '2018-05-31 17:06:55pm'),
(90, '2018-05-31 17:08:39pm', '36', 's104-238-116-98.secureserver.net', '2018-05-31 17:10:30pm'),
(91, '2018-05-31 17:08:39pm', '113', 's104-238-116-98.secureserver.net', '2018-05-31 17:12:22pm'),
(92, '2018-05-31 17:08:46pm', '70', 's104-238-116-98.secureserver.net', '2018-05-31 17:23:47pm'),
(93, '2018-05-31 17:11:44pm', '73', 's104-238-116-98.secureserver.net', '2018-05-31 17:20:08pm'),
(94, '2018-05-31 17:12:06pm', '90', 's104-238-116-98.secureserver.net', '2018-05-31 17:12:17pm'),
(95, '2018-05-31 17:12:48pm', '90', 's104-238-116-98.secureserver.net', '2018-05-31 17:13:47pm'),
(96, '2018-05-31 17:13:26pm', '87', 's104-238-116-98.secureserver.net', '2018-05-31 17:28:28pm'),
(97, '2018-05-31 17:13:55pm', '90', 's104-238-116-98.secureserver.net', '2018-05-31 17:18:51pm'),
(98, '2018-05-31 17:17:47pm', '36', 's104-238-116-98.secureserver.net', ''),
(99, '2018-05-31 17:18:55pm', '90', 's104-238-116-98.secureserver.net', '2018-05-31 17:20:17pm'),
(100, '2018-05-31 17:20:26pm', '73', 's104-238-116-98.secureserver.net', ''),
(101, '2018-05-31 17:33:46pm', '70', 's104-238-116-98.secureserver.net', '2018-05-31 17:54:51pm'),
(102, '2018-05-31 17:38:53pm', '113', 's104-238-116-98.secureserver.net', '2018-05-31 17:45:03pm'),
(103, '2018-05-31 17:42:06pm', '87', 's104-238-116-98.secureserver.net', ''),
(104, '2018-05-31 17:42:06pm', '87', 's104-238-116-98.secureserver.net', '2018-05-31 17:42:48pm'),
(105, '2018-05-31 17:42:55pm', '87', 's104-238-116-98.secureserver.net', '2018-05-31 17:51:58pm'),
(106, '2018-05-31 17:47:23pm', '15', 's104-238-116-98.secureserver.net', '2018-05-31 18:02:36pm'),
(107, '2018-05-31 17:49:03pm', '113', 's104-238-116-98.secureserver.net', '2018-05-31 17:52:09pm'),
(108, '2018-05-31 17:50:22pm', '113', 's104-238-116-98.secureserver.net', '2018-05-31 18:27:13pm'),
(109, '2018-05-31 17:54:32pm', '112', 's104-238-116-98.secureserver.net', '2018-05-31 18:10:34pm'),
(110, '2018-05-31 17:58:04pm', '19', 's104-238-116-98.secureserver.net', '2018-05-31 18:14:17pm'),
(111, '2018-05-31 18:11:33pm', '55', 's104-238-116-98.secureserver.net', '2018-05-31 18:11:45pm'),
(112, '2018-05-31 18:12:00pm', '55', 's104-238-116-98.secureserver.net', '2018-05-31 18:17:46pm'),
(113, '2018-05-31 18:14:20pm', '73', 's104-238-116-98.secureserver.net', ''),
(114, '2018-05-31 18:16:49pm', '32', 's104-238-116-98.secureserver.net', '2018-05-31 18:26:52pm'),
(115, '2018-05-31 18:21:56pm', '51', 's104-238-116-98.secureserver.net', '2018-05-31 18:37:25pm'),
(116, '2018-05-31 18:25:07pm', '70', 's104-238-116-98.secureserver.net', '2018-05-31 18:28:57pm'),
(117, '2018-05-31 18:25:22pm', '1', 's104-238-116-98.secureserver.net', '2018-05-31 18:36:39pm'),
(118, '2018-05-31 18:27:26pm', '70', 's104-238-116-98.secureserver.net', '2018-05-31 18:27:49pm'),
(119, '2018-05-31 18:37:06pm', '32', 's104-238-116-98.secureserver.net', '2018-05-31 18:37:30pm'),
(120, '2018-05-31 18:37:37pm', '15', 's104-238-116-98.secureserver.net', '2018-05-31 18:42:27pm'),
(121, '2018-05-31 18:42:34pm', '32', 's104-238-116-98.secureserver.net', '2018-05-31 18:48:39pm'),
(122, '2018-05-31 18:50:12pm', '70', 's104-238-116-98.secureserver.net', '2018-05-31 19:05:16pm'),
(123, '2018-05-31 18:50:24pm', '32', 's104-238-116-98.secureserver.net', '2018-05-31 18:55:45pm'),
(124, '2018-05-31 18:51:13pm', '19', 's104-238-116-98.secureserver.net', '2018-05-31 18:52:04pm'),
(125, '2018-05-31 19:06:18pm', '51', 's104-238-116-98.secureserver.net', '2018-05-31 19:06:37pm'),
(126, '2018-05-31 19:07:30pm', '50', 's104-238-116-98.secureserver.net', '2018-05-31 19:07:36pm'),
(127, '2018-05-31 19:07:51pm', '49', 's104-238-116-98.secureserver.net', '2018-05-31 19:07:57pm'),
(128, '2018-05-31 19:08:13pm', '55', 's104-238-116-98.secureserver.net', '2018-05-31 19:08:26pm'),
(129, '2018-05-31 19:36:50pm', '70', 's104-238-116-98.secureserver.net', '2018-05-31 19:37:59pm'),
(130, '2018-05-31 19:42:03pm', '105', 's104-238-116-98.secureserver.net', '2018-05-31 19:48:40pm'),
(131, '2018-05-31 19:48:56pm', '32', 's104-238-116-98.secureserver.net', '2018-05-31 19:49:23pm'),
(132, '2018-05-31 19:49:40pm', '105', 's104-238-116-98.secureserver.net', '2018-05-31 19:49:57pm'),
(133, '2018-05-31 19:50:52pm', '15', 's104-238-116-98.secureserver.net', '2018-05-31 19:51:52pm'),
(134, '2018-05-31 19:51:59pm', '70', 's104-238-116-98.secureserver.net', '2018-05-31 19:54:20pm'),
(135, '2018-05-31 20:08:16pm', '70', 's104-238-116-98.secureserver.net', '2018-05-31 20:11:59pm'),
(136, '2018-05-31 21:23:46pm', '87', 's104-238-116-98.secureserver.net', '2018-05-31 21:30:40pm'),
(137, '2018-06-01 10:02:30am', '101', 's104-238-116-98.secureserver.net', '2018-06-01 10:03:22am'),
(138, '2018-06-01 10:12:23am', '12', 's104-238-116-98.secureserver.net', '2018-06-01 10:15:37am'),
(139, '2018-06-01 10:15:57am', '70', 's104-238-116-98.secureserver.net', '2018-06-01 10:19:16am'),
(140, '2018-06-01 10:16:20am', '79', 's104-238-116-98.secureserver.net', '2018-06-01 10:20:30am'),
(141, '2018-06-01 10:21:47am', '105', 's104-238-116-98.secureserver.net', '2018-06-01 10:23:26am'),
(142, '2018-06-01 10:40:23am', '51', 's104-238-116-98.secureserver.net', '2018-06-01 10:55:51am'),
(143, '2018-06-01 10:40:29am', '78', 's104-238-116-98.secureserver.net', '2018-06-01 10:41:51am'),
(144, '2018-06-01 11:00:30am', '32', 's104-238-116-98.secureserver.net', '2018-06-01 11:17:08am'),
(145, '2018-06-01 11:33:35am', '19', 's104-238-116-98.secureserver.net', '2018-06-01 11:51:10am'),
(146, '2018-06-01 11:35:35am', '38', 's104-238-116-98.secureserver.net', '2018-06-01 11:36:18am'),
(147, '2018-06-01 11:35:57am', '107', 's104-238-116-98.secureserver.net', ''),
(148, '2018-06-01 11:36:17am', '53', 's104-238-116-98.secureserver.net', '2018-06-01 11:37:52am'),
(149, '2018-06-01 11:36:26am', '38', 's104-238-116-98.secureserver.net', '2018-06-01 11:39:20am'),
(150, '2018-06-01 11:37:59am', '70', 's104-238-116-98.secureserver.net', '2018-06-01 11:54:09am'),
(151, '2018-06-01 11:39:01am', '82', 's104-238-116-98.secureserver.net', '2018-06-01 11:53:33am'),
(152, '2018-06-01 11:41:10am', '93', 's104-238-116-98.secureserver.net', '2018-06-01 11:43:22am'),
(153, '2018-06-01 11:54:19am', '70', 's104-238-116-98.secureserver.net', '2018-06-01 12:09:40pm'),
(154, '2018-06-01 11:58:50am', '19', 's104-238-116-98.secureserver.net', '2018-06-01 13:12:22pm'),
(155, '2018-06-01 12:20:06pm', '70', 's104-238-116-98.secureserver.net', '2018-06-01 12:35:07pm'),
(156, '2018-06-01 12:20:36pm', '1', 's104-238-116-98.secureserver.net', '2018-06-01 12:30:29pm'),
(157, '2018-06-01 12:24:02pm', '70', 's104-238-116-98.secureserver.net', '2018-06-01 12:36:26pm'),
(158, '2018-06-01 12:32:04pm', '87', 's104-238-116-98.secureserver.net', '2018-06-01 12:32:17pm'),
(159, '2018-06-01 12:32:18pm', '1', 's104-238-116-98.secureserver.net', '2018-06-01 12:33:51pm'),
(160, '2018-06-01 13:09:56pm', '105', 's104-238-116-98.secureserver.net', '2018-06-01 13:25:03pm'),
(161, '2018-06-01 13:12:59pm', '15', 's104-238-116-98.secureserver.net', '2018-06-01 13:16:23pm'),
(162, '2018-06-01 14:05:26pm', '105', 's104-238-116-98.secureserver.net', '2018-06-01 14:05:33pm'),
(163, '2018-06-01 14:05:57pm', '105', 's104-238-116-98.secureserver.net', '2018-06-01 14:06:03pm'),
(164, '2018-06-01 14:07:25pm', '15', 's104-238-116-98.secureserver.net', '2018-06-01 14:11:15pm'),
(165, '2018-06-01 14:15:19pm', '1', 's104-238-116-98.secureserver.net', '2018-06-01 14:25:52pm'),
(166, '2018-06-01 14:25:26pm', '19', 's104-238-116-98.secureserver.net', '2018-06-01 14:25:39pm'),
(167, '2018-06-01 14:31:30pm', '1', 's104-238-116-98.secureserver.net', '2018-06-01 14:32:03pm'),
(168, '2018-06-01 14:32:11pm', '19', 's104-238-116-98.secureserver.net', ''),
(169, '2018-06-01 14:32:46pm', '1', 's104-238-116-98.secureserver.net', '2018-06-01 15:05:29pm'),
(170, '2018-06-01 14:42:20pm', '19', 's104-238-116-98.secureserver.net', '2018-06-01 15:02:35pm'),
(171, '2018-06-01 15:02:13pm', '53', 's104-238-116-98.secureserver.net', '2018-06-01 15:02:35pm'),
(172, '2018-06-01 15:04:47pm', '15', 's104-238-116-98.secureserver.net', '2018-06-01 15:33:17pm'),
(173, '2018-06-01 15:05:36pm', '32', 's104-238-116-98.secureserver.net', '2018-06-01 15:05:49pm'),
(174, '2018-06-01 15:11:06pm', '107', 's104-238-116-98.secureserver.net', '2018-06-01 16:00:10pm'),
(175, '2018-06-01 15:11:14pm', '1', 's104-238-116-98.secureserver.net', '2018-06-01 15:12:51pm'),
(176, '2018-06-01 15:13:05pm', '32', 's104-238-116-98.secureserver.net', '2018-06-01 15:25:10pm'),
(177, '2018-06-01 15:13:25pm', '70', 's104-238-116-98.secureserver.net', '2018-06-01 15:48:54pm'),
(178, '2018-06-01 15:25:17pm', '70', 's104-238-116-98.secureserver.net', '2018-06-01 15:29:25pm'),
(179, '2018-06-01 15:25:41pm', '70', 's104-238-116-98.secureserver.net', '2018-06-01 16:57:19pm'),
(180, '2018-06-01 15:33:04pm', '32', 's104-238-116-98.secureserver.net', '2018-06-01 15:41:52pm'),
(181, '2018-06-01 15:33:08pm', '105', 's104-238-116-98.secureserver.net', '2018-06-01 15:35:46pm'),
(182, '2018-06-01 15:35:29pm', '36', 's104-238-116-98.secureserver.net', ''),
(183, '2018-06-01 15:35:56pm', '70', 's104-238-116-98.secureserver.net', '2018-06-01 15:39:41pm'),
(184, '2018-06-01 15:40:33pm', '70', 's104-238-116-98.secureserver.net', '2018-06-01 15:50:23pm'),
(185, '2018-06-01 15:42:00pm', '70', 's104-238-116-98.secureserver.net', '2018-06-01 15:57:46pm'),
(186, '2018-06-01 16:12:34pm', '70', 's104-238-116-98.secureserver.net', '2018-06-01 16:13:08pm'),
(187, '2018-06-01 16:19:58pm', '107', 's104-238-116-98.secureserver.net', '2018-06-01 16:20:35pm'),
(188, '2018-06-01 16:20:35pm', '70', 's104-238-116-98.secureserver.net', '2018-06-01 16:45:33pm'),
(189, '2018-06-01 16:24:38pm', '82', 's104-238-116-98.secureserver.net', '2018-06-01 16:24:53pm'),
(190, '2018-06-01 16:25:00pm', '82', 's104-238-116-98.secureserver.net', '2018-06-01 16:26:00pm'),
(191, '2018-06-01 16:45:00pm', '51', 's104-238-116-98.secureserver.net', '2018-06-01 16:45:07pm'),
(192, '2018-06-01 16:45:21pm', '53', 's104-238-116-98.secureserver.net', '2018-06-01 16:45:52pm'),
(193, '2018-06-01 16:45:57pm', '107', 's104-238-116-98.secureserver.net', '2018-06-01 17:00:59pm'),
(194, '2018-06-01 16:46:16pm', '50', 's104-238-116-98.secureserver.net', '2018-06-01 16:49:37pm'),
(195, '2018-06-01 16:47:47pm', '32', 's104-238-116-98.secureserver.net', '2018-06-01 16:47:54pm'),
(196, '2018-06-01 16:48:09pm', '15', 's104-238-116-98.secureserver.net', '2018-06-01 16:48:18pm'),
(197, '2018-06-01 16:57:05pm', '32', 's104-238-116-98.secureserver.net', '2018-06-01 17:08:51pm'),
(198, '2018-06-01 16:59:51pm', '90', 's104-238-116-98.secureserver.net', '2018-06-01 17:00:03pm'),
(199, '2018-06-01 17:00:08pm', '15', 's104-238-116-98.secureserver.net', '2018-06-01 17:00:16pm'),
(200, '2018-06-01 17:01:23pm', '90', 's104-238-116-98.secureserver.net', '2018-06-01 17:02:39pm'),
(201, '2018-06-01 17:09:40pm', '15', 's104-238-116-98.secureserver.net', '2018-06-01 17:11:03pm'),
(202, '2018-06-01 17:11:09pm', '70', 's104-238-116-98.secureserver.net', '2018-06-01 17:11:19pm'),
(203, '2018-06-01 17:11:27pm', '15', 's104-238-116-98.secureserver.net', '2018-06-01 17:11:49pm'),
(204, '2018-06-01 17:11:32pm', '90', 's104-238-116-98.secureserver.net', '2018-06-01 17:11:37pm'),
(205, '2018-06-01 17:11:56pm', '70', 's104-238-116-98.secureserver.net', '2018-06-01 17:19:29pm'),
(206, '2018-06-01 17:12:49pm', '87', 's104-238-116-98.secureserver.net', '2018-06-01 17:13:02pm'),
(207, '2018-06-01 17:13:30pm', '70', 's104-238-116-98.secureserver.net', '2018-06-01 17:40:07pm'),
(208, '2018-06-01 17:32:29pm', '107', 's104-238-116-98.secureserver.net', '2018-06-01 17:32:41pm'),
(209, '2018-06-01 17:40:58pm', '36', 's104-238-116-98.secureserver.net', '2018-06-01 17:58:31pm'),
(210, '2018-06-01 18:07:27pm', '70', 's104-238-116-98.secureserver.net', '2018-06-01 18:10:53pm'),
(211, '2018-06-01 18:36:09pm', '105', 's104-238-116-98.secureserver.net', '2018-06-01 18:41:32pm'),
(212, '2018-06-01 18:41:41pm', '105', 's104-238-116-98.secureserver.net', '2018-06-01 18:41:45pm'),
(213, '2018-06-01 20:42:04pm', '78', 's104-238-116-98.secureserver.net', '2018-06-01 20:42:36pm'),
(214, '2018-06-01 20:43:10pm', '79', 's104-238-116-98.secureserver.net', '2018-06-01 20:44:33pm'),
(215, '2018-06-02 13:46:26pm', '82', 's104-238-116-98.secureserver.net', ''),
(216, '2018-06-02 13:47:27pm', '82', 's104-238-116-98.secureserver.net', ''),
(217, '2018-06-02 15:01:05pm', '101', 's104-238-116-98.secureserver.net', '2018-06-02 15:09:04pm'),
(218, '2018-06-02 15:01:15pm', '50', 's104-238-116-98.secureserver.net', '2018-06-02 15:02:24pm'),
(219, '2018-06-02 15:02:33pm', '50', 's104-238-116-98.secureserver.net', '2018-06-02 15:06:05pm'),
(220, '2018-06-02 15:07:27pm', '50', 's104-238-116-98.secureserver.net', ''),
(221, '2018-06-02 15:07:42pm', '50', 's104-238-116-98.secureserver.net', ''),
(222, '2018-06-02 15:07:52pm', '50', 's104-238-116-98.secureserver.net', '2018-06-02 15:07:58pm'),
(223, '2018-06-02 15:08:15pm', '50', 's104-238-116-98.secureserver.net', ''),
(224, '2018-06-02 15:08:43pm', '101', 's104-238-116-98.secureserver.net', '2018-06-02 15:10:30pm'),
(225, '2018-06-02 15:09:26pm', '87', 's104-238-116-98.secureserver.net', '2018-06-02 15:10:00pm'),
(226, '2018-06-02 15:09:28pm', '50', 's104-238-116-98.secureserver.net', ''),
(227, '2018-06-02 15:09:47pm', '50', 's104-238-116-98.secureserver.net', ''),
(228, '2018-06-02 15:10:09pm', '50', 's104-238-116-98.secureserver.net', ''),
(229, '2018-06-02 15:10:43pm', '50', 's104-238-116-98.secureserver.net', ''),
(230, '2018-06-02 15:11:59pm', '50', 's104-238-116-98.secureserver.net', ''),
(231, '2018-06-02 18:36:03pm', '110', 's104-238-116-98.secureserver.net', '2018-06-02 18:40:18pm'),
(232, '2018-06-03 01:28:36am', '105', 's104-238-116-98.secureserver.net', '2018-06-03 01:43:42am'),
(233, '2018-06-03 22:14:20pm', '101', 's104-238-116-98.secureserver.net', '2018-06-03 22:32:37pm'),
(234, '2018-06-03 22:16:16pm', '32', 's104-238-116-98.secureserver.net', '2018-06-03 22:31:21pm'),
(235, '2018-06-04 09:59:11am', '105', 's104-238-116-98.secureserver.net', '2018-06-04 10:06:54am'),
(236, '2018-06-04 10:24:35am', '50', 's104-238-116-98.secureserver.net', ''),
(237, '2018-06-04 10:37:50am', '72', 's104-238-116-98.secureserver.net', '2018-06-04 11:03:57am'),
(238, '2018-06-04 10:44:42am', '53', 's104-238-116-98.secureserver.net', '2018-06-04 10:52:08am'),
(239, '2018-06-04 11:04:06am', '72', 's104-238-116-98.secureserver.net', '2018-06-04 11:40:23am'),
(240, '2018-06-04 11:36:59am', '19', 's104-238-116-98.secureserver.net', '2018-06-04 11:59:55am'),
(241, '2018-06-04 11:41:05am', '50', 's104-238-116-98.secureserver.net', ''),
(242, '2018-06-04 11:41:32am', '50', 's104-238-116-98.secureserver.net', ''),
(243, '2018-06-04 11:42:10am', '50', 's104-238-116-98.secureserver.net', '2018-06-04 11:43:09am'),
(244, '2018-06-04 11:42:55am', '53', 's104-238-116-98.secureserver.net', '2018-06-04 11:43:26am'),
(245, '2018-06-04 11:43:45am', '50', 's104-238-116-98.secureserver.net', ''),
(246, '2018-06-04 11:50:42am', '32', 's104-238-116-98.secureserver.net', '2018-06-04 11:50:55am'),
(247, '2018-06-04 12:00:13pm', '3', 's104-238-116-98.secureserver.net', '2018-06-04 12:16:46pm'),
(248, '2018-06-04 12:10:02pm', '105', 's104-238-116-98.secureserver.net', '2018-06-04 12:50:27pm'),
(249, '2018-06-04 12:19:00pm', '3', 's104-238-116-98.secureserver.net', '2018-06-04 12:35:56pm'),
(250, '2018-06-04 12:44:13pm', '36', 's104-238-116-98.secureserver.net', '2018-06-04 13:00:55pm'),
(251, '2018-06-04 12:48:08pm', '3', 's104-238-116-98.secureserver.net', '2018-06-04 14:00:45pm'),
(252, '2018-06-04 12:50:35pm', '70', 's104-238-116-98.secureserver.net', '2018-06-04 13:35:24pm'),
(253, '2018-06-04 13:02:21pm', '51', 's104-238-116-98.secureserver.net', ''),
(254, '2018-06-04 13:05:43pm', '32', 's104-238-116-98.secureserver.net', '2018-06-04 13:09:14pm'),
(255, '2018-06-04 13:09:19pm', '32', 's104-238-116-98.secureserver.net', '2018-06-04 13:09:49pm'),
(256, '2018-06-04 13:29:46pm', '12', 's104-238-116-98.secureserver.net', '2018-06-04 13:52:00pm'),
(257, '2018-06-04 13:42:47pm', '1', 's104-238-116-98.secureserver.net', '2018-06-04 13:44:19pm'),
(258, '2018-06-04 13:49:24pm', '36', 's104-238-116-98.secureserver.net', '2018-06-04 13:50:29pm'),
(259, '2018-06-04 14:02:31pm', '15', 's104-238-116-98.secureserver.net', '2018-06-04 14:03:08pm'),
(260, '2018-06-04 14:03:17pm', '32', 's104-238-116-98.secureserver.net', '2018-06-04 14:03:34pm'),
(261, '2018-06-04 14:03:42pm', '70', 's104-238-116-98.secureserver.net', '2018-06-04 14:04:34pm'),
(262, '2018-06-04 14:03:45pm', '72', 's104-238-116-98.secureserver.net', '2018-06-04 14:06:06pm'),
(263, '2018-06-04 14:33:49pm', '70', 's104-238-116-98.secureserver.net', '2018-06-04 14:34:42pm'),
(264, '2018-06-04 14:34:18pm', '102', 's104-238-116-98.secureserver.net', '2018-06-04 14:36:50pm'),
(265, '2018-06-04 14:36:59pm', '102', 's104-238-116-98.secureserver.net', '2018-06-04 14:37:06pm'),
(266, '2018-06-04 14:37:24pm', '102', 's104-238-116-98.secureserver.net', '2018-06-04 15:36:05pm'),
(267, '2018-06-04 14:37:51pm', '73', 's104-238-116-98.secureserver.net', '2018-06-04 14:45:06pm'),
(268, '2018-06-04 14:45:02pm', '32', 's104-238-116-98.secureserver.net', '2018-06-04 14:46:24pm'),
(269, '2018-06-04 14:46:31pm', '1', 's104-238-116-98.secureserver.net', '2018-06-04 14:48:51pm'),
(270, '2018-06-04 14:47:28pm', '3', 's104-238-116-98.secureserver.net', '2018-06-04 14:56:08pm'),
(271, '2018-06-04 14:50:07pm', '1', 's104-238-116-98.secureserver.net', '2018-06-04 14:52:04pm'),
(272, '2018-06-04 15:01:54pm', '80', 's104-238-116-98.secureserver.net', '2018-06-04 15:03:14pm'),
(273, '2018-06-04 15:03:26pm', '80', 's104-238-116-98.secureserver.net', '2018-06-04 15:06:06pm'),
(274, '2018-06-04 15:25:06pm', '70', 's104-238-116-98.secureserver.net', '2018-06-04 15:26:42pm'),
(275, '2018-06-04 15:39:03pm', '30', 's104-238-116-98.secureserver.net', '2018-06-04 15:51:44pm'),
(276, '2018-06-04 15:51:52pm', '30', 's104-238-116-98.secureserver.net', '2018-06-04 15:55:23pm'),
(277, '2018-06-04 16:04:33pm', '90', 's104-238-116-98.secureserver.net', '2018-06-04 16:04:47pm'),
(278, '2018-06-04 16:04:59pm', '102', 's104-238-116-98.secureserver.net', '2018-06-04 16:06:18pm'),
(279, '2018-06-04 16:05:10pm', '73', 's104-238-116-98.secureserver.net', '2018-06-04 16:06:21pm'),
(280, '2018-06-04 16:07:02pm', '73', 's104-238-116-98.secureserver.net', '2018-06-04 16:07:39pm'),
(281, '2018-06-04 16:08:30pm', '30', 's104-238-116-98.secureserver.net', '2018-06-04 16:19:02pm'),
(282, '2018-06-04 16:19:21pm', '30', 's104-238-116-98.secureserver.net', '2018-06-04 16:23:47pm'),
(283, '2018-06-04 16:27:47pm', '30', 's104-238-116-98.secureserver.net', '2018-06-04 16:38:36pm'),
(284, '2018-06-04 16:27:47pm', '105', 's104-238-116-98.secureserver.net', '2018-06-04 16:29:04pm'),
(285, '2018-06-04 16:29:27pm', '70', 's104-238-116-98.secureserver.net', '2018-06-04 16:31:31pm'),
(286, '2018-06-04 16:32:46pm', '70', 's104-238-116-98.secureserver.net', '2018-06-04 17:00:18pm'),
(287, '2018-06-04 16:33:17pm', '70', 's104-238-116-98.secureserver.net', '2018-06-04 16:52:10pm'),
(288, '2018-06-04 16:41:04pm', '70', 's104-238-116-98.secureserver.net', '2018-06-04 16:53:27pm'),
(289, '2018-06-04 16:48:14pm', '73', 's104-238-116-98.secureserver.net', '2018-06-04 16:51:13pm'),
(290, '2018-06-04 16:55:15pm', '102', 's104-238-116-98.secureserver.net', '2018-06-04 16:57:39pm'),
(291, '2018-06-04 16:55:16pm', '19', 's104-238-116-98.secureserver.net', ''),
(292, '2018-06-04 17:03:31pm', '102', 's104-238-116-98.secureserver.net', '2018-06-04 17:04:25pm'),
(293, '2018-06-04 17:38:44pm', '1', 's104-238-116-98.secureserver.net', '2018-06-04 17:39:11pm'),
(294, '2018-06-04 18:03:27pm', '32', 's104-238-116-98.secureserver.net', '2018-06-04 18:18:34pm'),
(295, '2018-06-04 18:07:27pm', '36', 's104-238-116-98.secureserver.net', ''),
(296, '2018-06-04 22:52:38pm', '105', 's104-238-116-98.secureserver.net', '2018-06-04 23:09:15pm'),
(297, '2018-06-05 10:44:43am', '110', 's104-238-116-98.secureserver.net', '2018-06-05 10:48:53am'),
(298, '2018-06-05 10:49:30am', '110', 's104-238-116-98.secureserver.net', '2018-06-05 10:50:54am'),
(299, '2018-06-05 10:56:30am', '110', 's104-238-116-98.secureserver.net', '2018-06-05 11:00:26am'),
(300, '2018-06-05 11:13:15am', '70', 's104-238-116-98.secureserver.net', '2018-06-05 11:33:58am'),
(301, '2018-06-05 11:27:23am', '49', 's104-238-116-98.secureserver.net', '2018-06-05 11:29:57am'),
(302, '2018-06-05 11:41:21am', '1', 's104-238-116-98.secureserver.net', '2018-06-05 11:41:48am'),
(303, '2018-06-05 12:01:50pm', '70', 's104-238-116-98.secureserver.net', '2018-06-05 12:11:32pm'),
(304, '2018-06-05 12:13:06pm', '70', 's104-238-116-98.secureserver.net', '2018-06-05 12:15:29pm'),
(305, '2018-06-05 12:14:41pm', '55', 's104-238-116-98.secureserver.net', ''),
(306, '2018-06-05 12:17:18pm', '55', 's104-238-116-98.secureserver.net', '2018-06-05 12:18:47pm'),
(307, '2018-06-05 12:24:00pm', '82', 's104-238-116-98.secureserver.net', '2018-06-05 12:39:19pm'),
(308, '2018-06-05 12:26:25pm', '70', 's104-238-116-98.secureserver.net', '2018-06-05 12:33:00pm'),
(309, '2018-06-05 12:34:15pm', '32', 's104-238-116-98.secureserver.net', '2018-06-05 12:37:15pm'),
(310, '2018-06-05 12:34:34pm', '70', 's104-238-116-98.secureserver.net', '2018-06-05 12:34:46pm'),
(311, '2018-06-05 12:39:31pm', '82', 's104-238-116-98.secureserver.net', '2018-06-05 12:51:28pm'),
(312, '2018-06-05 12:54:52pm', '32', 's104-238-116-98.secureserver.net', '2018-06-05 13:10:47pm'),
(313, '2018-06-05 13:35:30pm', '87', 's104-238-116-98.secureserver.net', '2018-06-05 13:50:58pm'),
(314, '2018-06-05 13:48:05pm', '105', 's104-238-116-98.secureserver.net', '2018-06-05 13:58:26pm'),
(315, '2018-06-05 13:52:35pm', '87', 's104-238-116-98.secureserver.net', '2018-06-05 13:52:57pm'),
(316, '2018-06-05 13:53:53pm', '87', 's104-238-116-98.secureserver.net', '2018-06-05 13:57:17pm'),
(317, '2018-06-05 13:57:49pm', '105', 's104-238-116-98.secureserver.net', '2018-06-05 13:58:19pm'),
(318, '2018-06-05 13:57:49pm', '87', 's104-238-116-98.secureserver.net', '2018-06-05 13:58:31pm'),
(319, '2018-06-05 14:00:50pm', '115', 's104-238-116-98.secureserver.net', '2018-06-05 14:02:53pm'),
(320, '2018-06-05 14:08:48pm', '1', 's104-238-116-98.secureserver.net', '2018-06-05 14:10:08pm'),
(321, '2018-06-05 14:17:20pm', '105', 's104-238-116-98.secureserver.net', '2018-06-05 14:32:27pm'),
(322, '2018-06-05 14:23:35pm', '49', 's104-238-116-98.secureserver.net', '2018-06-05 14:25:46pm'),
(323, '2018-06-05 14:25:58pm', '49', 's104-238-116-98.secureserver.net', '2018-06-05 15:02:03pm'),
(324, '2018-06-05 14:42:27pm', '32', 's104-238-116-98.secureserver.net', '2018-06-05 14:57:56pm'),
(325, '2018-06-05 14:45:08pm', '105', 's104-238-116-98.secureserver.net', '2018-06-05 15:02:36pm'),
(326, '2018-06-05 14:55:05pm', '90', 's104-238-116-98.secureserver.net', '2018-06-05 15:00:52pm'),
(327, '2018-06-05 14:56:27pm', '36', 's104-238-116-98.secureserver.net', '2018-06-05 14:56:58pm'),
(328, '2018-06-05 15:04:58pm', '105', 's104-238-116-98.secureserver.net', '2018-06-05 15:20:17pm'),
(329, '2018-06-05 15:08:12pm', '101', 's104-238-116-98.secureserver.net', ''),
(330, '2018-06-05 15:08:58pm', '101', 's104-238-116-98.secureserver.net', ''),
(331, '2018-06-05 15:08:58pm', '101', 's104-238-116-98.secureserver.net', '2018-06-05 15:09:13pm'),
(332, '2018-06-05 15:19:11pm', '107', 's104-238-116-98.secureserver.net', '2018-06-05 15:22:30pm'),
(333, '2018-06-05 15:20:44pm', '105', 's104-238-116-98.secureserver.net', '2018-06-05 16:00:53pm'),
(334, '2018-06-05 15:27:43pm', '84', 's104-238-116-98.secureserver.net', '2018-06-05 15:45:23pm'),
(335, '2018-06-05 15:59:57pm', '32', 's104-238-116-98.secureserver.net', '2018-06-05 16:15:10pm'),
(336, '2018-06-05 16:01:26pm', '84', 's104-238-116-98.secureserver.net', '2018-06-05 16:19:33pm'),
(337, '2018-06-05 16:09:11pm', '1', 's104-238-116-98.secureserver.net', '2018-06-05 16:37:48pm'),
(338, '2018-06-05 16:15:10pm', '105', 's104-238-116-98.secureserver.net', '2018-06-05 16:39:50pm'),
(339, '2018-06-05 16:19:10pm', '102', 's104-238-116-98.secureserver.net', '2018-06-05 16:19:42pm'),
(340, '2018-06-05 16:21:08pm', '30', 's104-238-116-98.secureserver.net', '2018-06-05 16:22:05pm'),
(341, '2018-06-05 16:25:06pm', '30', 's104-238-116-98.secureserver.net', '2018-06-05 16:28:30pm'),
(342, '2018-06-05 16:30:50pm', '70', 's104-238-116-98.secureserver.net', '2018-06-05 16:50:09pm'),
(343, '2018-06-05 16:31:27pm', '82', 's104-238-116-98.secureserver.net', '2018-06-05 16:32:16pm'),
(344, '2018-06-05 16:54:47pm', '105', 's104-238-116-98.secureserver.net', '2018-06-05 17:10:31pm'),
(345, '2018-06-05 16:55:08pm', '32', 's104-238-116-98.secureserver.net', '2018-06-05 16:57:56pm'),
(346, '2018-06-05 16:58:09pm', '80', 's104-238-116-98.secureserver.net', '2018-06-05 16:58:18pm'),
(347, '2018-06-05 17:02:10pm', '70', 's104-238-116-98.secureserver.net', '2018-06-05 17:04:18pm'),
(348, '2018-06-05 17:07:46pm', '30', 's104-238-116-98.secureserver.net', '2018-06-05 17:14:27pm'),
(349, '2018-06-05 17:11:57pm', '32', 's104-238-116-98.secureserver.net', '2018-06-05 17:25:08pm'),
(350, '2018-06-05 17:17:26pm', '49', 's104-238-116-98.secureserver.net', '2018-06-05 17:17:38pm'),
(351, '2018-06-05 17:24:41pm', '72', 's104-238-116-98.secureserver.net', '2018-06-05 17:27:10pm'),
(352, '2018-06-05 17:34:30pm', '19', 's104-238-116-98.secureserver.net', '2018-06-05 17:52:33pm'),
(353, '2018-06-05 17:50:45pm', '70', 's104-238-116-98.secureserver.net', '2018-06-05 17:53:09pm'),
(354, '2018-06-05 17:50:57pm', '70', 's104-238-116-98.secureserver.net', '2018-06-05 17:54:26pm'),
(355, '2018-06-05 17:56:04pm', '32', 's104-238-116-98.secureserver.net', '2018-06-05 18:28:16pm'),
(356, '2018-06-05 17:57:59pm', '19', 's104-238-116-98.secureserver.net', '2018-06-05 18:01:47pm'),
(357, '2018-06-05 18:11:17pm', '105', 's104-238-116-98.secureserver.net', '2018-06-05 18:27:45pm'),
(358, '2018-06-05 18:22:05pm', '110', 's104-238-116-98.secureserver.net', '2018-06-05 18:30:50pm'),
(359, '2018-06-05 18:32:36pm', '70', 's104-238-116-98.secureserver.net', '2018-06-05 18:50:42pm'),
(360, '2018-06-05 18:34:07pm', '19', 's104-238-116-98.secureserver.net', '2018-06-05 18:39:38pm'),
(361, '2018-06-05 18:39:29pm', '36', 's104-238-116-98.secureserver.net', '2018-06-05 18:44:29pm'),
(362, '2018-06-05 20:42:54pm', '53', 's104-238-116-98.secureserver.net', '2018-06-05 20:57:18pm'),
(363, '2018-06-05 22:09:38pm', '110', 's104-238-116-98.secureserver.net', '2018-06-05 22:30:06pm'),
(364, '2018-06-05 22:25:21pm', '105', 's104-238-116-98.secureserver.net', '2018-06-05 22:40:45pm'),
(365, '2018-06-05 23:00:34pm', '87', 's104-238-116-98.secureserver.net', '2018-06-05 23:02:21pm'),
(366, '2018-06-06 07:53:37am', '102', 's104-238-116-98.secureserver.net', '2018-06-06 07:56:54am'),
(367, '2018-06-06 10:21:09am', '110', 's104-238-116-98.secureserver.net', '2018-06-06 10:22:44am'),
(368, '2018-06-06 10:46:52am', '108', 's104-238-116-98.secureserver.net', '2018-06-06 10:49:18am'),
(369, '2018-06-06 10:50:17am', '115', 's104-238-116-98.secureserver.net', '2018-06-06 10:50:31am'),
(370, '2018-06-06 10:50:56am', '108', 's104-238-116-98.secureserver.net', '2018-06-06 10:51:17am'),
(371, '2018-06-06 10:57:37am', '70', 's104-238-116-98.secureserver.net', '2018-06-06 11:04:15am'),
(372, '2018-06-06 11:01:46am', '36', 's104-238-116-98.secureserver.net', '2018-06-06 11:20:28am'),
(373, '2018-06-06 12:03:37pm', '53', 's104-238-116-98.secureserver.net', ''),
(374, '2018-06-06 12:19:25pm', '3', 's104-238-116-98.secureserver.net', '2018-06-06 12:34:36pm'),
(375, '2018-06-06 12:42:05pm', '80', 's104-238-116-98.secureserver.net', '2018-06-06 12:42:15pm'),
(376, '2018-06-06 12:54:17pm', '3', 's104-238-116-98.secureserver.net', '2018-06-06 12:59:17pm'),
(377, '2018-06-06 13:07:43pm', '55', 's104-238-116-98.secureserver.net', '2018-06-06 13:22:55pm'),
(378, '2018-06-06 13:23:05pm', '19', 's104-238-116-98.secureserver.net', '2018-06-06 13:40:06pm'),
(379, '2018-06-06 13:40:19pm', '36', 's104-238-116-98.secureserver.net', '2018-06-06 13:42:53pm'),
(380, '2018-06-06 14:05:10pm', '105', 's104-238-116-98.secureserver.net', '2018-06-06 14:05:28pm'),
(381, '2018-06-06 14:48:56pm', '105', 's104-238-116-98.secureserver.net', '2018-06-06 14:55:03pm'),
(382, '2018-06-06 15:22:06pm', '70', 's104-238-116-98.secureserver.net', '2018-06-06 15:38:56pm'),
(383, '2018-06-06 15:35:22pm', '82', 's104-238-116-98.secureserver.net', '2018-06-06 15:51:13pm'),
(384, '2018-06-06 15:44:45pm', '105', 's104-238-116-98.secureserver.net', '2018-06-06 16:43:28pm'),
(385, '2018-06-06 16:02:11pm', '90', 's104-238-116-98.secureserver.net', '2018-06-06 16:02:31pm'),
(386, '2018-06-06 16:03:34pm', '90', 's104-238-116-98.secureserver.net', '2018-06-06 16:04:44pm'),
(387, '2018-06-06 16:10:44pm', '82', 's104-238-116-98.secureserver.net', '2018-06-06 16:11:08pm'),
(388, '2018-06-06 16:28:17pm', '32', 's104-238-116-98.secureserver.net', '2018-06-06 16:34:22pm'),
(389, '2018-06-06 17:35:49pm', '115', 's104-238-116-98.secureserver.net', '2018-06-06 17:51:32pm'),
(390, '2018-06-06 18:02:02pm', '79', 's104-238-116-98.secureserver.net', '2018-06-06 18:17:25pm'),
(391, '2018-06-06 18:18:27pm', '1', 's104-238-116-98.secureserver.net', '2018-06-06 18:24:28pm'),
(392, '2018-06-06 18:18:58pm', '101', 's104-238-116-98.secureserver.net', '2018-06-06 18:19:52pm'),
(393, '2018-06-06 18:22:38pm', '79', 's104-238-116-98.secureserver.net', '2018-06-06 18:39:02pm'),
(394, '2018-06-06 18:23:30pm', '57', 's104-238-116-98.secureserver.net', '2018-06-06 18:25:19pm'),
(395, '2018-06-06 18:25:34pm', '57', 's104-238-116-98.secureserver.net', '2018-06-06 19:48:38pm'),
(396, '2018-06-06 18:38:06pm', '12', 's104-238-116-98.secureserver.net', '2018-06-06 18:57:40pm'),
(397, '2018-06-06 18:42:55pm', '32', 's104-238-116-98.secureserver.net', '2018-06-06 18:48:26pm'),
(398, '2018-06-06 18:46:40pm', '53', 's104-238-116-98.secureserver.net', ''),
(399, '2018-06-06 19:28:54pm', '12', 's104-238-116-98.secureserver.net', '2018-06-06 19:31:42pm'),
(400, '2018-06-06 19:43:27pm', '105', 's104-238-116-98.secureserver.net', '2018-06-06 19:43:56pm'),
(401, '2018-06-06 19:51:29pm', '57', 's104-238-116-98.secureserver.net', '2018-06-06 20:35:20pm'),
(402, '2018-06-06 20:35:46pm', '57', 's104-238-116-98.secureserver.net', '2018-06-06 20:40:08pm'),
(403, '2018-06-06 21:21:41pm', '82', 's104-238-116-98.secureserver.net', ''),
(404, '2018-06-06 22:57:20pm', '110', 's104-238-116-98.secureserver.net', '2018-06-06 22:59:41pm'),
(405, '2018-06-07 07:46:26am', '90', 's104-238-116-98.secureserver.net', '2018-06-07 07:47:34am'),
(406, '2018-06-07 08:19:55am', '55', 's104-238-116-98.secureserver.net', '2018-06-07 08:20:47am'),
(407, '2018-06-07 08:43:20am', '74', 's104-238-116-98.secureserver.net', ''),
(408, '2018-06-07 08:43:31am', '74', 's104-238-116-98.secureserver.net', ''),
(409, '2018-06-07 10:20:13am', '105', 's104-238-116-98.secureserver.net', '2018-06-07 11:54:15am'),
(410, '2018-06-07 10:55:06am', '55', 's104-238-116-98.secureserver.net', '2018-06-07 11:06:03am'),
(411, '2018-06-07 10:56:36am', '53', 's104-238-116-98.secureserver.net', '2018-06-07 11:20:03am'),
(412, '2018-06-07 11:03:19am', '32', 's104-238-116-98.secureserver.net', '2018-06-07 11:08:32am'),
(413, '2018-06-07 11:08:36am', '32', 's104-238-116-98.secureserver.net', '2018-06-07 11:13:56am'),
(414, '2018-06-07 11:24:54am', '32', 's104-238-116-98.secureserver.net', '2018-06-07 11:25:55am'),
(415, '2018-06-07 11:34:36am', '105', 's104-238-116-98.secureserver.net', '2018-06-07 11:36:49am'),
(416, '2018-06-07 11:37:42am', '32', 's104-238-116-98.secureserver.net', '2018-06-07 12:03:11pm'),
(417, '2018-06-07 11:53:00am', '19', 's104-238-116-98.secureserver.net', '2018-06-07 12:22:11pm'),
(418, '2018-06-07 11:56:21am', '105', 's104-238-116-98.secureserver.net', '2018-06-07 12:22:26pm'),
(419, '2018-06-07 12:05:29pm', '78', 's104-238-116-98.secureserver.net', '2018-06-07 12:16:20pm'),
(420, '2018-06-07 12:06:29pm', '32', 's104-238-116-98.secureserver.net', '2018-06-07 12:29:25pm'),
(421, '2018-06-07 12:23:05pm', '105', 's104-238-116-98.secureserver.net', '2018-06-07 12:29:53pm'),
(422, '2018-06-07 13:22:01pm', '70', 's104-238-116-98.secureserver.net', '2018-06-07 13:42:41pm'),
(423, '2018-06-07 13:52:09pm', '105', 's104-238-116-98.secureserver.net', '2018-06-07 14:04:29pm'),
(424, '2018-06-07 14:04:43pm', '19', 's104-238-116-98.secureserver.net', '2018-06-07 14:05:21pm'),
(425, '2018-06-07 14:11:11pm', '105', 's104-238-116-98.secureserver.net', '2018-06-07 14:11:32pm'),
(426, '2018-06-07 14:11:13pm', '70', 's104-238-116-98.secureserver.net', '2018-06-07 14:11:57pm'),
(427, '2018-06-07 14:42:44pm', '32', 's104-238-116-98.secureserver.net', '2018-06-07 14:46:49pm'),
(428, '2018-06-07 14:51:28pm', '32', 's104-238-116-98.secureserver.net', '2018-06-07 14:52:50pm'),
(429, '2018-06-07 14:54:38pm', '15', 's104-238-116-98.secureserver.net', '2018-06-07 15:03:09pm'),
(430, '2018-06-07 15:02:16pm', '15', 's104-238-116-98.secureserver.net', '2018-06-07 16:17:28pm'),
(431, '2018-06-07 15:04:26pm', '15', 's104-238-116-98.secureserver.net', ''),
(432, '2018-06-07 15:16:08pm', '70', 's104-238-116-98.secureserver.net', '2018-06-07 15:18:02pm'),
(433, '2018-06-07 15:21:39pm', '12', 's104-238-116-98.secureserver.net', '2018-06-07 15:27:37pm'),
(434, '2018-06-07 15:37:29pm', '15', 's104-238-116-98.secureserver.net', '2018-06-07 15:38:46pm'),
(435, '2018-06-07 15:40:14pm', '70', 's104-238-116-98.secureserver.net', '2018-06-07 15:44:48pm'),
(436, '2018-06-07 15:45:01pm', '15', 's104-238-116-98.secureserver.net', '2018-06-07 15:57:29pm'),
(437, '2018-06-07 15:57:34pm', '32', 's104-238-116-98.secureserver.net', '2018-06-07 15:59:19pm'),
(438, '2018-06-07 16:27:35pm', '70', 's104-238-116-98.secureserver.net', '2018-06-07 16:35:14pm'),
(439, '2018-06-07 16:29:04pm', '32', 's104-238-116-98.secureserver.net', '2018-06-07 16:29:19pm'),
(440, '2018-06-07 16:29:36pm', '15', 's104-238-116-98.secureserver.net', '2018-06-07 16:38:47pm'),
(441, '2018-06-07 16:39:05pm', '15', 's104-238-116-98.secureserver.net', '2018-06-07 16:39:10pm'),
(442, '2018-06-07 16:40:51pm', '15', 's104-238-116-98.secureserver.net', '2018-06-07 16:41:21pm'),
(443, '2018-06-07 16:44:23pm', 'audit', 's104-238-116-98.secureserver.net', '2018-06-07 17:03:48pm'),
(444, '2018-06-07 16:52:07pm', '105', 's104-238-116-98.secureserver.net', ''),
(445, '2018-06-07 17:03:55pm', 'audit', 's104-238-116-98.secureserver.net', '2018-06-07 17:27:30pm'),
(446, '2018-06-07 17:08:42pm', '36', 's104-238-116-98.secureserver.net', '2018-06-07 17:10:47pm'),
(447, '2018-06-07 17:09:09pm', '70', 's104-238-116-98.secureserver.net', '2018-06-07 17:33:06pm'),
(448, '2018-06-07 17:27:37pm', 'audit', 's104-238-116-98.secureserver.net', '2018-06-07 17:36:59pm'),
(449, '2018-06-07 17:34:09pm', '32', 's104-238-116-98.secureserver.net', '2018-06-07 17:34:29pm'),
(450, '2018-06-07 17:34:37pm', 'audit', 's104-238-116-98.secureserver.net', '2018-06-07 17:35:55pm'),
(451, '2018-06-07 17:35:39pm', '70', 's104-238-116-98.secureserver.net', '2018-06-07 17:43:48pm'),
(452, '2018-06-07 18:04:42pm', '36', 's104-238-116-98.secureserver.net', '2018-06-07 18:07:11pm'),
(453, '2018-06-07 18:11:44pm', '73', 's104-238-116-98.secureserver.net', '2018-06-07 18:17:30pm'),
(454, '2018-06-07 18:27:36pm', '105', 's104-238-116-98.secureserver.net', '2018-06-07 18:28:28pm'),
(455, '2018-06-07 20:19:31pm', '53', 's104-238-116-98.secureserver.net', '2018-06-07 20:26:12pm'),
(456, '2018-06-08 11:01:49am', '53', 's104-238-116-98.secureserver.net', '2018-06-08 11:10:16am'),
(457, '2018-06-08 11:02:40am', '74', 's104-238-116-98.secureserver.net', '2018-06-08 11:03:22am'),
(458, '2018-06-08 12:19:57pm', '3', 's104-238-116-98.secureserver.net', '2018-06-08 12:34:35pm'),
(459, '2018-06-08 12:31:42pm', '70', 's104-238-116-98.secureserver.net', '2018-06-08 12:52:27pm'),
(460, '2018-06-08 12:56:51pm', '77', 's104-238-116-98.secureserver.net', '2018-06-08 13:33:41pm'),
(461, '2018-06-08 13:03:16pm', '1', 's104-238-116-98.secureserver.net', '2018-06-08 13:05:00pm'),
(462, '2018-06-08 13:34:41pm', '77', 's104-238-116-98.secureserver.net', '2018-06-08 13:35:44pm'),
(463, '2018-06-08 14:10:46pm', '77', 's104-238-116-98.secureserver.net', '2018-06-08 14:24:09pm'),
(464, '2018-06-08 14:24:19pm', '77', 's104-238-116-98.secureserver.net', '2018-06-08 14:37:13pm'),
(465, '2018-06-08 14:43:32pm', '32', 's104-238-116-98.secureserver.net', '2018-06-08 14:46:29pm'),
(466, '2018-06-08 14:46:09pm', '15', 's104-238-116-98.secureserver.net', '2018-06-08 14:46:18pm'),
(467, '2018-06-08 14:46:36pm', '15', 's104-238-116-98.secureserver.net', '2018-06-08 14:49:42pm'),
(468, '2018-06-08 14:50:07pm', '36', 's104-238-116-98.secureserver.net', '2018-06-08 14:54:23pm'),
(469, '2018-06-08 14:57:41pm', '110', 's104-238-116-98.secureserver.net', '2018-06-08 14:59:15pm'),
(470, '2018-06-08 14:58:05pm', '77', 's104-238-116-98.secureserver.net', '2018-06-08 16:15:32pm'),
(471, '2018-06-08 15:03:27pm', '80', 's104-238-116-98.secureserver.net', '2018-06-08 15:05:20pm'),
(472, '2018-06-08 15:03:59pm', '78', 's104-238-116-98.secureserver.net', '2018-06-08 15:24:10pm'),
(473, '2018-06-08 15:24:26pm', '78', 's104-238-116-98.secureserver.net', '2018-06-08 16:05:59pm'),
(474, '2018-06-08 15:26:21pm', '100', 's104-238-116-98.secureserver.net', '2018-06-08 16:00:46pm'),
(475, '2018-06-08 15:28:21pm', '114', 's104-238-116-98.secureserver.net', ''),
(476, '2018-06-08 15:51:13pm', '70', 's104-238-116-98.secureserver.net', '2018-06-08 15:51:46pm'),
(477, '2018-06-08 16:08:37pm', '70', 's104-238-116-98.secureserver.net', '2018-06-08 16:44:02pm'),
(478, '2018-06-08 16:16:00pm', '74', 's104-238-116-98.secureserver.net', '2018-06-08 16:33:09pm'),
(479, '2018-06-08 16:34:07pm', '74', 's104-238-116-98.secureserver.net', '2018-06-08 16:35:17pm'),
(480, '2018-06-08 16:44:09pm', '70', 's104-238-116-98.secureserver.net', '2018-06-08 16:45:45pm'),
(481, '2018-06-08 16:50:54pm', '36', 's104-238-116-98.secureserver.net', '2018-06-08 16:51:14pm'),
(482, '2018-06-08 17:19:39pm', '105', 's104-238-116-98.secureserver.net', '2018-06-08 17:30:28pm'),
(483, '2018-06-08 17:52:53pm', '105', 's104-238-116-98.secureserver.net', '2018-06-08 18:12:56pm'),
(484, '2018-06-08 17:58:41pm', '36', 's104-238-116-98.secureserver.net', '2018-06-08 18:03:12pm'),
(485, '2018-06-08 18:39:14pm', '105', 's104-238-116-98.secureserver.net', '2018-06-08 18:39:24pm'),
(486, '2018-06-08 18:49:16pm', '70', 's104-238-116-98.secureserver.net', '2018-06-08 18:51:17pm'),
(487, '2018-06-08 18:57:30pm', '70', 's104-238-116-98.secureserver.net', '2018-06-08 19:01:19pm'),
(488, '2018-06-08 18:58:55pm', '113', 's104-238-116-98.secureserver.net', '2018-06-08 19:00:37pm'),
(489, '2018-06-09 11:13:01am', '32', 's104-238-116-98.secureserver.net', '2018-06-09 11:16:10am'),
(490, '2018-06-09 15:16:17pm', '82', 's104-238-116-98.secureserver.net', '2018-06-09 15:16:26pm'),
(491, '2018-06-10 08:46:11am', '90', 's104-238-116-98.secureserver.net', '2018-06-10 08:46:34am'),
(492, '2018-06-11 10:23:27am', '113', 's104-238-116-98.secureserver.net', '2018-06-11 10:26:26am'),
(493, '2018-06-11 10:26:35am', '113', 's104-238-116-98.secureserver.net', '2018-06-11 10:29:29am'),
(494, '2018-06-11 10:40:25am', '36', 's104-238-116-98.secureserver.net', '2018-06-11 10:52:54am'),
(495, '2018-06-11 11:12:03am', '36', 's104-238-116-98.secureserver.net', '2018-06-11 11:17:15am'),
(496, '2018-06-11 11:29:00am', '36', 's104-238-116-98.secureserver.net', '2018-06-11 11:30:36am'),
(497, '2018-06-11 12:51:25pm', '70', 's104-238-116-98.secureserver.net', '2018-06-11 12:55:18pm'),
(498, '2018-06-11 14:10:49pm', '70', 's104-238-116-98.secureserver.net', '2018-06-11 14:11:38pm'),
(499, '2018-06-11 14:51:03pm', '55', 's104-238-116-98.secureserver.net', '2018-06-11 14:51:43pm'),
(500, '2018-06-11 15:23:46pm', '19', 's104-238-116-98.secureserver.net', '2018-06-11 15:24:23pm'),
(501, '2018-06-11 18:22:45pm', '105', 's104-238-116-98.secureserver.net', '2018-06-11 18:26:34pm'),
(502, '2018-06-11 18:37:38pm', '1', 's104-238-116-98.secureserver.net', '2018-06-11 18:38:18pm'),
(503, '2018-06-11 18:49:37pm', '102', 's104-238-116-98.secureserver.net', '2018-06-11 18:53:50pm'),
(504, '2018-06-11 18:57:10pm', '113', 's104-238-116-98.secureserver.net', '2018-06-11 18:59:56pm'),
(505, '2018-06-11 19:00:15pm', '53', 's104-238-116-98.secureserver.net', '2018-06-11 19:01:58pm'),
(506, '2018-06-11 19:24:51pm', '87', 's104-238-116-98.secureserver.net', '2018-06-11 19:30:05pm'),
(507, '2018-06-11 19:26:38pm', '36', 's104-238-116-98.secureserver.net', '2018-06-11 19:28:08pm'),
(508, '2018-06-11 19:30:30pm', '87', 's104-238-116-98.secureserver.net', '2018-06-11 19:32:44pm'),
(509, '2018-06-11 21:53:18pm', '105', 's104-238-116-98.secureserver.net', '2018-06-11 22:19:28pm'),
(510, '2018-06-12 11:41:35am', '70', 's104-238-116-98.secureserver.net', '2018-06-12 11:45:43am'),
(511, '2018-06-12 11:55:41am', '104', 's104-238-116-98.secureserver.net', '2018-06-12 11:57:41am'),
(512, '2018-06-12 12:27:03pm', '104', 's104-238-116-98.secureserver.net', '2018-06-12 12:31:27pm'),
(513, '2018-06-12 12:31:11pm', '113', 's104-238-116-98.secureserver.net', '2018-06-12 12:31:41pm'),
(514, '2018-06-12 13:28:25pm', '70', 's104-238-116-98.secureserver.net', '2018-06-12 13:32:35pm'),
(515, '2018-06-12 13:33:54pm', '3', 's104-238-116-98.secureserver.net', '2018-06-12 13:54:07pm'),
(516, '2018-06-12 13:38:32pm', '70', 's104-238-116-98.secureserver.net', '2018-06-12 13:59:45pm'),
(517, '2018-06-12 13:57:56pm', '113', 's104-238-116-98.secureserver.net', '2018-06-12 14:02:16pm'),
(518, '2018-06-12 13:58:54pm', '1', 's104-238-116-98.secureserver.net', '2018-06-12 14:03:02pm'),
(519, '2018-06-12 14:25:35pm', '49', 's104-238-116-98.secureserver.net', '2018-06-12 14:41:01pm'),
(520, '2018-06-12 14:34:03pm', '3', 's104-238-116-98.secureserver.net', '2018-06-12 14:54:06pm'),
(521, '2018-06-12 14:45:41pm', '49', 's104-238-116-98.secureserver.net', '2018-06-12 14:54:23pm'),
(522, '2018-06-12 15:08:34pm', '49', 's104-238-116-98.secureserver.net', '2018-06-12 15:11:51pm'),
(523, '2018-06-12 15:15:45pm', '30', 's104-238-116-98.secureserver.net', '2018-06-12 15:18:24pm');
INSERT INTO `tm_audit_trail` (`sl_no`, `login_dt`, `user_id`, `terminal_name`, `logout_dt`) VALUES
(524, '2018-06-12 15:19:37pm', '49', 's104-238-116-98.secureserver.net', '2018-06-12 15:21:37pm'),
(525, '2018-06-12 15:21:03pm', '36', 's104-238-116-98.secureserver.net', '2018-06-12 15:21:41pm'),
(526, '2018-06-12 15:21:52pm', '49', 's104-238-116-98.secureserver.net', ''),
(527, '2018-06-12 15:23:22pm', '30', 's104-238-116-98.secureserver.net', '2018-06-12 15:26:53pm'),
(528, '2018-06-12 15:23:48pm', '104', 's104-238-116-98.secureserver.net', '2018-06-12 15:55:52pm'),
(529, '2018-06-12 15:26:13pm', '78', 's104-238-116-98.secureserver.net', '2018-06-12 15:26:30pm'),
(530, '2018-06-12 15:36:03pm', '49', 's104-238-116-98.secureserver.net', '2018-06-12 15:36:23pm'),
(531, '2018-06-12 15:40:36pm', '113', 's104-238-116-98.secureserver.net', '2018-06-12 16:00:44pm'),
(532, '2018-06-12 16:02:09pm', '113', 's104-238-116-98.secureserver.net', '2018-06-12 16:10:12pm'),
(533, '2018-06-12 16:02:14pm', '70', 's104-238-116-98.secureserver.net', '2018-06-12 16:22:35pm'),
(534, '2018-06-12 16:21:52pm', '113', 's104-238-116-98.secureserver.net', '2018-06-12 16:25:25pm'),
(535, '2018-06-12 16:24:23pm', '70', 's104-238-116-98.secureserver.net', '2018-06-12 16:49:13pm'),
(536, '2018-06-12 16:28:42pm', '36', 's104-238-116-98.secureserver.net', '2018-06-12 16:29:00pm'),
(537, '2018-06-12 16:33:38pm', '104', 's104-238-116-98.secureserver.net', '2018-06-12 16:34:23pm'),
(538, '2018-06-12 16:39:19pm', '113', 's104-238-116-98.secureserver.net', '2018-06-12 16:39:55pm'),
(539, '2018-06-12 16:44:59pm', '36', 's104-238-116-98.secureserver.net', '2018-06-12 17:48:49pm'),
(540, '2018-06-12 18:17:51pm', '113', 's104-238-116-98.secureserver.net', '2018-06-12 18:18:32pm'),
(541, '2018-06-12 19:34:08pm', '36', 's104-238-116-98.secureserver.net', '2018-06-12 19:35:18pm'),
(542, '2018-06-13 14:19:12pm', '113', 's104-238-116-98.secureserver.net', '2018-06-13 14:20:11pm'),
(543, '2018-06-13 14:26:39pm', '78', 's104-238-116-98.secureserver.net', '2018-06-13 14:32:31pm'),
(544, '2018-06-13 14:55:28pm', '51', 's104-238-116-98.secureserver.net', '2018-06-13 15:28:11pm'),
(545, '2018-06-13 15:05:09pm', '100', 's104-238-116-98.secureserver.net', '2018-06-13 15:06:10pm'),
(546, '2018-06-13 15:44:14pm', '19', 's104-238-116-98.secureserver.net', ''),
(547, '2018-06-13 16:18:30pm', '12', 's104-238-116-98.secureserver.net', '2018-06-13 17:19:44pm'),
(548, '2018-06-13 16:21:58pm', '53', 's104-238-116-98.secureserver.net', '2018-06-13 16:32:04pm'),
(549, '2018-06-13 16:45:20pm', '70', 's104-238-116-98.secureserver.net', '2018-06-13 17:05:28pm'),
(550, '2018-06-13 16:59:50pm', '78', 's104-238-116-98.secureserver.net', '2018-06-13 17:20:45pm'),
(551, '2018-06-13 17:16:09pm', '70', 's104-238-116-98.secureserver.net', '2018-06-13 17:37:12pm'),
(552, '2018-06-13 17:18:26pm', '1', 's104-238-116-98.secureserver.net', '2018-06-13 17:28:23pm'),
(553, '2018-06-13 17:20:10pm', '51', 's104-238-116-98.secureserver.net', '2018-06-13 17:57:59pm'),
(554, '2018-06-13 17:23:45pm', '12', 's104-238-116-98.secureserver.net', '2018-06-13 17:42:40pm'),
(555, '2018-06-13 17:36:07pm', '78', 's104-238-116-98.secureserver.net', '2018-06-13 17:36:46pm'),
(556, '2018-06-13 17:39:27pm', '104', 's104-238-116-98.secureserver.net', '2018-06-13 17:40:16pm'),
(557, '2018-06-13 17:40:40pm', '100', 's104-238-116-98.secureserver.net', '2018-06-13 18:07:32pm'),
(558, '2018-06-13 17:43:07pm', '1', 's104-238-116-98.secureserver.net', '2018-06-13 17:44:18pm'),
(559, '2018-06-13 17:44:19pm', '70', 's104-238-116-98.secureserver.net', '2018-06-13 17:46:54pm'),
(560, '2018-06-13 17:49:26pm', '12', 's104-238-116-98.secureserver.net', '2018-06-13 17:51:11pm'),
(561, '2018-06-13 17:51:34pm', '12', 's104-238-116-98.secureserver.net', '2018-06-13 17:59:31pm'),
(562, '2018-06-13 17:53:57pm', '110', 's104-238-116-98.secureserver.net', '2018-06-13 18:09:06pm'),
(563, '2018-06-13 17:55:18pm', '70', 's104-238-116-98.secureserver.net', '2018-06-13 18:02:55pm'),
(564, '2018-06-13 17:56:46pm', '78', 's104-238-116-98.secureserver.net', '2018-06-13 17:58:41pm'),
(565, '2018-06-13 17:58:07pm', '70', 's104-238-116-98.secureserver.net', '2018-06-13 18:00:16pm'),
(566, '2018-06-13 17:58:23pm', '84', 's104-238-116-98.secureserver.net', '2018-06-13 18:09:05pm'),
(567, '2018-06-13 18:03:09pm', '70', 's104-238-116-98.secureserver.net', '2018-06-13 18:08:56pm'),
(568, '2018-06-14 11:14:28am', '70', 's104-238-116-98.secureserver.net', '2018-06-14 11:45:10am'),
(569, '2018-06-14 11:28:52am', '53', 's104-238-116-98.secureserver.net', '2018-06-14 11:31:12am'),
(570, '2018-06-14 11:28:58am', '38', 's104-238-116-98.secureserver.net', ''),
(571, '2018-06-14 11:28:59am', '38', 's104-238-116-98.secureserver.net', '2018-06-14 11:35:25am'),
(572, '2018-06-14 11:31:27am', '53', 's104-238-116-98.secureserver.net', '2018-06-14 11:32:04am'),
(573, '2018-06-14 12:31:26pm', '3', 's104-238-116-98.secureserver.net', '2018-06-14 12:51:36pm'),
(574, '2018-06-14 12:34:39pm', '113', 's104-238-116-98.secureserver.net', '2018-06-14 12:35:09pm'),
(575, '2018-06-14 12:52:15pm', '3', 's104-238-116-98.secureserver.net', '2018-06-14 13:40:23pm'),
(576, '2018-06-14 13:54:31pm', '1', 's104-238-116-98.secureserver.net', '2018-06-14 14:00:07pm'),
(577, '2018-06-14 14:02:56pm', '3', 's104-238-116-98.secureserver.net', '2018-06-14 14:06:56pm'),
(578, '2018-06-14 14:05:24pm', '78', 's104-238-116-98.secureserver.net', '2018-06-14 14:06:40pm'),
(579, '2018-06-14 14:26:11pm', '1', 's104-238-116-98.secureserver.net', '2018-06-14 14:27:44pm'),
(580, '2018-06-14 14:34:55pm', '36', 's104-238-116-98.secureserver.net', '2018-06-14 14:36:33pm'),
(581, '2018-06-14 14:34:55pm', '3', 's104-238-116-98.secureserver.net', '2018-06-14 14:36:01pm'),
(582, '2018-06-14 15:32:20pm', '36', 's104-238-116-98.secureserver.net', '2018-06-14 15:37:46pm'),
(583, '2018-06-14 16:19:57pm', '36', 's104-238-116-98.secureserver.net', '2018-06-14 16:26:09pm'),
(584, '2018-06-14 16:29:31pm', '70', 's104-238-116-98.secureserver.net', '2018-06-14 17:04:42pm'),
(585, '2018-06-14 16:31:56pm', '36', 's104-238-116-98.secureserver.net', '2018-06-14 17:24:38pm'),
(586, '2018-06-14 16:49:06pm', '3', 's104-238-116-98.secureserver.net', '2018-06-14 17:01:31pm'),
(587, '2018-06-14 17:03:52pm', '3', 's104-238-116-98.secureserver.net', '2018-06-14 17:23:42pm'),
(588, '2018-06-14 17:10:38pm', '74', 's104-238-116-98.secureserver.net', ''),
(589, '2018-06-14 17:10:39pm', '74', 's104-238-116-98.secureserver.net', ''),
(590, '2018-06-14 17:20:27pm', '70', 's104-238-116-98.secureserver.net', '2018-06-14 17:24:43pm'),
(591, '2018-06-14 17:26:37pm', '41', 's104-238-116-98.secureserver.net', ''),
(592, '2018-06-14 17:41:55pm', '36', 's104-238-116-98.secureserver.net', '2018-06-14 17:42:33pm'),
(593, '2018-06-14 18:36:16pm', '19', 's104-238-116-98.secureserver.net', '2018-06-14 18:38:31pm'),
(594, '2018-06-14 18:42:02pm', '84', 's104-238-116-98.secureserver.net', '2018-06-14 18:46:15pm'),
(595, '2018-06-14 18:45:30pm', '70', 's104-238-116-98.secureserver.net', '2018-06-14 18:46:22pm'),
(596, '2018-06-15 10:51:54am', '72', 's104-238-116-98.secureserver.net', '2018-06-15 11:09:21am'),
(597, '2018-06-15 11:01:54am', '70', 's104-238-116-98.secureserver.net', '2018-06-15 11:04:05am'),
(598, '2018-06-15 11:37:13am', '78', 's104-238-116-98.secureserver.net', '2018-06-15 11:38:17am'),
(599, '2018-06-15 15:00:55pm', '55', 's104-238-116-98.secureserver.net', '2018-06-15 15:04:44pm'),
(600, '2018-06-15 15:55:21pm', '70', 's104-238-116-98.secureserver.net', '2018-06-15 16:20:09pm'),
(601, '2018-06-15 16:00:09pm', '101', 's104-238-116-98.secureserver.net', '2018-06-15 16:01:30pm'),
(602, '2018-06-15 16:01:36pm', '101', 's104-238-116-98.secureserver.net', '2018-06-15 16:01:54pm'),
(603, '2018-06-15 16:02:05pm', '101', 's104-238-116-98.secureserver.net', '2018-06-15 16:18:09pm'),
(604, '2018-06-15 16:20:10pm', '101', 's104-238-116-98.secureserver.net', '2018-06-15 16:27:52pm'),
(605, '2018-06-15 16:33:42pm', '101', 's104-238-116-98.secureserver.net', '2018-06-15 17:05:43pm'),
(606, '2018-06-15 17:10:45pm', '115', 's104-238-116-98.secureserver.net', '2018-06-15 17:22:53pm'),
(607, '2018-06-15 17:12:45pm', '101', 's104-238-116-98.secureserver.net', '2018-06-15 17:14:33pm'),
(608, '2018-06-15 17:13:45pm', '70', 's104-238-116-98.secureserver.net', '2018-06-15 17:35:03pm'),
(609, '2018-06-15 17:51:37pm', '70', 's104-238-116-98.secureserver.net', '2018-06-15 18:02:47pm'),
(610, '2018-06-15 18:02:57pm', '70', 's104-238-116-98.secureserver.net', '2018-06-15 18:04:39pm'),
(611, '2018-06-15 18:06:49pm', '70', 's104-238-116-98.secureserver.net', '2018-06-15 18:19:58pm'),
(612, '2018-06-15 18:13:14pm', '30', 's104-238-116-98.secureserver.net', '2018-06-15 18:17:18pm'),
(613, '2018-06-18 11:35:55am', '55', 's104-238-116-98.secureserver.net', '2018-06-18 11:44:42am'),
(614, '2018-06-18 11:53:02am', '113', 's104-238-116-98.secureserver.net', '2018-06-18 11:53:26am'),
(615, '2018-06-18 12:02:40pm', '36', 's104-238-116-98.secureserver.net', '2018-06-18 12:06:49pm'),
(616, '2018-06-18 12:09:32pm', '3', 's104-238-116-98.secureserver.net', '2018-06-18 12:16:25pm'),
(617, '2018-06-18 17:13:50pm', '70', 's104-238-116-98.secureserver.net', '2018-06-18 19:09:45pm'),
(618, '2018-06-18 17:36:47pm', '66', 's104-238-116-98.secureserver.net', '2018-06-18 18:00:11pm'),
(619, '2018-06-18 18:23:49pm', '101', 's104-238-116-98.secureserver.net', '2018-06-18 18:24:00pm'),
(620, '2018-06-18 18:44:10pm', '30', 's104-238-116-98.secureserver.net', '2018-06-18 18:47:23pm'),
(621, '2018-06-18 18:47:37pm', '30', 's104-238-116-98.secureserver.net', '2018-06-18 18:50:47pm'),
(622, '2018-06-18 19:27:28pm', '87', 's104-238-116-98.secureserver.net', '2018-06-18 20:20:50pm'),
(623, '2018-06-18 20:06:46pm', '36', 's104-238-116-98.secureserver.net', '2018-06-18 20:12:49pm'),
(624, '2018-06-18 20:21:32pm', '87', 's104-238-116-98.secureserver.net', '2018-06-18 20:28:49pm'),
(625, '2018-06-18 20:48:57pm', '36', 's104-238-116-98.secureserver.net', '2018-06-18 20:52:22pm'),
(626, '2018-06-18 20:50:38pm', '87', 's104-238-116-98.secureserver.net', '2018-06-18 20:57:02pm'),
(627, '2018-06-19 10:14:58am', '113', 's104-238-116-98.secureserver.net', '2018-06-19 10:16:00am'),
(628, '2018-06-19 10:28:35am', '105', 's104-238-116-98.secureserver.net', '2018-06-19 10:48:44am'),
(629, '2018-06-19 11:45:58am', '79', 's104-238-116-98.secureserver.net', '2018-06-19 11:46:40am'),
(630, '2018-06-19 12:17:20pm', '82', 's104-238-116-98.secureserver.net', '2018-06-19 12:18:33pm'),
(631, '2018-06-19 12:27:34pm', '84', 's104-238-116-98.secureserver.net', '2018-06-19 12:58:15pm'),
(632, '2018-06-19 12:58:28pm', '84', 's104-238-116-98.secureserver.net', '2018-06-19 13:00:32pm'),
(633, '2018-06-19 13:00:44pm', '84', 's104-238-116-98.secureserver.net', '2018-06-19 13:00:52pm'),
(634, '2018-06-19 13:02:52pm', '115', 's104-238-116-98.secureserver.net', '2018-06-19 13:03:16pm'),
(635, '2018-06-19 13:03:07pm', '19', 's104-238-116-98.secureserver.net', '2018-06-19 13:45:15pm'),
(636, '2018-06-19 13:03:28pm', '115', 's104-238-116-98.secureserver.net', '2018-06-19 13:28:04pm'),
(637, '2018-06-19 13:50:27pm', '115', 's104-238-116-98.secureserver.net', '2018-06-19 15:16:44pm'),
(638, '2018-06-19 13:56:21pm', '77', 's104-238-116-98.secureserver.net', '2018-06-19 14:04:35pm'),
(639, '2018-06-19 14:10:07pm', '32', 's104-238-116-98.secureserver.net', '2018-06-19 14:10:28pm'),
(640, '2018-06-19 14:11:20pm', '70', 's104-238-116-98.secureserver.net', '2018-06-19 14:14:35pm'),
(641, '2018-06-19 14:15:18pm', '32', 's104-238-116-98.secureserver.net', '2018-06-19 14:18:37pm'),
(642, '2018-06-19 14:18:44pm', '70', 's104-238-116-98.secureserver.net', '2018-06-19 14:34:45pm'),
(643, '2018-06-19 14:34:52pm', '70', 's104-238-116-98.secureserver.net', '2018-06-19 14:42:04pm'),
(644, '2018-06-19 14:42:12pm', '32', 's104-238-116-98.secureserver.net', '2018-06-19 14:46:13pm'),
(645, '2018-06-19 14:46:20pm', '70', 's104-238-116-98.secureserver.net', '2018-06-19 14:47:18pm'),
(646, '2018-06-19 14:47:24pm', '32', 's104-238-116-98.secureserver.net', '2018-06-19 14:50:58pm'),
(647, '2018-06-19 15:28:14pm', '73', 's104-238-116-98.secureserver.net', '2018-06-19 15:34:05pm'),
(648, '2018-06-19 15:59:46pm', '77', 's104-238-116-98.secureserver.net', '2018-06-19 16:01:37pm'),
(649, '2018-06-19 16:10:41pm', '70', 's104-238-116-98.secureserver.net', '2018-06-19 16:11:17pm'),
(650, '2018-06-19 16:13:48pm', '70', 's104-238-116-98.secureserver.net', '2018-06-19 16:14:06pm'),
(651, '2018-06-19 16:28:27pm', '70', 's104-238-116-98.secureserver.net', '2018-06-19 16:32:09pm'),
(652, '2018-06-19 16:32:29pm', '32', 's104-238-116-98.secureserver.net', '2018-06-19 16:32:41pm'),
(653, '2018-06-19 16:32:48pm', '70', 's104-238-116-98.secureserver.net', '2018-06-19 16:34:41pm'),
(654, '2018-06-19 16:33:54pm', '87', 's104-238-116-98.secureserver.net', '2018-06-19 16:36:40pm'),
(655, '2018-06-19 16:38:21pm', 'audit', 's104-238-116-98.secureserver.net', '2018-06-19 16:38:43pm'),
(656, '2018-06-19 16:39:41pm', '70', 's104-238-116-98.secureserver.net', '2018-06-19 16:40:09pm'),
(657, '2018-06-19 16:40:50pm', '70', 's104-238-116-98.secureserver.net', '2018-06-19 17:07:00pm'),
(658, '2018-06-19 16:48:11pm', '38', 's104-238-116-98.secureserver.net', ''),
(659, '2018-06-19 16:59:03pm', '111', 's104-238-116-98.secureserver.net', '2018-06-19 17:10:27pm'),
(660, '2018-06-19 17:10:37pm', '70', 's104-238-116-98.secureserver.net', '2018-06-19 17:13:17pm'),
(661, '2018-06-19 17:57:07pm', '53', 's104-238-116-98.secureserver.net', '2018-06-19 17:58:27pm'),
(662, '2018-06-19 18:42:01pm', '87', 's104-238-116-98.secureserver.net', '2018-06-19 18:51:25pm'),
(663, '2018-06-19 21:30:35pm', '114', 's104-238-116-98.secureserver.net', ''),
(664, '2018-06-19 21:42:06pm', '114', 's104-238-116-98.secureserver.net', '2018-06-19 22:02:45pm'),
(665, '2018-06-20 10:53:06am', '104', 's104-238-116-98.secureserver.net', '2018-06-20 10:55:36am'),
(666, '2018-06-20 11:00:17am', '113', 's104-238-116-98.secureserver.net', '2018-06-20 11:00:27am'),
(667, '2018-06-20 11:44:43am', '55', 's104-238-116-98.secureserver.net', '2018-06-20 12:01:11pm'),
(668, '2018-06-20 12:34:48pm', '36', 's104-238-116-98.secureserver.net', '2018-06-20 12:40:02pm'),
(669, '2018-06-20 12:42:23pm', '36', 's104-238-116-98.secureserver.net', '2018-06-20 13:46:43pm'),
(670, '2018-06-20 15:02:24pm', '102', 's104-238-116-98.secureserver.net', '2018-06-20 15:02:43pm'),
(671, '2018-06-20 15:15:53pm', '55', 's104-238-116-98.secureserver.net', '2018-06-20 15:17:00pm'),
(672, '2018-06-20 15:34:46pm', '105', 's104-238-116-98.secureserver.net', '2018-06-20 16:11:56pm'),
(673, '2018-06-20 15:56:25pm', '70', 's104-238-116-98.secureserver.net', '2018-06-20 16:18:22pm'),
(674, '2018-06-20 16:19:04pm', '105', 's104-238-116-98.secureserver.net', ''),
(675, '2018-06-20 16:30:28pm', '55', 's104-238-116-98.secureserver.net', '2018-06-20 16:32:36pm'),
(676, '2018-06-20 16:57:03pm', '70', 's104-238-116-98.secureserver.net', '2018-06-20 17:06:11pm'),
(677, '2018-06-20 17:00:58pm', '55', 's104-238-116-98.secureserver.net', '2018-06-20 17:02:09pm'),
(678, '2018-06-20 17:37:25pm', '84', 's104-238-116-98.secureserver.net', '2018-06-20 17:38:32pm'),
(679, '2018-06-20 18:48:57pm', '70', 's104-238-116-98.secureserver.net', '2018-06-20 18:50:54pm'),
(680, '2018-06-21 10:19:14am', '41', 's104-238-116-98.secureserver.net', ''),
(681, '2018-06-21 10:28:18am', '113', 's104-238-116-98.secureserver.net', '2018-06-21 10:28:25am'),
(682, '2018-06-21 10:40:59am', '55', 's104-238-116-98.secureserver.net', '2018-06-21 10:51:31am'),
(683, '2018-06-21 11:51:42am', '53', 's104-238-116-98.secureserver.net', '2018-06-21 11:55:29am'),
(684, '2018-06-21 15:54:36pm', '70', 's104-238-116-98.secureserver.net', '2018-06-21 16:14:48pm'),
(685, '2018-06-21 16:43:31pm', '66', 's104-238-116-98.secureserver.net', '2018-06-21 16:48:01pm'),
(686, '2018-06-21 16:45:27pm', '70', 's104-238-116-98.secureserver.net', '2018-06-21 17:06:33pm'),
(687, '2018-06-21 17:26:00pm', '70', 's104-238-116-98.secureserver.net', '2018-06-21 17:27:25pm'),
(688, '2018-06-21 18:10:02pm', '79', 's104-238-116-98.secureserver.net', '2018-06-21 18:16:02pm'),
(689, '2018-06-22 08:55:10am', '90', 's104-238-116-98.secureserver.net', ''),
(690, '2018-06-22 11:17:18am', '113', 's104-238-116-98.secureserver.net', '2018-06-22 11:17:31am'),
(691, '2018-06-22 14:18:32pm', '74', 's104-238-116-98.secureserver.net', '2018-06-22 15:42:40pm'),
(692, '2018-06-22 14:40:47pm', '74', 's104-238-116-98.secureserver.net', '2018-06-22 15:01:09pm'),
(693, '2018-06-22 15:05:02pm', '74', 's104-238-116-98.secureserver.net', '2018-06-22 15:25:12pm'),
(694, '2018-06-22 15:10:08pm', '115', 's104-238-116-98.secureserver.net', '2018-06-22 15:10:14pm'),
(695, '2018-06-22 15:10:50pm', '115', 's104-238-116-98.secureserver.net', '2018-06-22 15:11:36pm'),
(696, '2018-06-22 15:26:03pm', '74', 's104-238-116-98.secureserver.net', '2018-06-22 16:14:43pm'),
(697, '2018-06-22 15:27:06pm', '84', 's104-238-116-98.secureserver.net', '2018-06-22 15:45:17pm'),
(698, '2018-06-22 15:42:49pm', '36', 's104-238-116-98.secureserver.net', '2018-06-22 15:47:03pm'),
(699, '2018-06-22 16:09:23pm', '115', 's104-238-116-98.secureserver.net', '2018-06-22 16:38:02pm'),
(700, '2018-06-22 16:16:44pm', '74', 's104-238-116-98.secureserver.net', '2018-06-22 16:36:49pm'),
(701, '2018-06-22 16:39:28pm', '115', 's104-238-116-98.secureserver.net', '2018-06-22 17:09:06pm'),
(702, '2018-06-22 16:43:15pm', '73', 's104-238-116-98.secureserver.net', '2018-06-22 17:02:52pm'),
(703, '2018-06-22 17:09:38pm', '115', 's104-238-116-98.secureserver.net', '2018-06-22 17:29:43pm'),
(704, '2018-06-22 17:12:04pm', '101', 's104-238-116-98.secureserver.net', '2018-06-22 17:12:50pm'),
(705, '2018-06-22 17:29:54pm', '115', 's104-238-116-98.secureserver.net', '2018-06-22 18:05:40pm'),
(706, '2018-06-22 17:35:51pm', '74', 's104-238-116-98.secureserver.net', ''),
(707, '2018-06-22 17:56:23pm', '70', 's104-238-116-98.secureserver.net', '2018-06-22 17:56:55pm'),
(708, '2018-06-22 18:13:37pm', '41', 's104-238-116-98.secureserver.net', ''),
(709, '2018-06-23 12:48:57pm', '41', 's104-238-116-98.secureserver.net', ''),
(710, '2018-06-23 14:00:20pm', '115', 's104-238-116-98.secureserver.net', '2018-06-23 14:02:01pm'),
(711, '2018-06-23 15:40:11pm', '90', 's104-238-116-98.secureserver.net', '2018-06-23 15:40:26pm'),
(712, '2018-06-24 12:09:36pm', '114', 's104-238-116-98.secureserver.net', '2018-06-24 12:43:52pm'),
(713, '2018-06-25 11:32:20am', '70', 's104-238-116-98.secureserver.net', '2018-06-25 11:59:19am'),
(714, '2018-06-25 11:35:13am', '74', 's104-238-116-98.secureserver.net', ''),
(715, '2018-06-25 11:35:15am', '74', 's104-238-116-98.secureserver.net', '2018-06-25 11:55:25am'),
(716, '2018-06-25 11:52:27am', '32', 's104-238-116-98.secureserver.net', '2018-06-25 11:53:34am'),
(717, '2018-06-25 11:59:38am', '113', 's104-238-116-98.secureserver.net', '2018-06-25 12:00:57pm'),
(718, '2018-06-25 12:06:12pm', '90', 's104-238-116-98.secureserver.net', '2018-06-25 12:10:05pm'),
(719, '2018-06-25 12:19:26pm', '70', 's104-238-116-98.secureserver.net', '2018-06-25 12:40:19pm'),
(720, '2018-06-25 12:42:37pm', '74', 's104-238-116-98.secureserver.net', '2018-06-25 14:32:58pm'),
(721, '2018-06-25 13:41:52pm', '55', 's104-238-116-98.secureserver.net', '2018-06-25 13:46:22pm'),
(722, '2018-06-25 13:51:19pm', '55', 's104-238-116-98.secureserver.net', '2018-06-25 13:52:53pm'),
(723, '2018-06-25 14:27:00pm', '82', 's104-238-116-98.secureserver.net', '2018-06-25 14:27:12pm'),
(724, '2018-06-25 14:33:05pm', '36', 's104-238-116-98.secureserver.net', '2018-06-25 14:35:46pm'),
(725, '2018-06-25 14:36:11pm', '113', 's104-238-116-98.secureserver.net', '2018-06-25 14:36:19pm'),
(726, '2018-06-25 14:46:30pm', '19', 's104-238-116-98.secureserver.net', '2018-06-25 15:06:43pm'),
(727, '2018-06-25 14:57:27pm', '36', 's104-238-116-98.secureserver.net', '2018-06-25 14:59:34pm'),
(728, '2018-06-25 15:56:13pm', '36', 's104-238-116-98.secureserver.net', '2018-06-25 15:57:03pm'),
(729, '2018-06-25 16:13:43pm', '70', 's104-238-116-98.secureserver.net', '2018-06-25 16:36:32pm'),
(730, '2018-06-25 16:18:20pm', '19', 's104-238-116-98.secureserver.net', ''),
(731, '2018-06-25 16:37:44pm', '115', 's104-238-116-98.secureserver.net', '2018-06-25 16:42:07pm'),
(732, '2018-06-25 16:38:15pm', '84', 's104-238-116-98.secureserver.net', '2018-06-25 16:38:47pm'),
(733, '2018-06-25 16:40:53pm', '12', 's104-238-116-98.secureserver.net', '2018-06-25 16:47:52pm'),
(734, '2018-06-25 17:07:55pm', '113', 's104-238-116-98.secureserver.net', '2018-06-25 17:08:08pm'),
(735, '2018-06-25 17:32:58pm', '55', 's104-238-116-98.secureserver.net', '2018-06-25 17:36:05pm'),
(736, '2018-06-26 09:51:35am', '110', 's104-238-116-98.secureserver.net', '2018-06-26 10:07:39am'),
(737, '2018-06-26 10:08:59am', '82', 's104-238-116-98.secureserver.net', '2018-06-26 10:32:20am'),
(738, '2018-06-26 11:18:51am', '70', 's104-238-116-98.secureserver.net', '2018-06-26 11:27:03am'),
(739, '2018-06-26 11:43:41am', '55', 's104-238-116-98.secureserver.net', '2018-06-26 11:44:32am'),
(740, '2018-06-26 11:55:16am', '90', 's104-238-116-98.secureserver.net', '2018-06-26 11:59:14am'),
(741, '2018-06-26 12:35:21pm', '113', 's104-238-116-98.secureserver.net', '2018-06-26 12:36:46pm'),
(742, '2018-06-26 16:08:10pm', '3', 's104-238-116-98.secureserver.net', '2018-06-26 16:36:27pm'),
(743, '2018-06-26 16:36:35pm', '3', 's104-238-116-98.secureserver.net', '2018-06-26 16:56:04pm'),
(744, '2018-06-26 16:56:31pm', '3', 's104-238-116-98.secureserver.net', '2018-06-26 17:05:39pm'),
(745, '2018-06-26 17:07:14pm', '1', 's104-238-116-98.secureserver.net', '2018-06-26 17:31:19pm'),
(746, '2018-06-26 17:26:54pm', '70', 's104-238-116-98.secureserver.net', '2018-06-26 17:46:50pm'),
(747, '2018-06-26 17:58:41pm', '36', 's104-238-116-98.secureserver.net', '2018-06-26 18:09:47pm'),
(748, '2018-06-26 18:17:32pm', '36', 's104-238-116-98.secureserver.net', '2018-06-26 18:21:51pm'),
(749, '2018-06-26 18:24:10pm', '3', 's104-238-116-98.secureserver.net', '2018-06-26 18:25:30pm'),
(750, '2018-06-26 18:25:03pm', '36', 's104-238-116-98.secureserver.net', '2018-06-26 18:26:31pm'),
(751, '2018-06-26 18:30:24pm', '70', 's104-238-116-98.secureserver.net', '2018-06-26 18:39:32pm'),
(752, '2018-06-26 19:04:42pm', '55', 's104-238-116-98.secureserver.net', '2018-06-26 19:09:00pm'),
(753, '2018-06-27 10:31:54am', '72', 's104-238-116-98.secureserver.net', '2018-06-27 11:10:55am'),
(754, '2018-06-27 11:21:45am', '72', 's104-238-116-98.secureserver.net', '2018-06-27 11:24:38am'),
(755, '2018-06-27 11:23:38am', '53', 's104-238-116-98.secureserver.net', '2018-06-27 11:27:07am'),
(756, '2018-06-27 11:38:18am', '115', 's104-238-116-98.secureserver.net', '2018-06-27 11:38:47am'),
(757, '2018-06-27 12:08:32pm', '70', 's104-238-116-98.secureserver.net', '2018-06-27 12:12:04pm'),
(758, '2018-06-27 14:11:52pm', '70', 's104-238-116-98.secureserver.net', '2018-06-27 15:05:35pm'),
(759, '2018-06-27 14:27:00pm', '3', 's104-238-116-98.secureserver.net', '2018-06-27 14:42:21pm'),
(760, '2018-06-27 15:39:56pm', '70', 's104-238-116-98.secureserver.net', '2018-06-27 16:01:37pm'),
(761, '2018-06-27 16:24:02pm', '74', 's104-238-116-98.secureserver.net', '2018-06-27 16:38:22pm'),
(762, '2018-06-27 16:52:10pm', '55', 's104-238-116-98.secureserver.net', '2018-06-27 16:54:16pm'),
(763, '2018-06-27 17:21:19pm', '70', 's104-238-116-98.secureserver.net', '2018-06-27 18:06:08pm'),
(764, '2018-06-27 17:22:44pm', '19', 's104-238-116-98.secureserver.net', '2018-06-27 18:04:52pm'),
(765, '2018-06-27 17:34:17pm', '15', 's104-238-116-98.secureserver.net', '2018-06-27 17:58:16pm'),
(766, '2018-06-27 17:50:25pm', '36', 's104-238-116-98.secureserver.net', '2018-06-27 17:54:29pm'),
(767, '2018-06-27 17:54:13pm', '72', 's104-238-116-98.secureserver.net', '2018-06-27 18:15:34pm'),
(768, '2018-06-27 18:07:15pm', '70', 's104-238-116-98.secureserver.net', '2018-06-27 18:30:07pm'),
(769, '2018-06-27 18:32:43pm', '84', 's104-238-116-98.secureserver.net', '2018-06-27 18:33:17pm'),
(770, '2018-06-27 18:48:47pm', '74', 's104-238-116-98.secureserver.net', '2018-06-27 18:50:57pm'),
(771, '2018-06-28 10:20:46am', '110', 's104-238-116-98.secureserver.net', '2018-06-28 10:27:57am'),
(772, '2018-06-28 10:25:13am', '70', 's104-238-116-98.secureserver.net', '2018-06-28 10:46:21am'),
(773, '2018-06-28 10:37:06am', '110', 's104-238-116-98.secureserver.net', '2018-06-28 10:38:23am'),
(774, '2018-06-28 10:46:45am', '113', 's104-238-116-98.secureserver.net', '2018-06-28 10:47:08am'),
(775, '2018-06-28 11:16:46am', '104', 's104-238-116-98.secureserver.net', '2018-06-28 11:20:41am'),
(776, '2018-06-28 11:18:23am', '113', 's104-238-116-98.secureserver.net', '2018-06-28 11:19:56am'),
(777, '2018-06-28 12:24:01pm', '70', 's104-238-116-98.secureserver.net', '2018-06-28 12:44:57pm'),
(778, '2018-06-28 12:50:03pm', '1', 's104-238-116-98.secureserver.net', '2018-06-28 13:28:27pm'),
(779, '2018-06-28 14:01:41pm', '115', 's104-238-116-98.secureserver.net', '2018-06-28 14:15:05pm'),
(780, '2018-06-28 14:29:25pm', '102', 's104-238-116-98.secureserver.net', '2018-06-28 14:30:02pm'),
(781, '2018-06-28 15:29:29pm', '70', 's104-238-116-98.secureserver.net', '2018-06-28 16:11:33pm'),
(782, '2018-06-28 17:03:58pm', '73', 's104-238-116-98.secureserver.net', '2018-06-28 17:10:51pm'),
(783, '2018-06-28 17:04:39pm', '36', 's104-238-116-98.secureserver.net', '2018-06-28 17:06:33pm'),
(784, '2018-06-28 17:17:31pm', '104', 's104-238-116-98.secureserver.net', '2018-06-28 17:45:13pm'),
(785, '2018-06-28 17:24:31pm', '70', 's104-238-116-98.secureserver.net', '2018-06-28 18:06:33pm'),
(786, '2018-06-28 17:47:38pm', '104', 's104-238-116-98.secureserver.net', '2018-06-28 17:50:13pm'),
(787, '2018-06-28 18:14:10pm', '113', 's104-238-116-98.secureserver.net', '2018-06-28 18:22:29pm'),
(788, '2018-06-28 18:41:15pm', '36', 's104-238-116-98.secureserver.net', '2018-06-28 18:43:11pm'),
(789, '2018-06-29 10:21:38am', '70', 's104-238-116-98.secureserver.net', '2018-06-29 10:41:54am'),
(790, '2018-06-29 10:29:55am', '82', 's104-238-116-98.secureserver.net', '2018-06-29 10:30:12am'),
(791, '2018-06-29 10:31:50am', '101', 's104-238-116-98.secureserver.net', '2018-06-29 10:31:57am'),
(792, '2018-06-29 10:36:04am', '101', 's104-238-116-98.secureserver.net', '2018-06-29 10:46:27am'),
(793, '2018-06-29 10:47:05am', '101', 's104-238-116-98.secureserver.net', '2018-06-29 11:07:40am'),
(794, '2018-06-29 12:11:53pm', '70', 's104-238-116-98.secureserver.net', '2018-06-29 12:30:21pm'),
(795, '2018-06-29 12:28:55pm', '113', 's104-238-116-98.secureserver.net', '2018-06-29 12:29:42pm'),
(796, '2018-06-29 12:47:13pm', '74', 's104-238-116-98.secureserver.net', ''),
(797, '2018-06-29 12:47:15pm', '74', 's104-238-116-98.secureserver.net', '2018-06-29 13:11:51pm'),
(798, '2018-06-29 14:13:25pm', '70', 's104-238-116-98.secureserver.net', '2018-06-29 14:33:38pm'),
(799, '2018-06-29 14:43:51pm', '70', 's104-238-116-98.secureserver.net', '2018-06-29 15:03:35pm'),
(800, '2018-06-29 15:39:25pm', '70', 's104-238-116-98.secureserver.net', '2018-06-29 16:12:06pm'),
(801, '2018-06-29 15:50:08pm', '70', 's104-238-116-98.secureserver.net', '2018-06-29 15:50:55pm'),
(802, '2018-06-29 16:28:10pm', '108', 's104-238-116-98.secureserver.net', '2018-06-29 16:48:40pm'),
(803, '2018-06-29 16:35:32pm', '70', 's104-238-116-98.secureserver.net', '2018-06-29 16:58:07pm'),
(804, '2018-06-29 17:07:12pm', '108', 's104-238-116-98.secureserver.net', '2018-06-29 17:07:30pm'),
(805, '2018-06-29 17:07:46pm', '115', 's104-238-116-98.secureserver.net', '2018-06-29 17:08:12pm'),
(806, '2018-06-29 17:11:10pm', '113', 's104-238-116-98.secureserver.net', '2018-06-29 17:11:54pm'),
(807, '2018-06-29 17:22:22pm', '84', 's104-238-116-98.secureserver.net', '2018-06-29 17:27:47pm'),
(808, '2018-06-29 17:29:49pm', '70', 's104-238-116-98.secureserver.net', '2018-06-29 17:51:03pm'),
(809, '2018-06-29 17:34:35pm', '84', 's104-238-116-98.secureserver.net', ''),
(810, '2018-06-29 17:34:36pm', '84', 's104-238-116-98.secureserver.net', '2018-06-29 17:35:01pm'),
(811, '2018-06-29 18:09:18pm', '70', 's104-238-116-98.secureserver.net', '2018-06-29 18:30:14pm'),
(812, '2018-06-29 18:53:08pm', '70', 's104-238-116-98.secureserver.net', '2018-06-29 18:55:40pm'),
(813, '2018-06-30 14:33:09pm', '87', 's104-238-116-98.secureserver.net', '2018-06-30 15:01:15pm'),
(814, '2018-06-30 15:17:14pm', '87', 's104-238-116-98.secureserver.net', '2018-06-30 15:37:29pm'),
(815, '2018-06-30 15:39:04pm', '87', 's104-238-116-98.secureserver.net', '2018-06-30 15:40:34pm'),
(816, '2018-06-30 15:46:40pm', '87', 's104-238-116-98.secureserver.net', '2018-06-30 15:49:42pm'),
(817, '2018-07-02 10:04:58am', '101', 's104-238-116-98.secureserver.net', '2018-07-02 10:17:47am'),
(818, '2018-07-02 10:30:21am', '115', 's104-238-116-98.secureserver.net', '2018-07-02 10:35:51am'),
(819, '2018-07-02 11:25:43am', '70', 's104-238-116-98.secureserver.net', '2018-07-02 13:32:19pm'),
(820, '2018-07-02 12:02:05pm', '55', 's104-238-116-98.secureserver.net', '2018-07-02 12:07:44pm'),
(821, '2018-07-02 12:11:32pm', '55', 's104-238-116-98.secureserver.net', '2018-07-02 12:13:17pm'),
(822, '2018-07-02 12:16:17pm', '55', 's104-238-116-98.secureserver.net', '2018-07-02 12:18:55pm'),
(823, '2018-07-02 13:11:17pm', '1', 's104-238-116-98.secureserver.net', '2018-07-02 13:13:45pm'),
(824, '2018-07-02 14:08:05pm', '82', 's104-238-116-98.secureserver.net', '2018-07-02 14:13:48pm'),
(825, '2018-07-02 14:50:20pm', '70', 's104-238-116-98.secureserver.net', '2018-07-02 15:11:48pm'),
(826, '2018-07-02 15:19:30pm', '70', 's104-238-116-98.secureserver.net', '2018-07-02 15:39:57pm'),
(827, '2018-07-02 15:30:19pm', '3', 's104-238-116-98.secureserver.net', '2018-07-02 15:51:04pm'),
(828, '2018-07-02 15:52:26pm', '70', 's104-238-116-98.secureserver.net', '2018-07-02 17:43:08pm'),
(829, '2018-07-02 16:31:02pm', '55', 's104-238-116-98.secureserver.net', '2018-07-02 16:31:56pm'),
(830, '2018-07-02 18:18:11pm', '36', 's104-238-116-98.secureserver.net', '2018-07-02 18:23:01pm'),
(831, '2018-07-02 18:37:02pm', '78', 's104-238-116-98.secureserver.net', '2018-07-02 18:48:17pm'),
(832, '2018-07-03 10:27:05am', '70', 's104-238-116-98.secureserver.net', ''),
(833, '2018-07-03 10:57:31am', '115', 's104-238-116-98.secureserver.net', '2018-07-03 11:00:57am'),
(834, '2018-07-03 11:01:52am', '113', 's104-238-116-98.secureserver.net', '2018-07-03 11:02:24am'),
(835, '2018-07-03 13:14:37pm', '104', 's104-238-116-98.secureserver.net', '2018-07-03 13:16:40pm'),
(836, '2018-07-03 13:15:42pm', '1', 's104-238-116-98.secureserver.net', '2018-07-03 13:15:56pm'),
(837, '2018-07-03 13:39:09pm', '38', 's104-238-116-98.secureserver.net', ''),
(838, '2018-07-03 13:39:11pm', '38', 's104-238-116-98.secureserver.net', '2018-07-03 13:45:43pm'),
(839, '2018-07-03 13:39:55pm', '107', 's104-238-116-98.secureserver.net', '2018-07-03 13:59:39pm'),
(840, '2018-07-03 13:40:12pm', '53', 's104-238-116-98.secureserver.net', '2018-07-03 13:42:39pm'),
(841, '2018-07-03 13:41:40pm', '12', 's104-238-116-98.secureserver.net', ''),
(842, '2018-07-03 14:01:23pm', '70', 's104-238-116-98.secureserver.net', ''),
(843, '2018-07-03 15:11:43pm', '74', 's104-238-116-98.secureserver.net', '2018-07-03 15:31:56pm'),
(844, '2018-07-03 15:32:27pm', '74', 's104-238-116-98.secureserver.net', '2018-07-03 15:35:35pm'),
(845, '2018-07-03 17:05:46pm', '70', 's104-238-116-98.secureserver.net', '2018-07-03 17:28:09pm'),
(846, '2018-07-03 17:14:12pm', '38', 's104-238-116-98.secureserver.net', '2018-07-03 17:18:58pm'),
(847, '2018-07-03 17:28:20pm', '74', 's104-238-116-98.secureserver.net', '2018-07-03 17:32:52pm'),
(848, '2018-07-03 17:33:09pm', '70', 's104-238-116-98.secureserver.net', '2018-07-03 17:53:07pm'),
(849, '2018-07-03 17:56:19pm', '70', 's104-238-116-98.secureserver.net', '2018-07-03 18:33:24pm'),
(850, '2018-07-03 18:01:45pm', '105', 's104-238-116-98.secureserver.net', '2018-07-03 18:03:36pm'),
(851, '2018-07-03 18:36:07pm', '70', 's104-238-116-98.secureserver.net', '2018-07-03 18:43:59pm'),
(852, '2018-07-03 19:02:29pm', '36', 's104-238-116-98.secureserver.net', '2018-07-03 19:07:23pm'),
(853, '2018-07-03 21:48:48pm', '87', 's104-238-116-98.secureserver.net', '2018-07-03 21:53:56pm'),
(854, '2018-07-03 21:55:13pm', '87', 's104-238-116-98.secureserver.net', '2018-07-03 22:03:32pm'),
(855, '2018-07-03 22:08:28pm', '87', 's104-238-116-98.secureserver.net', '2018-07-03 22:09:15pm'),
(856, '2018-07-04 11:17:20am', '19', 's104-238-116-98.secureserver.net', '2018-07-04 11:42:21am'),
(857, '2018-07-04 12:20:59pm', '104', 's104-238-116-98.secureserver.net', '2018-07-04 12:23:12pm'),
(858, '2018-07-04 12:45:33pm', '19', 's104-238-116-98.secureserver.net', '2018-07-04 13:05:39pm'),
(859, '2018-07-04 14:48:10pm', '3', 's104-238-116-98.secureserver.net', '2018-07-04 15:09:42pm'),
(860, '2018-07-04 14:52:14pm', '70', 's104-238-116-98.secureserver.net', '2018-07-04 15:18:21pm'),
(861, '2018-07-04 15:14:41pm', '15', 's104-238-116-98.secureserver.net', '2018-07-04 15:33:49pm'),
(862, '2018-07-04 15:20:58pm', '55', 's104-238-116-98.secureserver.net', '2018-07-04 15:40:55pm'),
(863, '2018-07-04 15:22:50pm', '32', 's104-238-116-98.secureserver.net', '2018-07-04 15:34:48pm'),
(864, '2018-07-04 15:24:15pm', '80', 's104-238-116-98.secureserver.net', '2018-07-04 15:51:12pm'),
(865, '2018-07-04 17:05:05pm', '3', 's104-238-116-98.secureserver.net', '2018-07-04 17:08:38pm'),
(866, '2018-07-04 17:08:44pm', '3', 's104-238-116-98.secureserver.net', '2018-07-04 17:09:31pm'),
(867, '2018-07-04 17:13:35pm', '55', 's104-238-116-98.secureserver.net', '2018-07-04 17:20:01pm'),
(868, '2018-07-04 18:25:54pm', '70', 's104-238-116-98.secureserver.net', '2018-07-04 18:48:16pm'),
(869, '2018-07-04 19:35:33pm', '80', 's104-238-116-98.secureserver.net', '2018-07-04 19:37:41pm'),
(870, '2018-07-04 19:36:16pm', '36', 's104-238-116-98.secureserver.net', '2018-07-04 19:40:21pm'),
(871, '2018-07-05 08:00:14am', '90', 's104-238-116-98.secureserver.net', '2018-07-05 08:04:17am'),
(872, '2018-07-05 10:26:57am', '70', 's104-238-116-98.secureserver.net', '2018-07-05 10:47:35am'),
(873, '2018-07-05 10:27:33am', '105', 's104-238-116-98.secureserver.net', '2018-07-05 10:28:04am'),
(874, '2018-07-05 10:28:10am', '15', 's104-238-116-98.secureserver.net', '2018-07-05 10:30:23am'),
(875, '2018-07-05 10:31:07am', '105', 's104-238-116-98.secureserver.net', '2018-07-05 10:32:12am'),
(876, '2018-07-05 10:32:17am', '105', 's104-238-116-98.secureserver.net', '2018-07-05 10:48:29am'),
(877, '2018-07-05 10:48:38am', '15', 's104-238-116-98.secureserver.net', '2018-07-05 10:57:46am'),
(878, '2018-07-05 11:20:56am', '105', 's104-238-116-98.secureserver.net', '2018-07-05 11:24:01am'),
(879, '2018-07-05 11:28:24am', '70', 's104-238-116-98.secureserver.net', '2018-07-05 12:12:56pm'),
(880, '2018-07-05 11:33:17am', '1', 's104-238-116-98.secureserver.net', '2018-07-05 11:46:46am'),
(881, '2018-07-05 11:35:51am', '77', 's104-238-116-98.secureserver.net', '2018-07-05 11:58:39am'),
(882, '2018-07-05 11:42:44am', '51', 's104-238-116-98.secureserver.net', '2018-07-05 12:03:10pm'),
(883, '2018-07-05 12:34:43pm', '107', 's104-238-116-98.secureserver.net', '2018-07-05 13:00:32pm'),
(884, '2018-07-05 14:13:36pm', '70', 's104-238-116-98.secureserver.net', '2018-07-05 14:35:39pm'),
(885, '2018-07-05 14:22:16pm', '51', 's104-238-116-98.secureserver.net', '2018-07-05 15:02:27pm'),
(886, '2018-07-05 15:24:11pm', '70', 's104-238-116-98.secureserver.net', '2018-07-05 15:44:36pm'),
(887, '2018-07-05 16:29:14pm', '73', 's104-238-116-98.secureserver.net', '2018-07-05 16:45:30pm'),
(888, '2018-07-05 16:39:03pm', '115', 's104-238-116-98.secureserver.net', '2018-07-05 16:43:32pm'),
(889, '2018-07-05 17:04:06pm', '70', 's104-238-116-98.secureserver.net', '2018-07-05 18:03:24pm'),
(890, '2018-07-05 17:53:09pm', '36', 's104-238-116-98.secureserver.net', '2018-07-05 17:56:05pm'),
(891, '2018-07-05 18:36:30pm', '107', 's104-238-116-98.secureserver.net', '2018-07-05 18:56:42pm'),
(892, '2018-07-05 18:58:45pm', '107', 's104-238-116-98.secureserver.net', '2018-07-05 19:01:25pm'),
(893, '2018-07-06 10:22:06am', '113', 's104-238-116-98.secureserver.net', '2018-07-06 10:22:15am'),
(894, '2018-07-06 11:17:51am', '70', 's104-238-116-98.secureserver.net', '2018-07-06 11:38:50am'),
(895, '2018-07-06 12:36:56pm', '19', 's104-238-116-98.secureserver.net', '2018-07-06 13:17:22pm'),
(896, '2018-07-06 12:38:46pm', '36', 's104-238-116-98.secureserver.net', '2018-07-06 12:42:38pm'),
(897, '2018-07-06 12:43:26pm', '70', 's104-238-116-98.secureserver.net', '2018-07-06 13:10:56pm'),
(898, '2018-07-06 13:06:53pm', '70', 's104-238-116-98.secureserver.net', '2018-07-06 13:45:17pm'),
(899, '2018-07-06 13:39:46pm', '70', 's104-238-116-98.secureserver.net', '2018-07-06 14:00:27pm'),
(900, '2018-07-06 13:41:24pm', '112', 's104-238-116-98.secureserver.net', ''),
(901, '2018-07-06 13:48:15pm', '70', 's104-238-116-98.secureserver.net', '2018-07-06 13:50:37pm'),
(902, '2018-07-06 13:54:11pm', '55', 's104-238-116-98.secureserver.net', '2018-07-06 13:55:54pm'),
(903, '2018-07-06 13:56:26pm', '82', 's104-238-116-98.secureserver.net', '2018-07-06 13:59:56pm'),
(904, '2018-07-06 14:35:16pm', '74', 's104-238-116-98.secureserver.net', '2018-07-06 15:20:50pm'),
(905, '2018-07-06 14:35:37pm', '1', 's104-238-116-98.secureserver.net', '2018-07-06 14:50:01pm'),
(906, '2018-07-06 14:35:49pm', '36', 's104-238-116-98.secureserver.net', '2018-07-06 16:32:55pm'),
(907, '2018-07-06 14:37:47pm', '36', 's104-238-116-98.secureserver.net', '2018-07-06 14:38:53pm'),
(908, '2018-07-06 14:39:01pm', '74', 's104-238-116-98.secureserver.net', '2018-07-06 14:40:00pm'),
(909, '2018-07-06 14:48:08pm', '70', 's104-238-116-98.secureserver.net', '2018-07-06 14:49:24pm'),
(910, '2018-07-06 14:51:19pm', '70', 's104-238-116-98.secureserver.net', '2018-07-06 16:05:13pm'),
(911, '2018-07-06 14:55:37pm', '70', 's104-238-116-98.secureserver.net', '2018-07-06 14:56:57pm'),
(912, '2018-07-06 14:57:20pm', '1', 's104-238-116-98.secureserver.net', '2018-07-06 14:57:46pm'),
(913, '2018-07-06 14:57:22pm', '70', 's104-238-116-98.secureserver.net', '2018-07-06 14:57:38pm'),
(914, '2018-07-06 14:59:09pm', '3', 's104-238-116-98.secureserver.net', '2018-07-06 15:10:54pm'),
(915, '2018-07-06 15:31:26pm', '100', 's104-238-116-98.secureserver.net', '2018-07-06 15:58:30pm'),
(916, '2018-07-06 15:54:18pm', '12', 's104-238-116-98.secureserver.net', '2018-07-06 16:10:50pm'),
(917, '2018-07-06 16:00:00pm', '78', 's104-238-116-98.secureserver.net', '2018-07-06 16:14:42pm'),
(918, '2018-07-06 16:00:16pm', '110', 's104-238-116-98.secureserver.net', '2018-07-06 16:00:27pm'),
(919, '2018-07-06 16:27:44pm', '12', 's104-238-116-98.secureserver.net', '2018-07-06 16:30:31pm'),
(920, '2018-07-06 16:42:40pm', '84', 's104-238-116-98.secureserver.net', '2018-07-06 16:52:06pm'),
(921, '2018-07-06 16:43:52pm', '110', 's104-238-116-98.secureserver.net', '2018-07-06 16:48:05pm'),
(922, '2018-07-06 16:45:27pm', '104', 's104-238-116-98.secureserver.net', '2018-07-06 16:54:47pm'),
(923, '2018-07-06 16:51:13pm', '70', 's104-238-116-98.secureserver.net', ''),
(924, '2018-07-06 17:07:36pm', '78', 's104-238-116-98.secureserver.net', '2018-07-06 17:07:51pm'),
(925, '2018-07-06 17:30:32pm', '84', 's104-238-116-98.secureserver.net', '2018-07-06 17:35:54pm'),
(926, '2018-07-06 17:36:01pm', '113', 's104-238-116-98.secureserver.net', '2018-07-06 17:56:24pm'),
(927, '2018-07-06 17:43:44pm', '78', 's104-238-116-98.secureserver.net', '2018-07-06 17:43:52pm'),
(928, '2018-07-06 17:46:42pm', '115', 's104-238-116-98.secureserver.net', '2018-07-06 17:54:40pm'),
(929, '2018-07-06 17:55:02pm', '115', 's104-238-116-98.secureserver.net', '2018-07-06 17:58:30pm'),
(930, '2018-07-06 18:10:02pm', '36', 's104-238-116-98.secureserver.net', '2018-07-06 18:15:36pm'),
(931, '2018-07-06 18:15:30pm', '84', 's104-238-116-98.secureserver.net', '2018-07-06 18:16:35pm'),
(932, '2018-07-07 11:26:37am', '112', 's104-238-116-98.secureserver.net', '2018-07-07 11:47:04am'),
(933, '2018-07-07 11:47:30am', '112', 's104-238-116-98.secureserver.net', '2018-07-07 13:07:48pm'),
(934, '2018-07-07 15:07:55pm', '112', 's104-238-116-98.secureserver.net', ''),
(935, '2018-07-07 16:14:16pm', '36', 's104-238-116-98.secureserver.net', '2018-07-07 16:18:16pm'),
(936, '2018-07-08 16:24:57pm', '105', 's104-238-116-98.secureserver.net', '2018-07-08 16:29:03pm'),
(937, '2018-07-08 16:29:09pm', '105', 's104-238-116-98.secureserver.net', '2018-07-08 16:40:25pm'),
(938, '2018-07-08 16:31:20pm', '105', 's104-238-116-98.secureserver.net', '2018-07-08 16:50:02pm'),
(939, '2018-07-08 16:35:33pm', '105', 's104-238-116-98.secureserver.net', '2018-07-08 16:36:01pm'),
(940, '2018-07-09 09:50:54am', '115', 's104-238-116-98.secureserver.net', '2018-07-09 09:55:13am'),
(941, '2018-07-09 10:18:42am', '70', 's104-238-116-98.secureserver.net', '2018-07-09 10:38:24am'),
(942, '2018-07-09 10:46:29am', '55', 's104-238-116-98.secureserver.net', '2018-07-09 10:48:39am'),
(943, '2018-07-09 10:48:32am', '105', 's104-238-116-98.secureserver.net', '2018-07-09 10:54:44am'),
(944, '2018-07-09 11:04:20am', '105', 's104-238-116-98.secureserver.net', '2018-07-09 11:12:29am'),
(945, '2018-07-09 11:40:11am', '55', 's104-238-116-98.secureserver.net', '2018-07-09 11:44:48am'),
(946, '2018-07-09 11:40:37am', '53', 's104-238-116-98.secureserver.net', '2018-07-09 11:42:37am'),
(947, '2018-07-09 13:52:06pm', '104', 's104-238-116-98.secureserver.net', '2018-07-09 13:52:44pm'),
(948, '2018-07-09 14:54:23pm', '1', 's104-238-116-98.secureserver.net', '2018-07-09 14:54:31pm'),
(949, '2018-07-09 15:33:01pm', '113', 's104-238-116-98.secureserver.net', '2018-07-09 15:33:23pm'),
(950, '2018-07-09 16:12:52pm', '70', 's104-238-116-98.secureserver.net', '2018-07-09 17:03:48pm'),
(951, '2018-07-09 16:13:41pm', '55', 's104-238-116-98.secureserver.net', '2018-07-09 16:16:20pm'),
(952, '2018-07-09 17:24:01pm', '19', 's104-238-116-98.secureserver.net', '2018-07-09 17:24:10pm'),
(953, '2018-07-09 17:45:11pm', '70', 's104-238-116-98.secureserver.net', '2018-07-09 18:14:19pm'),
(954, '2018-07-09 18:16:20pm', '80', 's104-238-116-98.secureserver.net', '2018-07-09 18:18:30pm'),
(955, '2018-07-09 18:39:26pm', '78', 's104-238-116-98.secureserver.net', '2018-07-09 18:48:12pm'),
(956, '2018-07-09 19:21:13pm', '36', 's104-238-116-98.secureserver.net', '2018-07-09 19:28:30pm'),
(957, '2018-07-10 11:16:47am', '55', 's104-238-116-98.secureserver.net', '2018-07-10 11:17:15am'),
(958, '2018-07-10 11:17:39am', '70', 's104-238-116-98.secureserver.net', '2018-07-10 11:40:19am'),
(959, '2018-07-10 11:40:27am', '74', 's104-238-116-98.secureserver.net', '2018-07-10 12:00:34pm'),
(960, '2018-07-10 11:45:28am', '74', 's104-238-116-98.secureserver.net', '2018-07-10 11:50:33am'),
(961, '2018-07-10 12:09:11pm', '70', 's104-238-116-98.secureserver.net', '2018-07-10 12:29:11pm'),
(962, '2018-07-10 13:35:28pm', '30', 's104-238-116-98.secureserver.net', '2018-07-10 13:41:25pm'),
(963, '2018-07-10 14:51:17pm', '90', 's104-238-116-98.secureserver.net', '2018-07-10 15:13:16pm'),
(964, '2018-07-10 15:21:45pm', '74', 's104-238-116-98.secureserver.net', '2018-07-10 15:22:24pm'),
(965, '2018-07-10 15:49:00pm', '113', 's104-238-116-98.secureserver.net', '2018-07-10 15:49:30pm'),
(966, '2018-07-10 15:51:41pm', '70', 's104-238-116-98.secureserver.net', '2018-07-10 16:28:02pm'),
(967, '2018-07-10 16:55:35pm', '36', 's104-238-116-98.secureserver.net', '2018-07-10 16:56:57pm'),
(968, '2018-07-10 16:58:03pm', '70', 's104-238-116-98.secureserver.net', '2018-07-10 17:19:40pm'),
(969, '2018-07-10 17:26:00pm', '70', 's104-238-116-98.secureserver.net', '2018-07-10 17:49:59pm'),
(970, '2018-07-10 18:13:20pm', '53', 's104-238-116-98.secureserver.net', '2018-07-10 18:25:33pm'),
(971, '2018-07-10 18:54:29pm', '70', 's104-238-116-98.secureserver.net', '2018-07-10 19:22:49pm'),
(972, '2018-07-11 11:48:22am', '70', 's104-238-116-98.secureserver.net', '2018-07-11 12:00:37pm'),
(973, '2018-07-11 12:27:33pm', '70', 's104-238-116-98.secureserver.net', '2018-07-11 12:49:51pm'),
(974, '2018-07-11 14:47:11pm', '70', 's104-238-116-98.secureserver.net', '2018-07-11 15:07:41pm'),
(975, '2018-07-11 14:49:25pm', '110', 's104-238-116-98.secureserver.net', '2018-07-11 14:51:21pm'),
(976, '2018-07-11 15:27:53pm', '113', 's104-238-116-98.secureserver.net', '2018-07-11 15:45:22pm'),
(977, '2018-07-11 15:31:40pm', '104', 's104-238-116-98.secureserver.net', '2018-07-11 15:33:08pm'),
(978, '2018-07-11 15:40:18pm', '70', 's104-238-116-98.secureserver.net', '2018-07-11 16:01:06pm'),
(979, '2018-07-11 16:16:07pm', '32', 's104-238-116-98.secureserver.net', '2018-07-11 16:42:01pm'),
(980, '2018-07-11 17:22:55pm', '70', 's104-238-116-98.secureserver.net', '2018-07-11 17:24:08pm'),
(981, '2018-07-11 17:50:58pm', '70', 's104-238-116-98.secureserver.net', '2018-07-11 17:52:49pm'),
(982, '2018-07-11 18:22:38pm', '82', 's104-238-116-98.secureserver.net', '2018-07-11 18:23:28pm'),
(983, '2018-07-12 11:04:37am', '1', 's104-238-116-98.secureserver.net', '2018-07-12 11:06:10am'),
(984, '2018-07-12 11:10:05am', '55', 's104-238-116-98.secureserver.net', '2018-07-12 11:14:49am'),
(985, '2018-07-12 11:15:24am', '55', 's104-238-116-98.secureserver.net', '2018-07-12 11:15:59am'),
(986, '2018-07-12 11:16:39am', '70', 's104-238-116-98.secureserver.net', '2018-07-12 11:38:36am'),
(987, '2018-07-12 11:28:59am', '84', 's104-238-116-98.secureserver.net', '2018-07-12 11:29:47am'),
(988, '2018-07-12 11:38:33am', '32', 's104-238-116-98.secureserver.net', '2018-07-12 11:43:23am'),
(989, '2018-07-12 12:18:38pm', '70', 's104-238-116-98.secureserver.net', ''),
(990, '2018-07-12 12:19:03pm', '30', 's104-238-116-98.secureserver.net', ''),
(991, '2018-07-12 12:19:36pm', '32', 's104-238-116-98.secureserver.net', '2018-07-12 12:19:43pm'),
(992, '2018-07-12 12:49:28pm', '105', 's104-238-116-98.secureserver.net', '2018-07-12 12:51:03pm'),
(993, '2018-07-12 12:50:05pm', '32', 's104-238-116-98.secureserver.net', '2018-07-12 12:51:11pm'),
(994, '2018-07-12 12:54:06pm', '3', 's104-238-116-98.secureserver.net', '2018-07-12 12:55:50pm'),
(995, '2018-07-12 12:58:43pm', '32', 's104-238-116-98.secureserver.net', '2018-07-12 12:59:15pm'),
(996, '2018-07-12 13:10:22pm', '32', 's104-238-116-98.secureserver.net', '2018-07-12 13:42:01pm'),
(997, '2018-07-12 13:14:02pm', '90', 's104-238-116-98.secureserver.net', '2018-07-12 13:19:26pm'),
(998, '2018-07-12 13:15:29pm', '105', 's104-238-116-98.secureserver.net', '2018-07-12 13:15:49pm'),
(999, '2018-07-12 13:19:50pm', '90', 's104-238-116-98.secureserver.net', '2018-07-12 13:42:45pm'),
(1000, '2018-07-12 13:23:53pm', '105', 's104-238-116-98.secureserver.net', '2018-07-12 13:44:23pm'),
(1001, '2018-07-12 13:56:30pm', '105', 's104-238-116-98.secureserver.net', ''),
(1002, '2018-07-12 14:06:57pm', '105', 's104-238-116-98.secureserver.net', '2018-07-12 14:08:31pm'),
(1003, '2018-07-12 14:17:05pm', '1', 's104-238-116-98.secureserver.net', '2018-07-12 19:38:47pm'),
(1004, '2018-07-12 14:28:51pm', '1', 's104-238-116-98.secureserver.net', '2018-07-12 14:37:01pm'),
(1005, '2018-07-12 14:39:09pm', '30', 's104-238-116-98.secureserver.net', '2018-07-12 14:41:47pm'),
(1006, '2018-07-12 16:25:06pm', '1', 's104-238-116-98.secureserver.net', ''),
(1007, '2018-07-12 16:41:55pm', '1', 's104-238-116-98.secureserver.net', ''),
(1008, '2018-07-12 16:41:59pm', '1', 's104-238-116-98.secureserver.net', '2018-07-12 16:49:42pm'),
(1009, '2018-07-12 18:24:29pm', '55', 's104-238-116-98.secureserver.net', '2018-07-12 18:25:38pm'),
(1010, '2018-07-12 18:26:04pm', '32', 's104-238-116-98.secureserver.net', '2018-07-12 18:26:43pm'),
(1011, '2018-08-16 13:14:49pm', '1', 's104-238-116-98.secureserver.net', '2018-08-16 13:17:08pm'),
(1012, '2018-08-16 13:17:19pm', '15', 's104-238-116-98.secureserver.net', '2018-08-16 13:18:56pm'),
(1013, '2018-08-16 13:19:07pm', '30', 's104-238-116-98.secureserver.net', '2018-08-16 13:19:25pm'),
(1014, '2018-08-16 13:19:31pm', '70', 's104-238-116-98.secureserver.net', '2018-08-16 13:19:58pm'),
(1015, '2018-08-16 13:50:22pm', '30', 's104-238-116-98.secureserver.net', '2018-08-16 14:03:32pm'),
(1016, '2018-08-28 14:02:23pm', '1', 's104-238-116-98.secureserver.net', '2018-08-28 14:09:19pm'),
(1017, '2018-08-28 14:15:24pm', '32', 's104-238-116-98.secureserver.net', '2018-08-28 14:15:38pm'),
(1018, '2018-08-28 14:19:36pm', '32', 's104-238-116-98.secureserver.net', '2018-08-28 14:19:41pm'),
(1019, '2018-08-29 13:51:05pm', '1', 's104-238-116-98.secureserver.net', '2018-08-29 13:51:44pm'),
(1020, '2018-08-30 12:13:50pm', '1', 's104-238-116-98.secureserver.net', '2018-08-30 12:15:26pm'),
(1021, '2018-08-30 12:15:31pm', '38', 's104-238-116-98.secureserver.net', '2018-08-30 12:15:45pm'),
(1022, '2018-08-30 12:15:48pm', '1', 's104-238-116-98.secureserver.net', '2018-08-30 12:23:42pm'),
(1023, '2018-08-30 12:23:46pm', '70', 's104-238-116-98.secureserver.net', '2018-08-30 12:25:26pm'),
(1024, '2018-08-30 12:25:30pm', '32', 's104-238-116-98.secureserver.net', '2018-08-30 12:25:57pm'),
(1025, '2018-08-30 12:26:05pm', '36', 's104-238-116-98.secureserver.net', '2018-08-30 12:27:52pm'),
(1026, '2018-08-30 12:27:57pm', '70', 's104-238-116-98.secureserver.net', '2018-08-30 12:29:25pm'),
(1027, '2018-08-31 10:39:44am', '1', 's104-238-116-98.secureserver.net', '2018-08-31 10:42:31am'),
(1028, '2018-08-31 17:05:46pm', '32', 's104-238-116-98.secureserver.net', '2018-08-31 17:06:02pm'),
(1029, '2018-09-06 18:37:49pm', '1', 's104-238-116-98.secureserver.net', '2018-09-06 18:39:49pm'),
(1030, '2018-09-11 16:18:23pm', '1', 's104-238-116-98.secureserver.net', '2018-09-11 16:46:12pm'),
(1031, '2018-09-12 18:34:06pm', '32', 's104-238-116-98.secureserver.net', '2018-09-12 18:37:12pm'),
(1032, '2018-09-12 18:37:37pm', '1', 's104-238-116-98.secureserver.net', '2018-09-12 18:58:47pm'),
(1033, '2018-09-13 16:40:36pm', '32', 's104-238-116-98.secureserver.net', '2018-09-13 16:54:40pm'),
(1034, '2018-09-13 16:54:48pm', '32', 's104-238-116-98.secureserver.net', '2018-09-13 16:55:09pm'),
(1035, '2018-09-13 16:55:16pm', '32', 's104-238-116-98.secureserver.net', ''),
(1036, '2018-09-13 16:56:49pm', '32', 's104-238-116-98.secureserver.net', '2018-09-13 16:56:54pm'),
(1037, '2018-09-13 16:57:39pm', '32', 's104-238-116-98.secureserver.net', '2018-09-13 16:57:45pm'),
(1038, '2018-09-13 16:59:25pm', '32', 's104-238-116-98.secureserver.net', '2018-09-13 17:24:32pm'),
(1039, '2018-09-13 17:24:38pm', '49', 's104-238-116-98.secureserver.net', '2018-09-13 17:24:53pm'),
(1040, '2018-09-13 17:24:57pm', '51', 's104-238-116-98.secureserver.net', '2018-09-13 17:25:27pm'),
(1041, '2018-09-13 17:25:34pm', '115', 's104-238-116-98.secureserver.net', '2018-09-13 17:27:23pm'),
(1042, '2018-09-13 17:27:29pm', '55', 's104-238-116-98.secureserver.net', '2018-09-13 17:29:51pm'),
(1043, '2018-09-13 17:29:59pm', '32', 's104-238-116-98.secureserver.net', '');
INSERT INTO `tm_audit_trail` (`sl_no`, `login_dt`, `user_id`, `terminal_name`, `logout_dt`) VALUES
(1044, '2018-09-13 20:23:45pm', '32', 's104-238-116-98.secureserver.net', '2018-09-13 20:49:48pm'),
(1045, '2018-09-13 22:06:04pm', '32', 's104-238-116-98.secureserver.net', '2018-09-13 22:23:14pm'),
(1046, '2018-09-13 22:08:56pm', '32', 's104-238-116-98.secureserver.net', ''),
(1047, '2018-09-13 22:35:17pm', '32', 's104-238-116-98.secureserver.net', '2018-09-13 23:14:36pm'),
(1048, '2018-09-14 13:49:45pm', '32', 's104-238-116-98.secureserver.net', '2018-09-14 13:51:27pm'),
(1049, '2018-09-14 14:19:52pm', '105', 's104-238-116-98.secureserver.net', ''),
(1050, '2018-09-14 14:30:11pm', '32', 's104-238-116-98.secureserver.net', '2018-09-14 14:50:35pm'),
(1051, '2018-09-14 14:52:08pm', '32', 's104-238-116-98.secureserver.net', '2018-09-14 14:58:00pm'),
(1052, '2018-09-14 15:24:27pm', '32', 'Tanmoy', '2018-09-14 18:51:12pm'),
(1053, '2018-09-17 11:35:40am', '32', 'Tanmoy', '2018-09-17 15:03:52pm'),
(1054, '2018-09-17 15:03:57pm', '32', 'Tanmoy', ''),
(1055, '2018-09-18 11:03:23am', '32', 'Tanmoy', '2018-09-18 11:29:35am'),
(1056, '2018-09-18 11:29:38am', '32', 'Tanmoy', '2018-09-18 13:37:02pm'),
(1057, '2018-09-18 16:24:41pm', '32', 'Tanmoy', '2018-09-18 16:27:47pm'),
(1058, '2018-09-19 17:43:12pm', '32', 'Tanmoy', '2018-09-19 18:53:41pm'),
(1059, '2018-09-20 11:11:20am', '32', 'Tanmoy', '2018-09-20 15:04:00pm'),
(1060, '2018-09-20 15:04:10pm', '32', 'Tanmoy', '2018-09-20 18:40:25pm'),
(1061, '2018-09-24 10:35:52am', '32', 'Tanmoy', '2018-09-24 10:36:13am'),
(1062, '2018-09-24 10:41:34am', '32', 'Tanmoy', '2018-09-24 10:42:11am'),
(1063, '2018-09-24 11:43:01am', '32', 'Tanmoy', '2018-09-24 19:09:19pm'),
(1064, '2018-09-25 11:13:48am', '32', 'Tanmoy', '2018-09-25 14:06:15pm'),
(1065, '2018-09-25 15:37:18pm', '32', 'Tanmoy', '2018-09-25 18:46:20pm');

-- --------------------------------------------------------

--
-- Table structure for table `tm_balance_amt`
--

CREATE TABLE `tm_balance_amt` (
  `balance_dt` date NOT NULL,
  `emp_no` int(11) NOT NULL,
  `claim_amt` decimal(10,2) DEFAULT '0.00',
  `rcvd_amt` decimal(10,2) DEFAULT '0.00',
  `balance_amt` decimal(10,2) DEFAULT '0.00'
) ENGINE=MyISAM DEFAULT CHARSET=latin1;

--
-- Dumping data for table `tm_balance_amt`
--

INSERT INTO `tm_balance_amt` (`balance_dt`, `emp_no`, `claim_amt`, `rcvd_amt`, `balance_amt`) VALUES
('2018-05-31', 1, '0.00', '0.00', '23738.49'),
('2018-05-31', 3, '0.00', '0.00', '57328.00'),
('2018-05-31', 12, '0.00', '0.00', '1013.00'),
('2018-06-05', 80, '0.00', '3600.00', '61.00'),
('2018-05-31', 15, '0.00', '0.00', '20.00'),
('2018-05-31', 19, '372.00', '0.00', '21979.00'),
('2018-06-05', 49, '7345.00', '1400.00', '-27.00'),
('2018-06-06', 3, '90.00', '1000.00', '58743.00'),
('2018-06-06', 101, '0.00', '1000.00', '-1275.00'),
('2018-06-06', 110, '2103.00', '0.00', '2103.00'),
('2018-05-31', 30, '0.00', '0.00', '-2134.00'),
('2018-06-06', 51, '6269.00', '0.00', '-856.71'),
('2018-05-31', 32, '0.00', '0.00', '11970.00'),
('2018-06-07', 36, '0.00', '2000.00', '-5828.00'),
('2018-06-07', 53, '0.00', '800.00', '-721.00'),
('2018-05-30', 57, '0.00', '0.00', '-7305.00'),
('2018-05-31', 36, '0.00', '1300.00', '-1328.00'),
('2018-06-07', 41, '0.00', '200.00', '-735.00'),
('2018-05-31', 38, '0.00', '0.00', '265.00'),
('2018-05-30', 55, '0.00', '0.00', '47.69'),
('2018-06-07', 57, '0.00', '5000.00', '-12305.00'),
('2018-05-31', 41, '0.00', '0.00', '-535.00'),
('2018-05-30', 53, '0.00', '0.00', '79.00'),
('2018-06-07', 110, '0.00', '2100.00', '3.00'),
('2018-05-30', 51, '0.00', '0.00', '-7125.71'),
('2018-05-30', 50, '0.00', '0.00', '-5576.50'),
('2018-05-30', 49, '0.00', '0.00', '-5972.00'),
('2018-05-31', 49, '0.00', '0.00', '-5972.00'),
('2018-05-31', 50, '0.00', '0.00', '-5576.50'),
('2018-05-31', 51, '0.00', '0.00', '-7125.71'),
('2018-06-07', 72, '0.00', '1000.00', '-2291.00'),
('2018-05-31', 53, '0.00', '0.00', '79.00'),
('2018-06-07', 108, '0.00', '700.00', '11.00'),
('2018-05-31', 55, '0.00', '0.00', '47.69'),
('2018-06-07', 1, '345.00', '0.00', '345.49'),
('2018-05-31', 57, '0.00', '0.00', '-7305.00'),
('2018-06-08', 3, '1809.00', '0.00', '60552.00'),
('2018-06-08', 36, '3721.00', '0.00', '-2107.00'),
('2018-05-30', 41, '0.00', '0.00', '-535.00'),
('2018-06-08', 55, '1750.00', '0.00', '-202.31'),
('2018-06-08', 74, '725.00', '500.00', '-1804.00'),
('2018-05-30', 38, '0.00', '0.00', '265.00'),
('2018-06-08', 51, '0.00', '5000.00', '-5856.71'),
('2018-05-30', 36, '0.00', '0.00', '-28.00'),
('2018-05-31', 66, '0.00', '0.00', '-10692.00'),
('2018-06-08', 53, '0.00', '1300.00', '-2021.00'),
('2018-06-08', 77, '0.00', '2500.00', '-2422.00'),
('2018-06-11', 41, '0.00', '500.00', '-1235.00'),
('2018-05-31', 70, '0.00', '0.00', '-500.00'),
('2018-05-30', 32, '0.00', '0.00', '11970.00'),
('2018-05-31', 72, '0.00', '0.00', '-1291.00'),
('2018-05-31', 73, '0.00', '0.00', '-449.00'),
('2018-05-31', 74, '0.00', '0.00', '-1529.00'),
('2018-06-11', 87, '0.00', '2000.00', '-2005.00'),
('2018-05-30', 30, '0.00', '0.00', '-2134.00'),
('2018-05-31', 77, '0.00', '0.00', '78.00'),
('2018-05-31', 78, '0.00', '0.00', '-4983.00'),
('2018-05-31', 79, '0.00', '0.00', '-1859.00'),
('2018-05-31', 80, '0.00', '0.00', '3661.00'),
('2018-06-12', 49, '3800.00', '3700.00', '73.00'),
('2018-05-31', 82, '0.00', '0.00', '-1323.00'),
('2018-06-12', 104, '0.00', '2800.00', '14.00'),
('2018-05-31', 84, '0.00', '0.00', '-971.00'),
('2018-06-12', 102, '0.00', '700.00', '-883.00'),
('2018-05-31', 86, '0.00', '0.00', '-21.00'),
('2018-05-31', 87, '0.00', '0.00', '2995.00'),
('2018-06-12', 3, '0.00', '5000.00', '55552.00'),
('2018-05-31', 90, '0.00', '0.00', '302.88'),
('2018-05-30', 19, '0.00', '0.00', '21607.00'),
('2018-05-30', 15, '0.00', '0.00', '20.00'),
('2018-06-12', 50, '0.00', '5000.00', '-10576.50'),
('2018-05-30', 12, '0.00', '0.00', '1013.00'),
('2018-05-30', 3, '0.00', '0.00', '57328.00'),
('2018-05-30', 1, '0.00', '0.00', '23738.49'),
('2018-05-31', 100, '0.00', '0.00', '6628.51'),
('2018-05-31', 101, '0.00', '0.00', '-275.00'),
('2018-05-31', 102, '0.00', '0.00', '217.00'),
('2018-05-30', 112, '0.00', '0.00', '13.00'),
('2018-05-31', 104, '0.00', '0.00', '2814.00'),
('2018-05-31', 105, '0.00', '0.00', '0.00'),
('2018-05-31', 106, '0.00', '0.00', '0.00'),
('2018-05-31', 107, '0.00', '0.00', '479.00'),
('2018-05-31', 108, '0.00', '0.00', '711.00'),
('2018-05-31', 109, '0.00', '0.00', '-7643.00'),
('2018-05-31', 110, '0.00', '0.00', '0.00'),
('2018-05-31', 111, '0.00', '0.00', '-1474.00'),
('2018-05-31', 112, '0.00', '500.00', '-487.00'),
('2018-05-31', 113, '0.00', '2000.00', '5825.00'),
('2018-05-31', 115, '0.00', '0.00', '-500.00'),
('2018-05-30', 66, '0.00', '0.00', '-10692.00'),
('2018-06-05', 36, '0.00', '2500.00', '-3828.00'),
('2018-06-05', 30, '4147.00', '2000.00', '13.00'),
('2018-06-05', 12, '1532.00', '0.00', '2545.00'),
('2018-05-30', 70, '0.00', '0.00', '-500.00'),
('2018-06-05', 19, '806.00', '1000.00', '-315.00'),
('2018-05-30', 72, '0.00', '0.00', '-1291.00'),
('2018-05-30', 73, '0.00', '0.00', '-449.00'),
('2018-05-30', 74, '0.00', '0.00', '-1529.00'),
('2018-06-05', 113, '0.00', '5800.00', '25.00'),
('2018-06-04', 102, '0.00', '400.00', '-183.00'),
('2018-05-30', 77, '0.00', '0.00', '78.00'),
('2018-05-30', 78, '0.00', '0.00', '-4983.00'),
('2018-05-30', 79, '0.00', '0.00', '-1851.00'),
('2018-05-30', 80, '0.00', '0.00', '3661.00'),
('2018-05-30', 81, '0.00', '0.00', '-4289.00'),
('2018-05-30', 82, '0.00', '0.00', '-1323.00'),
('2018-06-05', 55, '0.00', '2000.00', '-1952.31'),
('2018-05-30', 84, '0.00', '0.00', '-971.00'),
('2018-06-04', 90, '0.00', '300.00', '2.88'),
('2018-05-30', 86, '0.00', '0.00', '-21.00'),
('2018-05-30', 87, '0.00', '0.00', '2995.00'),
('2018-06-04', 74, '0.00', '500.00', '-2029.00'),
('2018-05-30', 90, '0.00', '0.00', '302.88'),
('2018-06-04', 3, '2325.00', '0.00', '59653.00'),
('2018-06-04', 1, '862.00', '24600.00', '0.49'),
('2018-06-01', 107, '0.00', '500.00', '-21.00'),
('2018-06-01', 87, '0.00', '3000.00', '-5.00'),
('2018-06-01', 79, '0.00', '2000.00', '-3859.00'),
('2018-06-01', 19, '0.00', '22100.00', '-121.00'),
('2018-05-30', 100, '0.00', '0.00', '6628.51'),
('2018-05-30', 101, '0.00', '0.00', '-275.00'),
('2018-05-30', 102, '0.00', '0.00', '217.00'),
('2018-06-01', 32, '33728.00', '0.00', '45698.00'),
('2018-05-30', 104, '0.00', '0.00', '2814.00'),
('2018-05-30', 105, '0.00', '0.00', '0.00'),
('2018-05-30', 106, '0.00', '0.00', '0.00'),
('2018-05-30', 107, '0.00', '0.00', '479.00'),
('2018-05-30', 108, '0.00', '0.00', '711.00'),
('2018-05-30', 109, '0.00', '0.00', '-7643.00'),
('2018-05-30', 110, '0.00', '0.00', '0.00'),
('2018-05-30', 111, '0.00', '0.00', '-1474.00'),
('2018-05-30', 113, '0.00', '0.00', '7825.00'),
('2018-05-30', 115, '0.00', '0.00', '-500.00'),
('2018-06-12', 36, '0.00', '700.00', '-2807.00'),
('2018-06-13', 100, '3004.00', '6600.00', '3032.51'),
('2018-06-13', 51, '7135.00', '1200.00', '78.29'),
('2018-06-13', 78, '15253.00', '0.00', '10270.00'),
('2018-06-13', 19, '976.00', '0.00', '661.00'),
('2018-06-13', 12, '18355.00', '0.00', '20900.00'),
('2018-06-13', 36, '0.00', '1000.00', '-3807.00'),
('2018-06-13', 72, '0.00', '800.00', '-3091.00'),
('2018-06-14', 3, '20386.00', '57000.00', '18938.00'),
('2018-06-14', 1, '10200.00', '0.00', '10545.49'),
('2018-06-14', 12, '0.00', '21000.00', '-100.00'),
('2018-06-14', 100, '0.00', '3000.00', '32.51'),
('2018-06-14', 78, '0.00', '10300.00', '-30.00'),
('2018-06-14', 53, '0.00', '600.00', '-2621.00'),
('2018-06-14', 74, '0.00', '300.00', '-2104.00'),
('2018-06-14', 19, '0.00', '1000.00', '-339.00'),
('2018-06-14', 80, '0.00', '2000.00', '-1939.00'),
('2018-06-15', 36, '3157.00', '0.00', '-650.00'),
('2018-06-15', 66, '0.00', '0.00', '-10692.00'),
('2018-06-15', 55, '0.00', '1500.00', '-1702.31'),
('2018-06-18', 66, '384.00', '0.00', '-10308.00'),
('2018-06-18', 36, '0.00', '1200.00', '-1850.00'),
('2018-06-19', 84, '741.00', '0.00', '-230.00'),
('2018-06-19', 87, '0.00', '2500.00', '-4505.00'),
('2018-06-19', 101, '0.00', '1200.00', '-2475.00'),
('2018-06-19', 41, '0.00', '300.00', '-1535.00'),
('2018-06-19', 66, '0.00', '600.00', '-10908.00'),
('2018-06-19', 1, '0.00', '6000.00', '4545.49'),
('2018-06-19', 3, '0.00', '6000.00', '12938.00'),
('2018-06-20', 55, '0.00', '1600.00', '-3302.31'),
('2018-06-21', 53, '0.00', '1200.00', '-3821.00'),
('2018-06-21', 78, '0.00', '1000.00', '-1030.00'),
('2018-06-21', 74, '0.00', '2000.00', '-4104.00'),
('2018-06-22', 87, '0.00', '2000.00', '-6505.00'),
('2018-06-24', 32, '0.00', '45698.00', '0.00'),
('2018-06-25', 113, '0.00', '2000.00', '-1975.00'),
('2018-06-25', 15, '0.00', '1000.00', '-980.00'),
('2018-06-25', 101, '0.00', '2000.00', '-4475.00'),
('2018-06-25', 73, '0.00', '1000.00', '-1449.00'),
('2018-06-25', 55, '0.00', '1000.00', '-4302.31'),
('2018-06-25', 74, '0.00', '500.00', '-4604.00'),
('2018-06-26', 30, '260.00', '0.00', '273.00'),
('2018-06-26', 3, '18423.00', '0.00', '31361.00'),
('2018-06-26', 12, '860.00', '0.00', '760.00'),
('2018-06-26', 74, '0.00', '1500.00', '-6104.00'),
('2018-06-26', 36, '0.00', '1200.00', '-3050.00'),
('2018-06-26', 19, '5776.00', '0.00', '5437.00'),
('2018-06-26', 1, '3585.00', '0.00', '8130.49'),
('2018-06-26', 109, '0.00', '3000.00', '-10643.00'),
('2018-06-26', 41, '0.00', '500.00', '-2035.00'),
('2018-06-27', 74, '0.00', '2000.00', '-8104.00'),
('2018-06-27', 72, '0.00', '2500.00', '-5591.00'),
('2018-06-27', 55, '0.00', '600.00', '-4902.31'),
('2018-06-28', 90, '0.00', '100.00', '-97.12'),
('2018-06-28', 102, '0.00', '500.00', '-1383.00'),
('2018-06-28', 87, '0.00', '200.00', '-6705.00'),
('2018-06-28', 79, '0.00', '200.00', '-4059.00'),
('2018-06-29', 113, '0.00', '1000.00', '-2975.00'),
('2018-06-29', 19, '0.00', '1500.00', '3937.00'),
('2018-06-29', 110, '0.00', '1500.00', '-1497.00'),
('2018-06-29', 78, '0.00', '200.00', '-1230.00'),
('2018-06-29', 108, '0.00', '300.00', '-289.00'),
('2018-06-29', 36, '0.00', '1800.00', '-4850.00'),
('2018-07-01', 57, '0.00', '5000.00', '-17305.00'),
('2018-07-02', 41, '0.00', '500.00', '-2535.00'),
('2018-07-02', 3, '237.00', '0.00', '31598.00'),
('2018-07-02', 74, '0.00', '500.00', '-8604.00'),
('2018-07-02', 55, '0.00', '500.00', '-5402.31'),
('2018-07-02', 53, '0.00', '500.00', '-4321.00'),
('2018-07-03', 107, '0.00', '1500.00', '-1521.00'),
('2018-07-03', 82, '0.00', '2500.00', '-3823.00'),
('2018-07-03', 38, '0.00', '500.00', '-235.00'),
('2018-07-03', 105, '0.00', '500.00', '-500.00'),
('2018-07-03', 12, '0.00', '340.00', '420.00'),
('2018-07-04', 12, '0.00', '-340.00', '760.00'),
('2018-07-04', 19, '0.00', '2000.00', '1937.00'),
('2018-07-04', 3, '0.00', '2000.00', '29598.00'),
('2018-07-04', 36, '0.00', '2200.00', '-7050.00'),
('2018-07-04', 1, '0.00', '13764.00', '-5633.51'),
('2018-07-05', 90, '0.00', '2000.00', '-2097.12'),
('2018-07-05', 36, '0.00', '300.00', '-7350.00'),
('2018-07-05', 77, '0.00', '1000.00', '-3422.00'),
('2018-07-06', 84, '233.00', '0.00', '3.00'),
('2018-07-06', 115, '944.00', '0.00', '444.00'),
('2018-07-06', 36, '7200.00', '1200.00', '-1350.00'),
('2018-07-06', 74, '7636.00', '500.00', '-1468.00'),
('2018-07-06', 55, '5593.00', '0.00', '190.69'),
('2018-07-06', 80, '6950.00', '0.00', '5011.00'),
('2018-07-06', 12, '20182.00', '21000.00', '-58.00'),
('2018-07-06', 19, '3431.00', '5500.00', '-132.00'),
('2018-07-06', 1, '6634.00', '1000.00', '0.49'),
('2018-07-06', 51, '280.00', '300.00', '58.29'),
('2018-07-06', 100, '696.00', '0.00', '728.51'),
('2018-07-06', 110, '8018.00', '300.00', '6221.00'),
('2018-07-06', 78, '2260.00', '1500.00', '-470.00'),
('2018-07-09', 55, '0.00', '2500.00', '-2309.31'),
('2018-07-09', 84, '0.00', '300.00', '-297.00'),
('2018-07-09', 74, '0.00', '300.00', '-1768.00'),
('2018-07-09', 80, '0.00', '5000.00', '11.00'),
('2018-07-10', 36, '0.00', '500.00', '-1850.00'),
('2018-07-10', 74, '0.00', '500.00', '-2268.00'),
('2018-07-10', 72, '0.00', '1500.00', '-7091.00'),
('2018-07-10', 84, '0.00', '2000.00', '-2297.00'),
('2018-07-10', 57, '0.00', '5000.00', '-22305.00'),
('2018-07-10', 100, '0.00', '700.00', '28.51'),
('2018-07-11', 55, '0.00', '700.00', '-3009.31'),
('2018-07-11', 90, '0.00', '1000.00', '-3097.12'),
('2018-07-11', 36, '0.00', '500.00', '-2350.00'),
('2018-07-11', 53, '0.00', '200.00', '-4521.00'),
('2018-07-11', 102, '0.00', '500.00', '-1883.00'),
('2018-08-29', 30, '400.00', '0.00', '673.00');

-- --------------------------------------------------------

--
-- Table structure for table `tm_claim`
--

CREATE TABLE `tm_claim` (
  `claim_cd` bigint(20) NOT NULL,
  `emp_no` int(11) NOT NULL,
  `claim_dt` date NOT NULL,
  `project_type` varchar(20) NOT NULL,
  `project_name` varchar(50) NOT NULL,
  `purpose` varchar(50) NOT NULL,
  `from_dt` date NOT NULL,
  `to_dt` date NOT NULL,
  `narration` text NOT NULL,
  `amount` decimal(10,2) NOT NULL DEFAULT '0.00',
  `approval_status` tinyint(4) NOT NULL DEFAULT '0',
  `approved_by` varchar(50) NOT NULL,
  `approval_dt` datetime NOT NULL,
  `rejection_status` int(11) NOT NULL DEFAULT '0',
  `rejection_remarks` text,
  `rejected_by` varchar(50) DEFAULT NULL,
  `rejected_dt` datetime DEFAULT NULL,
  `created_by` varchar(50) NOT NULL,
  `created_dt` varchar(50) NOT NULL,
  `modified_by` varchar(50) NOT NULL,
  `modified_dt` varchar(50) NOT NULL
) ENGINE=MyISAM DEFAULT CHARSET=latin1;

--
-- Dumping data for table `tm_claim`
--

INSERT INTO `tm_claim` (`claim_cd`, `emp_no`, `claim_dt`, `project_type`, `project_name`, `purpose`, `from_dt`, `to_dt`, `narration`, `amount`, `approval_status`, `approved_by`, `approval_dt`, `rejection_status`, `rejection_remarks`, `rejected_by`, `rejected_dt`, `created_by`, `created_dt`, `modified_by`, `modified_dt`) VALUES
(20181, 19, '2018-05-31', '', 'Others', 'Tours & Travels - Marketing', '2018-05-30', '2018-05-30', 'KONA CHAMRAIL JAGDISHPUR CCS', '372.00', 1, 'Aritra  Basu Roy Chowdhury', '2018-06-01 12:21:39', 0, NULL, NULL, NULL, 'Amit Kumar Singh', '2018-05-31 11:50:03am', 'Amit Kumar Singh', '2018-06-01 11:35:32am'),
(20182, 1, '2018-05-31', '', 'Others', 'Tours & Travels - Marketing', '2018-05-30', '2018-05-30', 'Fuel for several meetings & to and fro travelling to Airport', '862.00', 1, 'Debasish Adhikary', '2018-06-04 13:30:20', 0, NULL, NULL, NULL, 'Aritra  Basu Roy Chowdhury', '2018-05-31 11:52:28am', '', ''),
(20183, 32, '2018-05-31', '', 'PURI CCS', 'Web Hosting & Other Related Charges', '2018-05-24', '2018-05-24', 'Website Domain registration for PURI CCS 2Years', '1132.00', 1, 'Nilkantha  Das', '2018-06-01 15:17:30', 0, NULL, NULL, NULL, 'Tanmoy Mondal', '2018-05-31 18:43:47pm', '', ''),
(20184, 32, '2018-05-31', '', 'Others', 'Website Hosting Charges', '2018-05-18', '2018-05-18', 'Rent of VPS for Web Hosting for different clients.', '32596.00', 1, 'Nilkantha  Das', '2018-06-01 15:06:04', 0, NULL, NULL, NULL, 'Tanmoy Mondal', '2018-05-31 18:46:45pm', '', ''),
(20187, 72, '2018-06-04', '', 'DAKSHINBARASAT', 'Tours & Travels - Execution', '2018-06-01', '2018-06-02', 'Audit Support and TDS Module Implementation', '680.00', 0, '', '0000-00-00 00:00:00', 0, NULL, NULL, NULL, 'Sourav Ghorai', '2018-06-04 10:48:35am', '', ''),
(20186, 36, '2018-06-01', '', 'Others', 'Office Maintenance', '2018-06-01', '2018-06-01', 'office purpose', '916.00', 1, 'Sujit Paul', '2018-06-08 16:24:40', 0, NULL, NULL, NULL, 'Sanjoy Sardar', '2018-06-01 17:45:56pm', 'Sanjoy Sardar', '2018-06-01 17:50:00pm'),
(20188, 72, '2018-06-04', '', 'SANTIPUR HO', 'Tours & Travels - Execution', '2018-05-30', '2018-05-30', 'Supprt At Santipur SKUS', '439.00', 0, '', '0000-00-00 00:00:00', 0, NULL, NULL, NULL, 'Sourav Ghorai', '2018-06-04 11:16:33am', '', ''),
(20189, 72, '2018-06-04', '', 'Select', 'Tours & Travels - Execution', '2018-05-22', '2018-05-22', 'Support At Dingakhola SKUS', '417.00', 0, '', '0000-00-00 00:00:00', 0, NULL, NULL, NULL, 'Sourav Ghorai', '2018-06-04 11:34:51am', '', ''),
(201810, 19, '2018-06-04', '', 'Others', 'Fuel Charges', '2018-04-04', '2018-06-04', 'fuel for Local', '806.00', 1, 'Aritra  Basu Roy Chowdhury', '2018-06-05 16:10:40', 0, NULL, NULL, NULL, 'Amit Kumar Singh', '2018-06-04 11:41:16am', '', ''),
(201811, 36, '2018-06-04', '', 'Others', 'Postage & Telegraphs', '2018-06-04', '2018-06-04', 'REVENUE STAMP  ', '100.00', 1, 'Sujit Paul', '2018-06-08 16:16:06', 0, NULL, NULL, NULL, 'Sanjoy Sardar', '2018-06-04 12:46:17pm', '', ''),
(201812, 36, '2018-06-04', '', 'Others', 'Lunch Subsidy', '2018-06-02', '2018-06-02', 'EGG TARKA ROTI', '50.00', 1, 'Sujit Paul', '2018-06-08 16:38:33', 0, NULL, NULL, NULL, 'Sanjoy Sardar', '2018-06-04 12:55:14pm', '', ''),
(201813, 3, '2018-06-04', '', 'Others', 'Tours & Travels - Marketing', '2018-05-31', '2018-06-01', 'Ghatal ARDB, Dhamasin, Berui', '2325.00', 1, 'Aritra  Basu Roy Chowdhury', '2018-06-04 13:43:58', 0, NULL, NULL, NULL, 'Debasish Adhikary', '2018-06-04 13:02:27pm', '', ''),
(201814, 51, '2018-06-04', 'CCS', 'PURI CCS', 'Tours & Travels - Execution', '2018-05-21', '2018-05-25', 'WENT TO PURI CCS FOR CBS MIGRATION', '6269.00', 1, 'Sukanta Roy', '2018-06-06 19:30:17', 0, NULL, NULL, NULL, 'Kalyan Dutta', '2018-06-04 13:11:54pm', 'Kalyan Dutta', '2018-06-04 14:15:05pm'),
(201815, 12, '2018-06-04', '', 'Others', 'Tours & Travels - Execution', '2018-06-04', '2018-06-04', 'Ticket for Kalyan to Puri', '1532.00', 1, 'Aritra  Basu Roy Chowdhury', '2018-06-05 16:12:19', 0, NULL, NULL, NULL, 'Sukanta Roy', '2018-06-04 13:51:16pm', '', ''),
(201816, 73, '2018-06-04', 'CCS', 'KANAIPUR', 'Tours & Travels - Execution', '2018-06-01', '2018-06-01', 'Meeting regarding audit ', '70.00', 0, '', '0000-00-00 00:00:00', 0, NULL, NULL, NULL, 'Sushil Prajapati', '2018-06-04 14:43:28pm', '', ''),
(201817, 102, '2018-06-04', '', 'Others', 'Tours & Travels - Execution', '2018-05-29', '2018-06-02', 'Online At Gokuldanga Skus Ltd.', '1492.00', 0, '', '0000-00-00 00:00:00', 0, NULL, NULL, NULL, 'Souparna Bosu', '2018-06-04 15:21:02pm', 'Souparna Bosu', '2018-06-06 07:56:39am'),
(201818, 30, '2018-06-04', '', 'Others For Marketing', 'Tours & Travels - Marketing', '2018-05-30', '2018-05-30', 'Khanakul black two pacs with arghya', '280.00', 1, 'Aritra  Basu Roy Chowdhury', '2018-06-05 16:14:59', 0, NULL, NULL, NULL, 'Subhodip Banerjee', '2018-06-04 16:15:07pm', 'Subhodip Banerjee', '2018-06-04 16:22:57pm'),
(201819, 30, '2018-06-04', '', 'Others For Marketing', 'Tours & Travels - Marketing', '2018-05-30', '2018-06-03', 'Tour to Purulia', '3867.00', 1, 'Aritra  Basu Roy Chowdhury', '2018-06-05 16:24:10', 0, NULL, NULL, NULL, 'Subhodip Banerjee', '2018-06-04 16:37:11pm', 'Subhodip Banerjee', '2018-06-05 16:21:39pm'),
(201820, 36, '2018-06-04', '', 'Others', 'Printing & Stationary', '2018-06-04', '2018-06-04', 'Browntape 3PIC', '105.00', 1, 'Sujit Paul', '2018-06-08 16:14:12', 0, NULL, NULL, NULL, 'Sanjoy Sardar', '2018-06-04 18:08:30pm', 'Sanjoy Sardar', '2018-06-06 11:13:26am'),
(201839, 79, '2018-06-06', '', 'Others', 'Tours & Travels - Execution', '2018-06-04', '2018-06-04', 'MITHANI ECCS ONLINE RELATED', '435.00', 0, '', '0000-00-00 00:00:00', 0, NULL, NULL, NULL, 'Saurav Manna', '2018-06-06 18:27:08pm', 'Saurav Manna', '2018-06-06 18:32:54pm'),
(201822, 110, '2018-06-05', '', 'Others', 'Tours & Travels - Execution', '2018-06-05', '2018-06-05', 'tatkal ticket CANCELATION for kalyan dutta', '74.00', 1, 'Sukanta Roy', '2018-06-06 18:42:38', 0, NULL, NULL, NULL, 'Atin Chatterjee', '2018-06-05 10:46:54am', 'Atin Chatterjee', '2018-06-05 22:20:32pm'),
(201823, 82, '2018-06-05', '', 'Others', 'Tours & Travels - Execution', '2018-05-30', '2018-05-31', 'FINANCE MARGE AT NETAJI SKUS (MEDNIPUR)', '576.00', 0, '', '0000-00-00 00:00:00', 0, NULL, NULL, NULL, 'Subhajit Sani', '2018-06-05 12:42:42pm', '', ''),
(201824, 87, '2018-06-05', '', 'Others', 'Tours & Travels - Execution', '2018-06-04', '2018-06-04', 'TRAINING AFTER ONLINE AND VERIOUS PROBLEMS IN URIASAI SKUS', '620.00', 0, '', '0000-00-00 00:00:00', 0, NULL, NULL, NULL, 'Chandan Chakraborty', '2018-06-05 13:44:33pm', 'Chandan Chakraborty', '2018-06-19 16:35:40pm'),
(201825, 49, '2018-06-05', '', 'Others For Marketing', 'Tours & Travels - Marketing', '2018-05-03', '2018-05-22', 'raiganj. mursidabad,siliguri,', '3275.00', 1, 'Subhodip Banerjee', '2018-06-05 17:13:52', 0, NULL, NULL, NULL, 'Arfibillah Mondal', '2018-06-05 14:40:36pm', '', ''),
(201826, 49, '2018-06-05', '', 'Others For Marketing', 'Tours & Travels - Marketing', '2018-04-11', '2018-04-30', 'baggoan skus, kaliaganj,gachinagar,balurghat', '1970.00', 1, 'Subhodip Banerjee', '2018-06-05 17:11:07', 0, NULL, NULL, NULL, 'Arfibillah Mondal', '2018-06-05 14:54:01pm', '', ''),
(201827, 90, '2018-06-05', '', 'Others', 'Tours & Travels - Execution', '2018-06-04', '2018-06-04', 'BACKLOG MEMBER ENTRY TRAINING GIVEN TO SANHATI CCS (GARIA, PANCHPOTA)', '54.00', 0, '', '0000-00-00 00:00:00', 0, NULL, NULL, NULL, 'SUPARSHA DAS', '2018-06-05 15:00:07pm', '', ''),
(201828, 49, '2018-06-05', '', 'Others For Marketing', 'Office Equipment', '2018-04-06', '2018-05-08', 'malda room servent', '2100.00', 1, 'Subhodip Banerjee', '2018-06-05 17:09:10', 0, NULL, NULL, NULL, 'Arfibillah Mondal', '2018-06-05 15:00:50pm', '', ''),
(201829, 84, '2018-06-05', '', 'Others', 'Local Conveyance', '2018-06-02', '2018-06-05', 'JADAVPUR ', '85.00', 1, 'Amit Kr Singh', '2018-06-19 13:16:08', 0, NULL, NULL, NULL, 'Sanjoy Prasad', '2018-06-05 15:43:01pm', '', ''),
(201840, 79, '2018-06-06', 'ECCS', 'DURGAPUR ASP', 'Tours & Travels - Execution', '2018-06-05', '2018-06-05', 'DURGAPUR ASP AND DPL VISIT', '555.00', 0, '', '0000-00-00 00:00:00', 0, NULL, NULL, NULL, 'Saurav Manna', '2018-06-06 18:31:50pm', '', ''),
(201838, 1, '2018-06-06', '', 'Others For Marketing', 'Local Conveyance', '2018-06-04', '2018-06-06', 'Meeting at WBSCB & WBSCARD', '345.00', 1, 'Debasish Adhikary', '2018-06-08 12:29:11', 0, NULL, NULL, NULL, 'Aritra  Basu Roy Chowdhury', '2018-06-06 18:22:54pm', '', ''),
(201832, 110, '2018-06-05', '', 'Others', 'Tours & Travels - Execution', '2018-05-22', '2018-05-23', 'BACKLOG INSTALLATION AND TRAINING OF NADIA ARDB(KARIMPUR & TEHOTTA) ', '1559.00', 1, 'Sukanta Roy', '2018-06-06 18:41:46', 0, NULL, NULL, NULL, 'Atin Chatterjee', '2018-06-05 18:30:42pm', 'Atin Chatterjee', '2018-06-05 22:18:37pm'),
(201833, 36, '2018-06-05', '', 'Others', 'Printing & Stationary', '2018-06-05', '2018-06-05', 'Spiral Binding', '50.00', 1, 'Sujit Paul', '2018-06-08 16:15:52', 0, NULL, NULL, NULL, 'Sanjoy Sardar', '2018-06-05 18:41:26pm', 'Sanjoy Sardar', '2018-06-06 11:05:34am'),
(201834, 53, '2018-06-05', '', 'Others', 'Tours & Travels - Execution', '2018-06-05', '2018-06-05', 'BUS TICKET OF ARUNANGSHU PAL TO MALDA TOWN', '694.00', 0, '', '0000-00-00 00:00:00', 0, NULL, NULL, NULL, 'Joydeep Ghosh', '2018-06-05 20:48:49pm', 'Joydeep Ghosh', '2018-06-05 20:49:17pm'),
(201835, 110, '2018-06-05', '', 'Others', 'Tours & Travels - Execution', '2018-05-24', '2018-05-25', 'MIGRATION AND WEB HOSTING FOR BELMURI SKUS', '470.00', 1, 'Sukanta Roy', '2018-06-06 18:39:50', 0, NULL, NULL, NULL, 'Atin Chatterjee', '2018-06-05 22:29:51pm', '', ''),
(201836, 36, '2018-06-06', '', 'Others', 'Office Maintenance', '2018-06-05', '2018-06-05', 'milk 2kg\r\nsugar', '2150.00', 1, 'Sujit Paul', '2018-06-08 16:40:43', 0, NULL, NULL, NULL, 'Sanjoy Sardar', '2018-06-06 11:20:11am', '', ''),
(201837, 3, '2018-06-06', '', 'Others For Marketing', 'Tours & Travels - Marketing', '2018-06-05', '2018-06-05', 'Hooghly ARDB', '90.00', 1, 'Aritra  Basu Roy Chowdhury', '2018-06-06 18:23:23', 0, NULL, NULL, NULL, 'Debasish Adhikary', '2018-06-06 12:56:20pm', '', ''),
(201841, 57, '2018-06-06', '', 'Others', 'Tours & Travels - Execution', '2018-05-12', '2018-05-16', 'SILIGURI OFFICE TO KOLKATA OFFICE', '901.00', 0, '', '0000-00-00 00:00:00', 0, NULL, NULL, NULL, 'Rakesh Singh', '2018-06-06 18:38:34pm', 'Rakesh Kumar Singh', '2018-06-06 18:39:18pm'),
(201842, 57, '2018-06-06', '', 'Others', 'Tours & Travels - Execution', '2018-05-17', '2018-05-17', 'GOING TO SILIGURI OFFICE TO SILIGURI SYNDICATEABNK R O OFFICE FOR AMC ', '60.00', 0, '', '0000-00-00 00:00:00', 0, NULL, NULL, NULL, 'Rakesh Singh', '2018-06-06 18:51:31pm', '', ''),
(201843, 57, '2018-06-06', '', 'Others For Marketing', 'Tours & Travels - Marketing', '2018-05-18', '2018-05-18', 'GOING TO RAIGANJ BBP MACHINE DELAR SIDE AND GOING TO RAIGANJ CENTRAL CO OP BANK FOR 1 PC MACHINE DELIVERY', '475.00', 0, '', '0000-00-00 00:00:00', 0, NULL, NULL, NULL, 'Rakesh Singh', '2018-06-06 19:05:02pm', '', ''),
(201844, 57, '2018-06-06', '', 'Others', 'Tours & Travels - Marketing', '2018-05-09', '2018-05-10', 'GOING TO GONTOK BBP MACHINE DELAR MG MART', '800.00', 0, '', '0000-00-00 00:00:00', 0, NULL, NULL, NULL, 'Rakesh Singh', '2018-06-06 19:07:54pm', '', ''),
(201845, 57, '2018-06-06', '', 'Others For Marketing', 'Tours & Travels - Marketing', '2018-05-19', '2018-05-19', 'GOING TO PERFECT MARKETING DELAR SIDE', '20.00', 0, '', '0000-00-00 00:00:00', 0, NULL, NULL, NULL, 'Rakesh Singh', '2018-06-06 19:11:36pm', '', ''),
(201846, 57, '2018-06-06', '', 'Others For Marketing', 'Tours & Travels - Marketing', '2018-05-21', '2018-05-21', 'GOING TO MAINAGURI BBP MACHINE DEMO', '325.00', 0, '', '0000-00-00 00:00:00', 0, NULL, NULL, NULL, 'Rakesh Singh', '2018-06-06 19:20:55pm', '', ''),
(201847, 57, '2018-06-06', '', 'Others', 'Tours & Travels - Execution', '2018-05-22', '2018-05-22', 'GOING TO AXIS BANK FOR PAYMENT DEPOSIT FOR RAIGANJ DELAR BBP ,MCHINE', '40.00', 0, '', '0000-00-00 00:00:00', 0, NULL, NULL, NULL, 'Rakesh Singh', '2018-06-06 19:24:10pm', '', ''),
(201848, 57, '2018-06-06', '', 'Others For Marketing', 'Tours & Travels - Marketing', '2018-05-23', '2018-05-23', 'GOING TO GANGTOK FOR  BBP MACHINE DELAR MG MART', '1170.00', 0, '', '0000-00-00 00:00:00', 0, NULL, NULL, NULL, 'Rakesh Singh', '2018-06-06 19:33:35pm', '', ''),
(201849, 57, '2018-06-06', '', 'Others For Marketing', 'Tours & Travels - Execution', '2018-05-24', '2018-05-27', 'GOINGT TO GUWAHATI FOR BANKING & CABEL MACHINE DELIVERY FOR S PATRO HOME  AND GOING TO SHREE BALAJI TREDRES BBP MACHINE DELAR SIDE', '2805.00', 0, '', '0000-00-00 00:00:00', 0, NULL, NULL, NULL, 'Rakesh Singh', '2018-06-06 20:06:53pm', '', ''),
(201850, 57, '2018-06-06', '', 'Others For Marketing', 'Tours & Travels - Marketing', '2018-05-27', '2018-05-27', 'GOING TO GUPTA RESTAURANTS FOR BBP MACHINE DEMO', '40.00', 0, '', '0000-00-00 00:00:00', 0, NULL, NULL, NULL, 'Rakesh Singh', '2018-06-06 20:10:04pm', 'Rakesh Kumar Singh', '2018-06-06 20:10:53pm'),
(201851, 57, '2018-06-06', '', 'Others For Marketing', 'Tours & Travels - Marketing', '2018-05-28', '2018-05-28', 'GOING TO PERFECT MARKETING TAKE THE ODER MACHINE', '20.00', 0, '', '0000-00-00 00:00:00', 0, NULL, NULL, NULL, 'Rakesh Singh', '2018-06-06 20:19:32pm', '', ''),
(201852, 57, '2018-06-06', '', 'Others', 'Tours & Travels - Execution', '2018-05-30', '2018-05-30', 'GOING TO BBP MACHINE DELIVERY FOR PERFECT MARKETING', '30.00', 0, '', '0000-00-00 00:00:00', 0, NULL, NULL, NULL, 'Rakesh Singh', '2018-06-06 20:23:00pm', '', ''),
(201853, 55, '2018-06-07', '', 'Others', 'Office Maintenance', '2018-06-05', '2018-06-05', 'tea 2 kg ctc+fop 500gm', '1100.00', 1, 'Sujit Paul', '2018-06-08 16:39:36', 0, NULL, NULL, NULL, 'Nabin Halder', '2018-06-07 11:00:37am', '', ''),
(201854, 55, '2018-06-07', '', 'Others', 'Office Maintenance', '2018-06-06', '2018-06-06', '12 packet biscuit', '420.00', 1, 'Sujit Paul', '2018-06-08 16:39:58', 0, NULL, NULL, NULL, 'Nabin Halder', '2018-06-07 11:01:48am', '', ''),
(201855, 55, '2018-06-07', '', 'Others', 'Office Maintenance', '2018-06-05', '2018-06-05', '6 pcs water bottle office  ', '230.00', 1, 'Sujit Paul', '2018-06-08 16:14:52', 0, NULL, NULL, NULL, 'Nabin Halder', '2018-06-07 11:03:20am', 'Nabin Halder', '2018-06-07 11:05:44am'),
(201856, 78, '2018-06-07', '', 'Others', 'Tours & Travels - Execution', '2018-06-07', '2018-06-07', 'TICKET BOOKING FOR KALYAN DUTTA FOR BABULTOLI RANINAGAR SKUS', '95.00', 1, 'Sukanta Roy', '2018-06-13 16:37:40', 0, NULL, NULL, NULL, 'Chandan Das', '2018-06-07 12:10:54pm', '', ''),
(201857, 12, '2018-06-07', '', 'Others', 'Electricity Charges', '2018-06-07', '2018-06-07', 'Three office electricity bills.', '17550.00', 1, 'Aritra  Basu Roy Chowdhury', '2018-06-13 17:27:08', 0, NULL, NULL, NULL, 'Sukanta Roy', '2018-06-07 15:27:04pm', '', ''),
(201858, 36, '2018-06-07', '', 'Others', 'Printing & Stationary', '2018-06-07', '2018-06-07', 'paper 1pkt', '200.00', 1, 'Sujit Paul', '2018-06-08 16:40:31', 0, NULL, NULL, NULL, 'Sanjoy Sardar', '2018-06-07 18:06:21pm', '', ''),
(201859, 73, '2018-06-07', 'CCS', 'KANAIPUR', 'Tours & Travels - Execution', '2018-06-06', '2018-06-06', 'Meeting Regarding Audit went with Neel Da', '157.00', 0, '', '0000-00-00 00:00:00', 0, NULL, NULL, NULL, 'Sushil Prajapati', '2018-06-07 18:16:23pm', 'Sushil Kumar Prajapati', '2018-06-07 18:17:03pm'),
(201860, 53, '2018-06-07', '', 'Others', 'Tours & Travels - Execution', '2018-06-07', '2018-06-07', 'Bus Ticket to Siliguri for Subhajit Sani ', '1278.00', 0, '', '0000-00-00 00:00:00', 0, NULL, NULL, NULL, 'Joydeep Ghosh', '2018-06-07 20:21:00pm', '', ''),
(201861, 3, '2018-06-08', '', 'Others For Marketing', 'Tours & Travels - Marketing', '2018-06-07', '2018-06-07', 'Sija Kamalpur SKUS. WBSCARDB', '1809.00', 1, 'Aritra  Basu Roy Chowdhury', '2018-06-08 13:03:48', 0, NULL, NULL, NULL, 'Debasish Adhikary', '2018-06-08 12:27:59pm', 'Debasish Adhikary', '2018-06-08 12:30:37pm'),
(201862, 77, '2018-06-08', '', 'Others For Marketing', 'Tours & Travels - Marketing', '2018-05-25', '2018-06-07', 'tour to 25/5-CKRoad,', '338.00', 0, '', '0000-00-00 00:00:00', 0, NULL, NULL, NULL, 'Suvendu Rakshit', '2018-06-08 14:14:56pm', '', ''),
(201863, 77, '2018-06-08', '', 'Others For Marketing', 'Tours & Travels - Marketing', '2018-05-28', '2018-05-30', 'Tour to Contai', '1827.00', 0, '', '0000-00-00 00:00:00', 0, NULL, NULL, NULL, 'Suvendu Rakshit', '2018-06-08 14:29:38pm', '', ''),
(201864, 77, '2018-06-08', '', 'Others For Marketing', 'Tours & Travels - Marketing', '2018-06-04', '2018-06-07', 'Tour to 4/5-Pingla,6/6-Sabang,7/6-Byabartahat', '539.00', 0, '', '0000-00-00 00:00:00', 0, NULL, NULL, NULL, 'Suvendu Rakshit', '2018-06-08 14:36:35pm', 'Suvendu Rakshit', '2018-06-19 14:03:50pm'),
(201865, 36, '2018-06-08', '', 'Others', 'Lunch Subsidy', '2018-06-08', '2018-06-08', 'MIO AMORE\r\nMONOJIT/SUKANTA /D.A', '150.00', 1, 'Sujit Paul', '2018-06-08 16:40:18', 0, NULL, NULL, NULL, 'Sanjoy Sardar', '2018-06-08 14:53:23pm', 'Sanjoy Sardar', '2018-06-08 14:53:34pm'),
(201866, 78, '2018-06-08', '', 'Others', 'Tours & Travels - Execution', '2018-05-21', '2018-06-01', 'Migration & Online at Jalpaiguri ARDB HO and Branch', '14299.00', 1, 'Sukanta Roy', '2018-06-13 16:55:04', 0, NULL, NULL, NULL, 'Chandan Das', '2018-06-08 15:30:55pm', 'Chandan Das', '2018-06-08 15:43:11pm'),
(201867, 100, '2018-06-08', '', 'Others', 'Tours & Travels - Execution', '2018-06-05', '2018-06-07', 'Implementation of CBS in Barrah SKUS', '3004.00', 1, 'Sukanta Roy', '2018-06-13 16:25:08', 0, NULL, NULL, NULL, 'Rajiv Sharma', '2018-06-08 15:40:04pm', '', ''),
(201868, 78, '2018-06-08', 'PACS', 'KASIARAPALLI SKUS', 'Tours & Travels - Execution', '2018-06-04', '2018-06-07', 'CBS AT KASHIARAPALLI SKUS', '643.00', 1, 'Sukanta Roy', '2018-06-13 17:24:43', 0, NULL, NULL, NULL, 'Chandan Das', '2018-06-08 16:00:45pm', 'Chandan Das', '2018-06-13 17:00:34pm'),
(201869, 74, '2018-06-08', '', 'Others', 'Tours & Travels - Execution', '2018-06-06', '2018-06-06', 'barara skus machine delivery', '725.00', 1, 'Sujit Paul', '2018-06-08 16:42:34', 0, NULL, NULL, NULL, 'Upendar Singh', '2018-06-08 16:32:14pm', '', ''),
(201870, 36, '2018-06-08', '', 'Others', 'Postage & Telegraphs', '2018-06-08', '2018-06-08', 'TUFANGANJ \r\nMINI ATM', '150.00', 1, 'Sujit Paul', '2018-06-15 15:55:55', 0, NULL, NULL, NULL, 'Sanjoy Sardar', '2018-06-08 18:01:27pm', '', ''),
(201871, 36, '2018-06-11', '', 'Others', 'Office Maintenance', '2018-06-11', '2018-06-11', 'sugar 4kg\r\nmilk 2kg', '900.00', 1, 'Sujit Paul', '2018-06-15 15:57:04', 0, NULL, NULL, NULL, 'Sanjoy Sardar', '2018-06-11 10:43:17am', '', ''),
(201872, 36, '2018-06-11', '', 'Others', 'Postage & Telegraphs', '2018-06-11', '2018-06-11', 'DTDC \r\nSRI VINAYAK SERVICE', '550.00', 1, 'Sujit Paul', '2018-06-15 15:56:32', 0, NULL, NULL, NULL, 'Sanjoy Sardar', '2018-06-11 11:15:18am', '', ''),
(201873, 49, '2018-06-12', '', 'Others For Marketing', 'Tours & Travels - Marketing', '2018-05-29', '2018-06-12', 'North 24 parganas bongaon , hasnabad, titumir skus. Malda tour etc', '2310.00', 1, 'Subhodip Banerjee', '2018-06-12 15:26:40', 0, NULL, NULL, NULL, 'Arfibillah Mondal', '2018-06-12 14:38:23pm', 'Arfibillah Mondal', '2018-06-12 15:20:58pm'),
(201874, 49, '2018-06-12', '', 'Others For Marketing', 'Tours & Travels - Marketing', '2018-05-23', '2018-05-23', 'ticket for rakesh', '1490.00', 1, 'Subhodip Banerjee', '2018-06-12 15:16:37', 0, NULL, NULL, NULL, 'Arfibillah Mondal', '2018-06-12 15:11:12pm', '', ''),
(201875, 104, '2018-06-12', '', 'Others', 'Tours & Travels - Execution', '2018-05-29', '2018-05-29', 'JARURA SKUS (TRAINING)', '80.00', 0, '', '0000-00-00 00:00:00', 0, NULL, NULL, NULL, 'Bitan Koley', '2018-06-12 15:43:45pm', '', ''),
(201876, 104, '2018-06-12', '', 'Others', 'Tours & Travels - Execution', '2018-05-30', '2018-06-11', 'GOPE GANTER (DATA ENTRY)', '1032.00', 0, '', '0000-00-00 00:00:00', 0, NULL, NULL, NULL, 'Bitan Koley', '2018-06-12 15:52:43pm', '', ''),
(201877, 113, '2018-06-12', '', 'Others', 'Data Entry A/C', '2018-05-31', '2018-06-10', 'Hensahatu SKUS Ltd. (Backlog Data Entry)', '1360.00', 0, '', '0000-00-00 00:00:00', 0, NULL, NULL, NULL, 'Sandip Mahato', '2018-06-12 16:08:23pm', 'Sandip Kr Mahato', '2018-06-12 16:24:00pm'),
(201878, 36, '2018-06-12', '', 'Others', 'Lunch Subsidy', '2018-06-12', '2018-06-12', 'ARCOM', '561.00', 1, 'Sujit Paul', '2018-06-15 15:57:25', 0, NULL, NULL, NULL, 'Sanjoy Sardar', '2018-06-12 17:46:26pm', 'Sanjoy Sardar', '2018-06-12 17:48:31pm'),
(201879, 78, '2018-06-13', 'PACS', 'KASIARAPALLI SKUS', 'Tours & Travels - Execution', '2018-06-11', '2018-06-11', 'CBS Migration at Kasiarapally SKUS, Kamalpur Branch', '216.00', 1, 'Sukanta Roy', '2018-06-13 16:59:42', 0, NULL, NULL, NULL, 'Chandan Das', '2018-06-13 14:31:24pm', '', ''),
(201880, 51, '2018-06-13', '', 'Others', 'Tours & Travels - Execution', '2018-06-07', '2018-06-13', 'went to babaltali skus for cbs migration', '6856.00', 1, 'Sukanta Roy', '2018-06-13 16:36:04', 0, NULL, NULL, NULL, 'Kalyan Dutta', '2018-06-13 15:08:04pm', '', ''),
(201881, 19, '2018-06-13', '', 'Others For Marketing', 'Tours & Travels - Marketing', '2018-06-12', '2018-06-12', 'KONA CHAMRAIL CCS SUKANTA DA,ME', '976.00', 1, 'Aritra  Basu Roy Chowdhury', '2018-06-13 17:25:30', 0, NULL, NULL, NULL, 'Amit Kumar Singh', '2018-06-13 15:50:41pm', '', ''),
(201882, 53, '2018-06-13', '', 'Others', 'Tours & Travels - Execution', '2018-06-13', '2018-06-13', 'BUS TICKET MALDA TO KOLKATA FOR ARUNANGSHU PAL', '294.00', 0, '', '0000-00-00 00:00:00', 0, NULL, NULL, NULL, 'Joydeep Ghosh', '2018-06-13 16:28:40pm', '', ''),
(201883, 1, '2018-06-13', '', 'Others For Marketing', 'Customer Entertainment', '2018-06-01', '2018-06-11', 'Dinner with Vendor & Clients', '10200.00', 1, 'Debasish Adhikary', '2018-06-14 14:35:31', 0, NULL, NULL, NULL, 'Aritra  Basu Roy Chowdhury', '2018-06-13 17:22:26pm', 'Aritra  Basu Roy Chowdhury', '2018-06-13 17:24:32pm'),
(201884, 51, '2018-06-13', 'PACS', 'SABUJ GURERBAJAR SKUS', 'Tours & Travels - Execution', '2018-06-05', '2018-06-05', 'Went to sabuj skus.', '279.00', 1, 'Sukanta Roy', '2018-06-13 17:29:57', 0, NULL, NULL, NULL, 'Kalyan Dutta', '2018-06-13 17:26:09pm', '', ''),
(201885, 12, '2018-06-13', '', 'Others For Marketing', 'Tours & Travels - Marketing', '2018-06-11', '2018-06-13', 'Contai PACS DEMO AND KONA CHAMRAIL CCS DEMO', '805.00', 1, 'Aritra  Basu Roy Chowdhury', '2018-06-13 17:43:36', 0, NULL, NULL, NULL, 'Sukanta Roy', '2018-06-13 17:35:39pm', '', ''),
(201886, 53, '2018-06-14', '', 'Others', 'Tours & Travels - Execution', '2018-06-14', '2018-06-14', 'Ticket of Malda to kolkata for Arfi Billa Mandal ', '294.00', 0, '', '0000-00-00 00:00:00', 0, NULL, NULL, NULL, 'Joydeep Ghosh', '2018-06-14 11:30:40am', '', ''),
(201887, 38, '2018-06-14', 'ARDB', 'SCB MEMARY BR (TRADING)', 'Tours & Travels - Execution', '2018-06-13', '2018-06-13', '                     ', '100.00', 0, '', '0000-00-00 00:00:00', 0, NULL, NULL, NULL, 'Raja Saha', '2018-06-14 11:32:17am', '', ''),
(201888, 3, '2018-06-14', '', 'Others For Marketing', 'Tours & Travels - Marketing', '2018-06-11', '2018-06-11', 'VCCB Contai br. PACS Demo', '7795.00', 1, 'Aritra  Basu Roy Chowdhury', '2018-06-14 13:59:12', 0, NULL, NULL, NULL, 'Debasish Adhikary', '2018-06-14 13:01:02pm', '', ''),
(201889, 3, '2018-06-14', '', 'Others For Marketing', 'Tours & Travels - Marketing', '2018-06-14', '2018-06-14', 'Aritra\'s car', '500.00', 1, 'Aritra  Basu Roy Chowdhury', '2018-06-14 13:57:43', 0, NULL, NULL, NULL, 'Debasish Adhikary', '2018-06-14 13:05:46pm', '', ''),
(201890, 3, '2018-06-14', '', 'Others For Marketing', 'Tours & Travels - Marketing', '2018-06-12', '2018-06-14', 'Malda tour', '4344.00', 1, 'Aritra  Basu Roy Chowdhury', '2018-06-14 13:56:46', 0, NULL, NULL, NULL, 'Debasish Adhikary', '2018-06-14 13:25:53pm', '', ''),
(201891, 3, '2018-06-14', '', 'Others For Marketing', 'Customer Entertainment', '2018-06-14', '2018-06-14', 'Gift for Customer', '5610.00', 1, 'Aritra  Basu Roy Chowdhury', '2018-06-14 13:55:13', 0, NULL, NULL, NULL, 'Debasish Adhikary', '2018-06-14 13:39:50pm', '', ''),
(201892, 3, '2018-06-14', '', 'Others For Marketing', 'Advertisment', '2018-06-14', '2018-06-14', 'Facebook ad', '2137.00', 1, 'Aritra  Basu Roy Chowdhury', '2018-06-14 14:26:37', 0, NULL, NULL, NULL, 'Debasish Adhikary', '2018-06-14 14:06:29pm', '', ''),
(201893, 36, '2018-06-14', '', 'Others', 'Office Maintenance', '2018-06-14', '2018-06-14', 'NEW DOOR LOCK/LABOR CHARHE', '950.00', 1, 'Sujit Paul', '2018-06-15 15:57:53', 0, NULL, NULL, NULL, 'Sanjoy Sardar', '2018-06-14 15:37:02pm', '', ''),
(201894, 36, '2018-06-14', '', 'Others', 'Lunch Subsidy', '2018-06-14', '2018-06-14', 'Mio amore', '46.00', 1, 'Sujit Paul', '2018-06-15 15:58:41', 0, NULL, NULL, NULL, 'Sanjoy Sardar', '2018-06-14 16:25:56pm', '', ''),
(201895, 19, '2018-06-14', '', 'Others For Marketing', 'Fuel Charges', '2018-06-14', '2018-06-14', 'ASANSOL', '1403.00', 1, 'Aritra  Basu Roy Chowdhury', '2018-06-26 17:27:32', 0, NULL, NULL, NULL, 'Amit Kumar Singh', '2018-06-14 18:37:45pm', '', ''),
(201896, 72, '2018-06-15', 'PACS', 'DAKSHINBARASAT', 'Tours & Travels - Execution', '2018-06-14', '2018-06-14', 'Software installation and audit support', '255.00', 0, '', '0000-00-00 00:00:00', 0, NULL, NULL, NULL, 'Sourav Ghorai', '2018-06-15 10:54:22am', '', ''),
(201897, 72, '2018-06-15', '', 'Others', 'Tours & Travels - Execution', '2018-06-08', '2018-06-08', 'Audit Support At Pallishree SKUS', '540.00', 0, '', '0000-00-00 00:00:00', 0, NULL, NULL, NULL, 'Sourav Ghorai', '2018-06-15 11:07:57am', '', ''),
(201898, 55, '2018-06-15', '', 'Others', 'Lunch Subsidy', '2018-06-09', '2018-06-09', 'fish meal', '50.00', 1, 'Sujit Paul', '2018-07-06 13:10:39', 0, NULL, NULL, NULL, 'Nabin Halder', '2018-06-15 15:03:56pm', '', ''),
(201899, 101, '2018-06-15', 'PACS', 'AIHO', 'Tours & Travels - Execution', '2018-06-06', '2018-06-08', 'going to malda & 31/03/2018 Finance Ready ', '560.00', 0, '', '0000-00-00 00:00:00', 0, NULL, NULL, NULL, 'Arunangshu Pal', '2018-06-15 16:04:46pm', 'Arunangshu Pal', '2018-06-15 16:27:05pm'),
(2018100, 101, '2018-06-15', 'PACS', 'ADADANGA SKUS', 'Tours & Travels - Execution', '2018-06-09', '2018-06-09', 'SOFTWARE RE-INSTALL & BACKLOG TRAINING', '519.00', 0, '', '0000-00-00 00:00:00', 0, NULL, NULL, NULL, 'Arunangshu Pal', '2018-06-15 16:10:17pm', 'Arunangshu Pal', '2018-06-15 16:11:13pm'),
(2018101, 101, '2018-06-15', '', 'Others', 'Tours & Travels - Execution', '2018-06-11', '2018-06-11', 'BACKLOG TRAINING IN NIMDAHA SKUS', '304.00', 0, '', '0000-00-00 00:00:00', 0, NULL, NULL, NULL, 'Arunangshu Pal', '2018-06-15 16:14:32pm', '', ''),
(2018102, 101, '2018-06-15', 'CCS', 'ALO MAHILA CO', 'Tours & Travels - Execution', '2018-06-12', '2018-06-12', 'TRAINING IN ALO CCS', '325.00', 0, '', '0000-00-00 00:00:00', 0, NULL, NULL, NULL, 'Arunangshu Pal', '2018-06-15 16:17:22pm', '', ''),
(2018103, 101, '2018-06-15', 'PACS', 'CHARIANANTAPUR SKUS', 'Tours & Travels - Execution', '2018-06-13', '2018-06-13', 'VISIT FOR PROBLEM IN DETAIL LIST AND ETC.', '290.00', 0, '', '0000-00-00 00:00:00', 0, NULL, NULL, NULL, 'Arunangshu Pal', '2018-06-15 16:24:26pm', 'Arunangshu Pal', '2018-06-15 16:54:11pm'),
(2018104, 101, '2018-06-15', '', 'Others', 'Tours & Travels - Execution', '2018-06-14', '2018-06-15', 'Visit & Return to Kolkata', '334.00', 0, '', '0000-00-00 00:00:00', 0, NULL, NULL, NULL, 'Arunangshu Pal', '2018-06-15 16:39:43pm', '', ''),
(2018105, 30, '2018-06-15', '', 'Others For Marketing', 'Tours & Travels - Marketing', '2018-06-14', '2018-06-14', 'tour to debipur skus with arghya', '260.00', 1, 'Debasish Adhikary', '2018-06-26 16:58:00', 0, NULL, NULL, NULL, 'Subhodip Banerjee', '2018-06-15 18:16:32pm', '', ''),
(2018106, 55, '2018-06-18', '', 'Others', 'Office Maintenance', '2018-06-15', '2018-06-15', 'birthday for arunansha', '740.00', 1, 'Sujit Paul', '2018-07-06 13:11:33', 0, NULL, NULL, NULL, 'Nabin Halder', '2018-06-18 11:39:15am', '', ''),
(2018107, 55, '2018-06-18', '', 'Others', 'Office Maintenance', '2018-06-18', '2018-06-18', 'biscuit 12 packets', '420.00', 1, 'Sujit Paul', '2018-07-06 13:11:09', 0, NULL, NULL, NULL, 'Nabin Halder', '2018-06-18 11:43:05am', '', ''),
(2018108, 3, '2018-06-18', '', 'Others For Marketing', 'Tours & Travels - Marketing', '2018-06-26', '2018-06-26', 'Udaynarayanpur - 15/06/18', '1620.00', 1, 'Aritra  Basu Roy Chowdhury', '2018-06-26 17:25:12', 0, NULL, NULL, NULL, 'Debasish Adhikary', '2018-06-18 12:15:57pm', 'Debasish Adhikary', '2018-06-26 16:15:24pm'),
(2018109, 66, '2018-06-18', 'PACS', 'DEBIPUR UCACS', 'Tours & Travels - Marketing', '2018-06-14', '2018-06-14', 'FOR CBS MEETING', '179.00', 1, 'Subhodip Banerjee', '2018-06-18 18:46:35', 0, NULL, NULL, NULL, 'Arghya Mondal', '2018-06-18 17:47:06pm', 'Arghya Mondal', '2018-06-18 17:56:27pm'),
(2018110, 66, '2018-06-18', 'PACS', 'AMADPUR UCACS', 'Tours & Travels - Marketing', '2018-05-25', '2018-05-25', 'AMADPUR , KASIARA PALLI', '205.00', 1, 'Subhodip Banerjee', '2018-06-18 18:44:50', 0, NULL, NULL, NULL, 'Arghya Mondal', '2018-06-18 17:54:51pm', '', ''),
(2018111, 87, '2018-06-18', '', 'Others', 'Tours & Travels - Execution', '2018-06-05', '2018-06-06', '2 DAYS TRAINING AT SATHI SKUS ', '448.00', 0, '', '0000-00-00 00:00:00', 0, NULL, NULL, NULL, 'Chandan Chakraborty', '2018-06-18 19:34:53pm', 'Chandan Chakraborty', '2018-06-18 19:50:13pm'),
(2018112, 87, '2018-06-18', 'PACS', 'DEBIPUR UCACS', 'Tours & Travels - Execution', '2018-06-07', '2018-06-08', '2 DAYS TRAINING FOR LOAN  AT DEBIPUR UCACS', '530.00', 0, '', '0000-00-00 00:00:00', 0, NULL, NULL, NULL, 'Chandan Chakraborty', '2018-06-18 19:49:32pm', 'Chandan Chakraborty', '2018-06-18 19:51:51pm'),
(2018113, 87, '2018-06-18', '', 'Others', 'Tours & Travels - Execution', '2018-06-12', '2018-06-16', '5 DAYS ONLINE AND TRAING AT HENSAHATU SKUS', '2795.00', 0, '', '0000-00-00 00:00:00', 0, NULL, NULL, NULL, 'Chandan Chakraborty', '2018-06-18 20:15:19pm', 'Chandan Chakraborty', '2018-06-18 20:18:21pm'),
(2018114, 36, '2018-06-18', '', 'Others', 'Lunch Subsidy', '2018-06-18', '2018-06-18', 'sweet &snacks', '297.00', 1, 'Sujit Paul', '2018-07-06 13:35:15', 0, NULL, NULL, NULL, 'Sanjoy Sardar', '2018-06-18 20:51:58pm', 'Sanjoy Sardar', '2018-06-20 13:41:12pm'),
(2018115, 84, '2018-06-19', '', 'Others', 'Tours & Travels - Execution', '2018-06-09', '2018-06-09', 'BAGNAN  MOHILA', '242.00', 1, 'Amit Kr Singh', '2018-06-19 13:15:16', 0, NULL, NULL, NULL, 'Sanjoy Prasad', '2018-06-19 12:34:53pm', '', ''),
(2018116, 84, '2018-06-19', '', 'Others', 'Tours & Travels - Execution', '2018-06-12', '2018-06-12', 'ASANSOL MINI  BUS  ASSOCIATION', '414.00', 1, 'Amit Kr Singh', '2018-06-19 13:14:06', 0, NULL, NULL, NULL, 'Sanjoy Prasad', '2018-06-19 12:42:22pm', '', ''),
(2018117, 19, '2018-06-19', '', 'Others For Marketing', 'Tours & Travels - Marketing', '2018-06-15', '2018-06-15', 'ASANSOL MINI BUS Association', '3603.00', 1, 'Aritra  Basu Roy Chowdhury', '2018-06-26 17:28:46', 0, NULL, NULL, NULL, 'Amit Kumar Singh', '2018-06-19 13:11:14pm', '', ''),
(2018118, 115, '2018-06-19', '', 'Others', 'Local Conveyance', '2018-05-28', '2018-06-15', 'TARA MAA TRADERS, SOUTH CITY, DAKSHIN KALIBARI', '90.00', 1, 'Amit Kr Singh', '2018-07-06 12:55:23', 0, NULL, NULL, NULL, 'Bappa Mondal', '2018-06-19 13:19:12pm', 'BAPPA MONDAL', '2018-06-22 16:13:58pm'),
(2018119, 115, '2018-06-19', '', 'Others', 'Tours & Travels - Execution', '2018-05-17', '2018-05-17', 'KANHA BEAUTY HOUSE (ASANSOL)', '482.00', 1, 'Amit Kr Singh', '2018-07-06 12:56:22', 0, NULL, NULL, NULL, 'Bappa Mondal', '2018-06-19 13:27:30pm', 'BAPPA MONDAL', '2018-06-22 16:11:09pm'),
(2018120, 77, '2018-06-19', '', 'Others For Marketing', 'Tours & Travels - Marketing', '2018-06-14', '2018-06-14', 'tour to Garhbeta', '288.00', 0, '', '0000-00-00 00:00:00', 0, NULL, NULL, NULL, 'Suvendu Rakshit', '2018-06-19 14:01:22pm', '', ''),
(2018121, 115, '2018-06-19', '', 'Others', 'Tours & Travels - Execution', '2018-05-25', '2018-05-25', 'DAKSHIN SERPUR SKUS LTD (AMTA)', '166.00', 1, 'Amit Kr Singh', '2018-07-06 12:54:29', 0, NULL, NULL, NULL, 'Bappa Mondal', '2018-06-19 14:03:06pm', 'BAPPA MONDAL', '2018-06-22 16:48:54pm'),
(2018122, 115, '2018-06-19', '', 'Others', 'Local Conveyance', '2018-04-17', '2018-05-19', 'DIMPLE BAR CUM RESTAURANT, BANGALI DHABA, PAPPERAZO,#FOOD, EAT SMART', '190.00', 1, 'Amit Kr Singh', '2018-07-06 12:53:27', 0, NULL, NULL, NULL, 'Bappa Mondal', '2018-06-19 14:16:41pm', 'BAPPA MONDAL', '2018-06-22 17:45:36pm'),
(2018123, 73, '2018-06-19', '', 'Others', 'Tours & Travels - Execution', '2018-06-14', '2018-06-14', 'Support regard finance at Madral Narayanpur CCS', '72.00', 0, '', '0000-00-00 00:00:00', 0, NULL, NULL, NULL, 'Sushil Prajapati', '2018-06-19 15:33:02pm', '', ''),
(2018124, 55, '2018-06-20', '', 'Others', 'Lunch Subsidy', '2018-06-19', '2018-06-19', 'ABRC+D.A SNACKS FOR MIO AMORE', '141.00', 1, 'Sujit Paul', '2018-07-06 13:10:10', 0, NULL, NULL, NULL, 'Nabin Halder', '2018-06-20 11:54:46am', '', ''),
(2018125, 55, '2018-06-20', '', 'Others', 'Lunch Subsidy', '2018-06-20', '2018-06-20', 'CLIEND FOR KONA EXPRESS', '134.00', 1, 'Sujit Paul', '2018-07-06 13:12:56', 0, NULL, NULL, NULL, 'Nabin Halder', '2018-06-20 11:57:41am', '', ''),
(2018126, 36, '2018-06-20', '', 'Others', 'Office Maintenance', '2018-06-20', '2018-06-20', 'sugar=4kg\r\nmilk=2kg', '930.00', 1, 'Sujit Paul', '2018-07-06 13:35:44', 0, NULL, NULL, NULL, 'Sanjoy Sardar', '2018-06-20 12:39:54pm', 'Sanjoy Sardar', '2018-06-20 12:44:10pm'),
(2018127, 55, '2018-06-20', '', 'Others', 'Office Maintenance', '2018-06-20', '2018-06-20', 'birthday for moumita', '782.00', 1, 'Sujit Paul', '2018-07-06 13:14:05', 0, NULL, NULL, NULL, 'Nabin Halder', '2018-06-20 16:32:15pm', '', ''),
(2018128, 55, '2018-06-21', '', 'Others', 'Office Maintenance', '2018-06-21', '2018-06-21', '2kg ctc tea+500 gm fop ', '1100.00', 1, 'Sujit Paul', '2018-07-06 13:15:02', 0, NULL, NULL, NULL, 'Nabin Halder', '2018-06-21 10:42:59am', '', ''),
(2018129, 53, '2018-06-21', '', 'Others', 'Tours & Travels - Execution', '2018-06-21', '2018-06-21', 'Bus Ticket Siliguri to kolkata for subhajit Sani', '1278.00', 0, '', '0000-00-00 00:00:00', 0, NULL, NULL, NULL, 'Joydeep Ghosh', '2018-06-21 11:53:52am', '', ''),
(2018130, 66, '2018-06-21', '', 'Others For Marketing', 'Tours & Travels - Marketing', '2018-06-20', '2018-06-20', 'parascol eccs', '1015.00', 0, '', '0000-00-00 00:00:00', 0, NULL, NULL, NULL, 'Arghya Mondal', '2018-06-21 16:46:52pm', '', ''),
(2018131, 90, '2018-06-22', '', 'Others', 'Tours & Travels - Execution', '2018-06-12', '2018-06-12', 'FD REONLINE AND TRANSACTIONAL TRAINING FOR LIC RAILWAYS ECCS, HINDUSTHAN BUILDING, CHADNI', '20.00', 0, '', '0000-00-00 00:00:00', 0, NULL, NULL, NULL, 'SUPARSHA DAS', '2018-06-22 08:59:44am', '', ''),
(2018132, 74, '2018-06-22', 'PACS', 'DANTANPUYAN SKUS', 'Tours & Travels - Execution', '2018-06-15', '2018-06-15', 'dantanpuyan skus ltd', '720.00', 1, 'Sujit Paul', '2018-07-06 13:26:58', 0, NULL, NULL, NULL, 'Upendar Singh', '2018-06-22 15:30:49pm', 'Upendar Singh', '2018-06-22 15:33:18pm'),
(2018135, 36, '2018-06-22', '', 'Others', 'Printing & Stationary', '2018-06-20', '2018-06-20', 'Browntape+ pin', '117.00', 1, 'Sujit Paul', '2018-07-06 13:36:17', 0, NULL, NULL, NULL, 'Sanjoy Sardar', '2018-06-22 15:46:01pm', '', ''),
(2018134, 84, '2018-06-22', '', 'Others', 'Local Conveyance', '2018-06-18', '2018-06-21', 'BALAJI SYSTEM INTEGRATION. EMPORIA , HOPEX DAMO BBP,JALAN', '162.00', 1, 'Amit Kr Singh', '2018-07-06 12:52:32', 0, NULL, NULL, NULL, 'Sanjoy Prasad', '2018-06-22 15:41:01pm', '', ''),
(2018136, 74, '2018-06-22', 'PACS', 'sabuj gurerbajar skus', 'Tours & Travels - Execution', '2018-06-22', '2018-06-22', 'sabuj skus ltd', '156.00', 1, 'Sujit Paul', '2018-07-06 13:16:34', 0, NULL, NULL, NULL, 'Upendar Singh', '2018-06-22 15:48:00pm', '', ''),
(2018137, 74, '2018-06-22', 'PACS', 'BALLUK SKUS', 'Tours & Travels - Execution', '2018-06-13', '2018-06-13', 'balluk skus pacs', '177.00', 1, 'Sujit Paul', '2018-07-06 13:21:12', 0, NULL, NULL, NULL, 'Upendar Singh', '2018-06-22 15:54:37pm', '', ''),
(2018138, 73, '2018-06-22', '', 'Others', 'Tours & Travels - Execution', '2018-06-20', '2018-06-20', 'SUPPORT AT HIGHCOURT', '81.00', 0, '', '0000-00-00 00:00:00', 0, NULL, NULL, NULL, 'Sushil Prajapati', '2018-06-22 16:47:37pm', 'Sushil Kumar Prajapati', '2018-06-28 17:10:32pm'),
(2018139, 73, '2018-06-22', 'CCS', 'KANAIPUR', 'Tours & Travels - Execution', '2018-06-21', '2018-06-21', 'SUPPORT ABOUT AUDIT', '74.00', 0, '', '0000-00-00 00:00:00', 0, NULL, NULL, NULL, 'Sushil Prajapati', '2018-06-22 16:59:33pm', '', ''),
(2018140, 73, '2018-06-22', '', 'Others', 'Tours & Travels - Execution', '2018-06-22', '2018-06-22', 'SUPPROT AT WBSTC', '32.00', 0, '', '0000-00-00 00:00:00', 0, NULL, NULL, NULL, 'Sushil Prajapati', '2018-06-22 17:01:34pm', '', ''),
(2018141, 74, '2018-06-22', '', 'Others', 'Office Maintenance', '2018-06-21', '2018-06-22', 'carrybag 5p. 5p.1p. jayline 5l. tep 12 p. solder 5p. miter 5p. pest 5p.', '2415.00', 1, 'Sujit Paul', '2018-07-06 14:48:50', 0, NULL, NULL, NULL, 'Upendar Singh', '2018-06-22 17:55:16pm', 'Upendar Singh', '2018-06-22 17:59:37pm'),
(2018142, 114, '2018-06-24', '', 'Others For Marketing', 'Tours & Travels - Marketing', '2018-02-12', '2018-02-12', 'BALAJI BILLING PRINTER MACHINE', '290.00', 0, '', '0000-00-00 00:00:00', 0, NULL, NULL, NULL, 'Saurav Dutta', '2018-06-24 12:17:24pm', 'Saurav Dutta', '2018-06-24 12:42:01pm'),
(2018143, 114, '2018-06-24', '', 'Others For Marketing', 'Tours & Travels - Marketing', '2018-03-03', '2018-03-19', 'BALAJI BILLING PRINTER MACHINE', '865.00', 0, '', '0000-00-00 00:00:00', 0, NULL, NULL, NULL, 'Saurav Dutta', '2018-06-24 12:24:20pm', 'Saurav Dutta', '2018-06-24 12:31:20pm'),
(2018144, 114, '2018-06-24', '', 'Others For Marketing', 'Tours & Travels - Marketing', '2018-04-02', '2018-06-09', 'BALAJI BILLING PRINTER MACHINE', '1195.00', 0, '', '0000-00-00 00:00:00', 0, NULL, NULL, NULL, 'Saurav Dutta', '2018-06-24 12:29:57pm', 'Saurav Dutta', '2018-06-24 12:31:34pm'),
(2018145, 114, '2018-06-24', '', 'Others For Marketing', 'Tours & Travels - Marketing', '2018-05-02', '2018-05-29', 'BALAJI BILLING PRINTER MACHINE', '2220.00', 0, '', '0000-00-00 00:00:00', 0, NULL, NULL, NULL, 'Saurav Dutta', '2018-06-24 12:39:45pm', '', ''),
(2018146, 90, '2018-06-25', '', 'Others', 'Tours & Travels - Execution', '2018-06-22', '2018-06-22', 'S/W demo given to KARIGARI BHABAN, RAJARHAT ECCS', '120.00', 0, '', '0000-00-00 00:00:00', 0, NULL, NULL, NULL, 'SUPARSHA DAS', '2018-06-25 12:09:34pm', '', ''),
(2018147, 74, '2018-06-25', '', 'Others', 'Tours & Travels - Execution', '2018-06-23', '2018-06-25', 'udaynarayanpur l.s. paks', '295.00', 1, 'Sujit Paul', '2018-07-06 13:28:35', 0, NULL, NULL, NULL, 'Upendar Singh', '2018-06-25 12:50:25pm', 'Upendar Singh', '2018-06-25 12:53:40pm'),
(2018148, 55, '2018-06-25', '', 'Others', 'Office Maintenance', '2018-06-25', '2018-06-25', '12 packets biscuit', '420.00', 1, 'Sujit Paul', '2018-07-06 13:29:32', 0, NULL, NULL, NULL, 'Nabin Halder', '2018-06-25 13:43:32pm', '', ''),
(2018149, 55, '2018-06-25', '', 'Others', 'Office Maintenance', '2018-06-25', '2018-06-25', 'hand wash 3pcs+1pcs pril liqued', '155.00', 1, 'Sujit Paul', '2018-07-06 13:27:43', 0, NULL, NULL, NULL, 'Nabin Halder', '2018-06-25 13:44:41pm', 'Nabin Halder', '2018-06-25 13:52:14pm'),
(2018150, 36, '2018-06-25', '', 'Others', 'Lunch Subsidy', '2018-06-25', '2018-06-25', 'dipak da+d.a\r\nmio amore', '93.00', 1, 'Sujit Paul', '2018-07-06 13:31:02', 0, NULL, NULL, NULL, 'Sanjoy Sardar', '2018-06-25 14:35:20pm', '', ''),
(2018151, 36, '2018-06-25', '', 'Others', 'Printing & Stationary', '2018-06-25', '2018-06-25', 'PAPER 1PKT', '200.00', 1, 'Sujit Paul', '2018-07-06 13:09:01', 0, NULL, NULL, NULL, 'Sanjoy Sardar', '2018-06-25 14:58:56pm', '', ''),
(2018152, 19, '2018-06-25', '', 'Others For Marketing', 'Tours & Travels - Marketing', '2018-06-22', '2018-06-22', 'KONA CHAMRAIL CCS FOR DEMO', '770.00', 1, 'Aritra  Basu Roy Chowdhury', '2018-06-26 17:30:14', 0, NULL, NULL, NULL, 'Amit Kumar Singh', '2018-06-25 16:24:00pm', 'Amit Kr Singh', '2018-06-25 16:29:20pm'),
(2018153, 12, '2018-06-25', '', 'Others', 'Tours & Travels - Execution', '2018-06-22', '2018-06-22', 'Demo at Kona Chimrail CCS', '860.00', 1, 'Aritra  Basu Roy Chowdhury', '2018-06-26 17:26:44', 0, NULL, NULL, NULL, 'Sukanta Roy', '2018-06-25 16:44:57pm', '', ''),
(2018154, 55, '2018-06-25', '', 'Others', 'Office Maintenance', '2018-06-25', '2018-06-25', 'BIRTHDAY FOR SANJAY PRASAD', '782.00', 1, 'Sujit Paul', '2018-07-06 13:29:06', 0, NULL, NULL, NULL, 'Nabin Halder', '2018-06-25 17:34:29pm', '', ''),
(2018155, 82, '2018-06-26', '', 'Others', 'Tours & Travels - Execution', '2018-06-09', '2018-06-23', 'MIGRATION FROM TCS SOFTWARE AT TAKDAH (DARJEELING)', '3232.00', 0, '', '0000-00-00 00:00:00', 0, NULL, NULL, NULL, 'Subhajit Sani', '2018-06-26 10:24:50am', '', ''),
(2018156, 90, '2018-06-26', '', 'Others', 'Tours & Travels - Execution', '2018-06-25', '2018-06-25', 'SUPPORT AND BALANCE SHEET RECTIFICATION OF HOWRAH IMPROVEMENT TRUST ECCS', '38.00', 0, '', '0000-00-00 00:00:00', 0, NULL, NULL, NULL, 'SUPARSHA DAS', '2018-06-26 11:58:18am', '', ''),
(2018157, 3, '2018-06-26', '', 'Others For Marketing', 'Tours & Travels - Marketing', '2018-06-19', '2018-06-23', 'Coochbehar and Alipurduar ARDB', '16803.00', 1, 'Aritra  Basu Roy Chowdhury', '2018-06-26 17:23:46', 0, NULL, NULL, NULL, 'Debasish Adhikary', '2018-06-26 16:45:27pm', 'Debasish Adhikary', '2018-06-26 16:54:27pm'),
(2018158, 1, '2018-06-26', '', 'Others For Marketing', 'Tours & Travels - Marketing', '2018-06-24', '2018-06-24', 'Fuel for travelling to Asansol & other places', '2485.00', 1, 'Debasish Adhikary', '2018-06-26 18:25:19', 0, NULL, NULL, NULL, 'Aritra  Basu Roy Chowdhury', '2018-06-26 17:12:49pm', '', ''),
(2018159, 1, '2018-06-26', '', 'Others', 'Customer Entertainment', '2018-06-23', '2018-06-23', 'Dinner with Client', '1100.00', 1, 'Debasish Adhikary', '2018-06-26 18:24:34', 0, NULL, NULL, NULL, 'Aritra  Basu Roy Chowdhury', '2018-06-26 17:19:35pm', '', ''),
(2018160, 36, '2018-06-26', '', 'Others', 'Lunch Subsidy', '2018-06-26', '2018-06-26', 'CHOWMIN EGG CHICKEN', '50.00', 1, 'Sujit Paul', '2018-07-06 13:29:58', 0, NULL, NULL, NULL, 'Sanjoy Sardar', '2018-06-26 17:59:39pm', '', ''),
(2018161, 36, '2018-06-26', '', 'Others', 'Lunch Subsidy', '2018-06-26', '2018-06-26', 'CHOWMIN', '50.00', 1, 'Sujit Paul', '2018-07-06 13:31:23', 0, NULL, NULL, NULL, 'Sanjoy Sardar', '2018-06-26 18:03:46pm', '', ''),
(2018162, 36, '2018-06-26', '', 'Others', 'Lunch Subsidy', '2018-06-26', '2018-06-26', 'RAILWAY ECCS\r\n4PERSON', '336.00', 1, 'Sujit Paul', '2018-07-06 13:30:21', 0, NULL, NULL, NULL, 'Sanjoy Sardar', '2018-06-26 18:19:31pm', '', ''),
(2018163, 55, '2018-06-26', '', 'Others', 'Lunch Subsidy', '2018-06-26', '2018-06-26', 'fish meal+veg meal+cuard (2 person puruliya cliend)', '124.00', 1, 'Sujit Paul', '2018-07-06 13:39:42', 0, NULL, NULL, NULL, 'Nabin Halder', '2018-06-26 19:07:24pm', 'Nabin Halder', '2018-07-02 12:16:57pm'),
(2018164, 72, '2018-06-27', '', 'Others', 'Tours & Travels - Execution', '2018-06-18', '2018-06-20', 'Audit Support At Pallishree SKUS And Hanschara SKUS', '1053.00', 0, '', '0000-00-00 00:00:00', 0, NULL, NULL, NULL, 'Sourav Ghorai', '2018-06-27 10:43:25am', '', ''),
(2018165, 3, '2018-06-27', '', 'Others For Marketing', 'Local Conveyance', '2018-06-27', '2018-06-27', 'Confed', '237.00', 1, 'Aritra  Basu Roy Chowdhury', '2018-07-02 13:12:20', 0, NULL, NULL, NULL, 'Debasish Adhikary', '2018-06-27 14:28:18pm', '', ''),
(2018166, 74, '2018-06-27', '', 'Others', 'Delivery Charges', '2018-06-27', '2018-06-27', 'bagnan- 1 mahila co-op paper roll 5100', '2733.00', 1, 'Sujit Paul', '2018-07-06 13:32:00', 0, NULL, NULL, NULL, 'Upendar Singh', '2018-06-27 16:30:23pm', 'Upendar Singh', '2018-06-27 18:50:22pm'),
(2018167, 19, '2018-06-27', '', 'Others', 'Local Conveyance', '2018-06-26', '2018-06-27', 'south city, goriahat', '60.00', 1, 'Aritra  Basu Roy Chowdhury', '2018-07-06 14:42:47', 0, NULL, NULL, NULL, 'Amit Kumar Singh', '2018-06-27 17:24:43pm', '', ''),
(2018168, 36, '2018-06-27', '', 'Others', 'Office Maintenance', '2018-06-27', '2018-06-27', 'sugar 4kg\r\nmilk 2kg', '938.00', 1, 'Sujit Paul', '2018-07-06 14:49:06', 0, NULL, NULL, NULL, 'Sanjoy Sardar', '2018-06-27 17:54:10pm', '', ''),
(2018169, 110, '2018-06-28', '', 'Others', 'Web Hosting & Other Related Charges', '2018-06-18', '2018-06-22', 'smruti one branch online and other branch web hosting', '8018.00', 1, 'Sukanta Roy', '2018-07-06 00:00:00', 0, NULL, NULL, NULL, 'Atin Chatterjee', '2018-06-28 10:27:43am', '', ''),
(2018170, 73, '2018-06-28', '', 'Others', 'Tours & Travels - Execution', '2018-06-19', '2018-06-19', 'SUPPORT AT HIGHCOURT', '117.00', 0, '', '0000-00-00 00:00:00', 0, NULL, NULL, NULL, 'Sushil Prajapati', '2018-06-28 17:07:31pm', '', ''),
(2018171, 73, '2018-06-28', '', 'Others', 'Tours & Travels - Execution', '2018-06-20', '2018-06-20', 'SUPPORT AT HIGH COURT', '124.00', 0, '', '0000-00-00 00:00:00', 0, NULL, NULL, NULL, 'Sushil Prajapati', '2018-06-28 17:09:33pm', '', ''),
(2018172, 104, '2018-06-28', '', 'Others', 'Tours & Travels - Execution', '2018-06-14', '2018-06-27', 'GOPE GANTER (DATA ENTRY)', '376.00', 0, '', '0000-00-00 00:00:00', 0, NULL, NULL, NULL, 'Bitan Koley', '2018-06-28 17:23:33pm', '', ''),
(2018173, 104, '2018-06-28', '', 'Others', 'Tours & Travels - Execution', '2018-06-25', '2018-06-25', 'GUIADAHA SKUS PASCHIM MIDNAPUR (DATA ENTRY)', '320.00', 0, '', '0000-00-00 00:00:00', 0, NULL, NULL, NULL, 'Bitan Koley', '2018-06-28 17:30:13pm', '', ''),
(2018174, 113, '2018-06-28', '', 'Others', 'Tours & Travels - Execution', '2018-06-18', '2018-06-27', 'Benepukur CCS Ltd.', '528.00', 0, '', '0000-00-00 00:00:00', 0, NULL, NULL, NULL, 'Sandip Mahato', '2018-06-28 18:20:37pm', 'Sandip Kr Mahato', '2018-06-28 18:21:33pm'),
(2018175, 36, '2018-06-28', '', 'Others', 'Postage & Telegraphs', '2018-06-28', '2018-06-28', 'UTKAL  2PIC DDS ', '480.00', 1, 'Sujit Paul', '2018-07-06 13:36:49', 0, NULL, NULL, NULL, 'Sanjoy Sardar', '2018-06-28 18:42:44pm', '', ''),
(2018176, 101, '2018-06-29', 'PACS', 'BURAPAT SKUS', 'Tours & Travels - Execution', '2018-06-26', '2018-06-27', 'FINANCE RELATED WORK ', '1681.00', 0, '', '0000-00-00 00:00:00', 0, NULL, NULL, NULL, 'Arunangshu Pal', '2018-06-29 10:41:44am', 'Arunangshu Pal', '2018-07-02 10:08:42am'),
(2018177, 101, '2018-06-29', '', 'Others', 'Tours & Travels - Execution', '2018-06-28', '2018-06-28', 'VISIT AT TORIA AND RETURN TO KOLKATA', '349.00', 0, '', '0000-00-00 00:00:00', 0, NULL, NULL, NULL, 'Arunangshu Pal', '2018-06-29 10:52:34am', 'Arunangshu Pal', '2018-06-29 11:07:33am'),
(2018178, 74, '2018-06-29', 'PACS', 'HINGALGANJ SKUS', 'Delivery Charges', '2018-06-28', '2018-06-29', 'hingalganj skus pacs machine paper roll 300', '328.00', 1, 'Sujit Paul', '2018-07-06 13:38:44', 0, NULL, NULL, NULL, 'Upendar Singh', '2018-06-29 12:53:40pm', '', ''),
(2018179, 74, '2018-06-29', '', 'Others', 'Local Conveyance', '2018-05-02', '2018-06-29', 'sevi sbi gpo south city global steel authoritykotek bank indik bank rash behari dakhinapan shop united writsh', '599.00', 1, 'Sujit Paul', '2018-07-06 13:37:11', 0, NULL, NULL, NULL, 'Upendar Singh', '2018-06-29 13:07:38pm', 'Upendar Singh', '2018-06-29 13:08:41pm'),
(2018180, 84, '2018-06-29', '', 'Others', 'Local Conveyance', '2018-06-25', '2018-06-26', 'hopx Entertainment ', '71.00', 1, 'Amit Kr Singh', '2018-07-06 12:51:21', 0, NULL, NULL, NULL, 'Sanjoy Prasad', '2018-06-29 17:27:11pm', '', ''),
(2018181, 87, '2018-06-30', '', 'Others', 'Tours & Travels - Execution', '2018-06-25', '2018-06-25', 'BACKLOG TRAINING AND FOLLOW UP FOR  ONLINE IN PUSTI SKUS', '790.00', 0, '', '0000-00-00 00:00:00', 0, NULL, NULL, NULL, 'Chandan Chakraborty', '2018-06-30 14:42:42pm', 'Chandan Chakraborty', '2018-06-30 14:44:48pm'),
(2018182, 87, '2018-06-30', '', 'Others', 'Tours & Travels - Execution', '2018-06-26', '2018-06-27', '2 DAYS TRAINING AFTER ONLINE IN HENSAHATU', '1080.00', 0, '', '0000-00-00 00:00:00', 0, NULL, NULL, NULL, 'Chandan Chakraborty', '2018-06-30 14:49:32pm', 'Chandan Chakraborty', '2018-06-30 14:49:57pm'),
(2018183, 87, '2018-06-30', '', 'Others', 'Tours & Travels - Execution', '2018-06-28', '2018-06-28', 'BACKLOG TRAINING AND FOLLOW UP FOR ONLINE IN KOTSHILA LAMPS', '570.00', 0, '', '0000-00-00 00:00:00', 0, NULL, NULL, NULL, 'Chandan Chakraborty', '2018-06-30 14:57:01pm', '', ''),
(2018184, 87, '2018-06-30', 'PACS', 'CHAKGOPALPUR SKUS', 'Tours & Travels - Execution', '2018-06-29', '2018-06-29', 'CHECKING FOR ONLINE AND FOLLOW UP IN CHAKGOPALPUR', '420.00', 0, '', '0000-00-00 00:00:00', 0, NULL, NULL, NULL, 'Chandan Chakraborty', '2018-06-30 15:32:46pm', 'Chandan Chakraborty', '2018-06-30 15:33:30pm'),
(2018185, 115, '2018-07-02', '', 'Others', 'Local Conveyance', '2018-06-30', '2018-06-30', 'CENTRAL(NABA KRISHNA GUIN)', '20.00', 0, '', '0000-00-00 00:00:00', 0, NULL, NULL, NULL, 'Bappa Mondal', '2018-07-02 10:35:42am', '', ''),
(2018186, 55, '2018-07-02', '', 'Others', 'Lunch Subsidy', '2018-06-30', '2018-06-30', 'fish meal ', '50.00', 1, 'Sujit Paul', '2018-07-06 13:39:09', 0, NULL, NULL, NULL, 'Nabin Halder', '2018-07-02 12:03:09pm', '', ''),
(2018187, 36, '2018-07-02', '', 'Others', 'Postage & Telegraphs', '2018-06-29', '2018-06-29', 'DHUBRIN 3PIC DDS', '1115.00', 1, 'Sujit Paul', '2018-07-06 13:40:38', 0, NULL, NULL, NULL, 'Sanjoy Sardar', '2018-07-02 18:20:20pm', '', ''),
(2018188, 36, '2018-07-02', '', 'Others', 'Lunch Subsidy', '2018-07-02', '2018-07-02', 'MIO AMORE', '46.00', 1, 'Sujit Paul', '2018-07-06 13:41:19', 0, NULL, NULL, NULL, 'Sanjoy Sardar', '2018-07-02 18:22:08pm', '', ''),
(2018189, 78, '2018-07-02', 'ARDB', 'BARDHAMAN ARDB', 'Tours & Travels - Execution', '2018-06-25', '2018-06-30', 'CBS at Bardhaman ARDB & Branches', '2260.00', 1, 'Sukanta Roy', '2018-07-06 00:00:00', 0, NULL, NULL, NULL, 'Chandan Das', '2018-07-02 18:42:17pm', 'Chandan Das', '2018-07-06 16:11:38pm');
INSERT INTO `tm_claim` (`claim_cd`, `emp_no`, `claim_dt`, `project_type`, `project_name`, `purpose`, `from_dt`, `to_dt`, `narration`, `amount`, `approval_status`, `approved_by`, `approval_dt`, `rejection_status`, `rejection_remarks`, `rejected_by`, `rejected_dt`, `created_by`, `created_dt`, `modified_by`, `modified_dt`) VALUES
(2018190, 38, '2018-07-03', 'PACS', 'SRIDHARPUR MEMARY BR', 'Tours & Travels - Execution', '2018-06-27', '2018-07-02', 'Tour to scb for trading ', '200.00', 0, '', '0000-00-00 00:00:00', 0, NULL, NULL, NULL, 'Raja Saha', '2018-07-03 13:44:34pm', '', ''),
(2018191, 12, '2018-07-03', '', 'Others', 'Electricity Charges', '2018-07-03', '2018-07-03', 'Office Electricity bills', '19230.00', 1, 'Aritra  Basu Roy Chowdhury', '2018-07-06 14:39:48', 0, NULL, NULL, NULL, 'Sukanta Roy', '2018-07-03 13:45:16pm', 'Sukanta Roy', '2018-07-03 13:47:12pm'),
(2018192, 12, '2018-07-03', '', 'Others', 'Telephone Charges', '2018-07-03', '2018-07-03', 'Office telephone bill', '952.00', 1, 'Aritra  Basu Roy Chowdhury', '2018-07-06 14:38:36', 0, NULL, NULL, NULL, 'Sukanta Roy', '2018-07-03 13:46:46pm', '', ''),
(2018193, 107, '2018-07-03', '', 'Others', 'Tours & Travels - Execution', '2018-06-25', '2018-07-02', 'ONLINE NARMA SKUS', '1440.00', 0, '', '0000-00-00 00:00:00', 0, NULL, NULL, NULL, 'Tapomoy Mahapatra', '2018-07-03 13:52:44pm', '', ''),
(2018194, 74, '2018-07-03', 'CCS', 'KANAIPUR', 'Tours & Travels - Execution', '2018-06-30', '2018-07-03', 'KANAIPUR CO- OP', '213.00', 1, 'Sujit Paul', '2018-07-06 13:08:16', 0, NULL, NULL, NULL, 'Upendar Singh', '2018-07-03 15:25:23pm', 'Upendar Singh', '2018-07-03 15:27:09pm'),
(2018195, 36, '2018-07-03', '', 'Others', 'Office Maintenance', '2018-07-03', '2018-07-03', 'TRUBBLE GUM ,RAT TRAP (2PIC)\r\nDETTOL HAND WASH (1PIC) DDS ROOM', '132.00', 1, 'Sujit Paul', '2018-07-06 13:43:51', 0, NULL, NULL, NULL, 'Sanjoy Sardar', '2018-07-03 19:05:12pm', '', ''),
(2018196, 36, '2018-07-03', '', 'Others', 'Lunch Subsidy', '2018-07-03', '2018-07-03', 'BIKASH AUDITOR', '46.00', 1, 'Sujit Paul', '2018-07-06 13:44:18', 0, NULL, NULL, NULL, 'Sanjoy Sardar', '2018-07-03 19:06:45pm', '', ''),
(2018197, 19, '2018-07-04', '', 'Others For Marketing', 'Tours & Travels - Marketing', '2018-07-03', '2018-07-03', 'AMBA', '1465.00', 1, 'Aritra  Basu Roy Chowdhury', '2018-07-06 14:57:36', 0, NULL, NULL, NULL, 'Amit Kumar Singh', '2018-07-04 11:20:15am', '', ''),
(2018198, 3, '2018-07-04', '', 'Others For Marketing', 'Tours & Travels - Marketing', '2018-06-28', '2018-07-03', 'Jhamtia , Boharia and Shamaprossana skus', '3544.00', 0, '', '0000-00-00 00:00:00', 0, NULL, NULL, NULL, 'Debasish Adhikary', '2018-07-04 15:09:05pm', '', ''),
(2018199, 55, '2018-07-04', '', 'Others', 'Office Maintenance', '2018-07-03', '2018-07-03', 'biscuit 12packets ', '420.00', 1, 'Sujit Paul', '2018-07-06 13:41:55', 0, NULL, NULL, NULL, 'Nabin Halder', '2018-07-04 15:23:29pm', '', ''),
(2018200, 55, '2018-07-04', '', 'Others', 'Office Maintenance', '2018-07-03', '2018-07-03', '3 pcs towel wash', '105.00', 1, 'Sujit Paul', '2018-07-06 13:42:07', 0, NULL, NULL, NULL, 'Nabin Halder', '2018-07-04 15:24:25pm', '', ''),
(2018201, 55, '2018-07-04', '', 'Others', 'Lunch Subsidy', '2018-07-04', '2018-07-04', 'fish meal 1 person (aditor)', '50.00', 1, 'Sujit Paul', '2018-07-06 13:43:14', 0, NULL, NULL, NULL, 'Nabin Halder', '2018-07-04 15:26:33pm', '', ''),
(2018202, 32, '2018-07-04', '', 'Others For Marketing', 'Tours & Travels - Marketing', '2018-06-26', '2018-07-03', '26/06/2018-->Zenith Holidays\r\n03/07/2018-->Powercab', '215.00', 0, '', '0000-00-00 00:00:00', 0, NULL, NULL, NULL, 'Tanmoy Mondal', '2018-07-04 15:26:56pm', '', ''),
(2018203, 55, '2018-07-04', '', 'Others', 'Office Maintenance', '2018-07-04', '2018-07-04', '500gm pril liqed', '120.00', 1, 'Sujit Paul', '2018-07-06 13:42:49', 0, NULL, NULL, NULL, 'Nabin Halder', '2018-07-04 15:27:38pm', '', ''),
(2018204, 80, '2018-07-04', '', 'Others', 'Tours & Travels - Execution', '2018-05-31', '2018-06-30', 'Belmuri SKUS, Boinchi Cadp, Raniganj, Arambag ARDB (Branch), Burdwan CCB, DRMS Lams, Boinchi CADP', '1445.00', 1, 'Aritra  Basu Roy Chowdhury', '2018-07-06 14:37:07', 0, NULL, NULL, NULL, 'Amit Datta', '2018-07-04 15:40:49pm', 'Amit Kumar Datta', '2018-07-04 15:41:48pm'),
(2018205, 80, '2018-07-04', '', 'Others', 'Tours & Travels - Execution', '2018-06-13', '2018-06-15', 'Passport', '3500.00', 1, 'Aritra  Basu Roy Chowdhury', '2018-07-06 14:40:36', 0, NULL, NULL, NULL, 'Amit Datta', '2018-07-04 15:45:32pm', '', ''),
(2018206, 80, '2018-07-04', '', 'Others', 'Office Maintenance', '2018-06-04', '2018-06-04', 'Airtel Broad Band Payment', '2005.00', 1, 'Aritra  Basu Roy Chowdhury', '2018-07-06 14:41:45', 0, NULL, NULL, NULL, 'Amit Datta', '2018-07-04 15:49:44pm', '', ''),
(2018207, 90, '2018-07-05', '', 'Others', 'Tours & Travels - Execution', '2018-07-03', '2018-07-03', 'Deposit Baklog Training given to Sanhati CCS, Garia', '70.00', 0, '', '0000-00-00 00:00:00', 0, NULL, NULL, NULL, 'SUPARSHA DAS', '2018-07-05 08:03:03am', '', ''),
(2018208, 105, '2018-07-05', '', 'Others', 'Tours & Travels - Execution', '2018-07-04', '2018-07-04', 'Tour to Laxmi Narayan Store\r\nUday Narayan Pur', '320.00', 0, '', '0000-00-00 00:00:00', 0, NULL, NULL, NULL, 'Pritam Kumar Maity', '2018-07-05 10:47:51am', 'Pritam Kumar Maity', '2018-07-08 16:30:25pm'),
(2018209, 1, '2018-07-05', '', 'Others', 'Customer Entertainment', '2018-06-08', '2018-06-08', 'Dinner with Monojit (Joypur SKUS), Debasish & Sukanta', '6634.00', 1, 'Debasish Adhikary', '2018-07-06 15:00:42', 0, NULL, NULL, NULL, 'Aritra  Basu Roy Chowdhury', '2018-07-05 11:35:59am', '', ''),
(2018210, 77, '2018-07-05', '', 'Others', 'Tours & Travels - Marketing', '2018-06-21', '2018-06-21', 'Tour to 21/6-C.K.Road', '295.00', 0, '', '0000-00-00 00:00:00', 0, NULL, NULL, NULL, 'Suvendu Rakshit', '2018-07-05 11:50:52am', 'Suvendu Rakshit', '2018-07-05 11:51:33am'),
(2018211, 77, '2018-07-05', '', 'Others For Marketing', 'Tours & Travels - Marketing', '2018-06-25', '2018-07-02', 'Tour to 25/6-Bybartahat,2/7-Contai', '476.00', 0, '', '0000-00-00 00:00:00', 0, NULL, NULL, NULL, 'Suvendu Rakshit', '2018-07-05 11:57:22am', '', ''),
(2018212, 107, '2018-07-05', 'PACS', 'ASONDA KEMPUR SKUS', 'Tours & Travels - Execution', '2018-07-04', '2018-07-04', 'visit asonda khempur skus', '270.00', 0, '', '0000-00-00 00:00:00', 0, NULL, NULL, NULL, 'Tapomoy Mahapatra', '2018-07-05 12:38:34pm', '', ''),
(2018213, 51, '2018-07-05', '', 'Others', 'Tours & Travels - Execution', '2018-07-04', '2018-07-04', 'went to mundukhola skus for finance work', '280.00', 1, 'Sukanta Roy', '2018-07-06 15:55:14', 0, NULL, NULL, NULL, 'Kalyan Dutta', '2018-07-05 14:26:51pm', '', ''),
(2018214, 73, '2018-07-05', '', 'Others', 'Tours & Travels - Execution', '2018-07-04', '2018-07-04', 'support at Titagarh Co-op credit society ', '61.00', 0, '', '0000-00-00 00:00:00', 0, NULL, NULL, NULL, 'Sushil Prajapati', '2018-07-05 16:33:40pm', '', ''),
(2018215, 115, '2018-07-05', '', 'Others', 'Local Conveyance', '2018-07-02', '2018-07-02', 'MOMMY THE FARISHTA (USHA GATE)', '16.00', 1, 'Amit Kr Singh', '2018-07-06 12:57:19', 0, NULL, NULL, NULL, 'Bappa Mondal', '2018-07-05 16:42:26pm', '', ''),
(2018216, 36, '2018-07-05', '', 'Others', 'Printing & Stationary', '2018-07-05', '2018-07-05', 'paper 1pkt', '220.00', 1, 'Sujit Paul', '2018-07-06 13:44:58', 0, NULL, NULL, NULL, 'Sanjoy Sardar', '2018-07-05 17:54:57pm', '', ''),
(2018217, 36, '2018-07-06', '', 'Others', 'Office Maintenance', '2018-07-05', '2018-07-05', 'Paid For Office Maintenance', '2150.00', 1, 'Sujit Paul', '2018-07-06 13:07:24', 0, NULL, NULL, NULL, 'Sanjoy Sardar', '2018-07-06 12:41:39pm', '', ''),
(2018218, 19, '2018-07-06', '', 'Others For Marketing', 'Tours & Travels - Marketing', '2018-07-05', '2018-07-05', 'DPCA', '1906.00', 1, 'Aritra  Basu Roy Chowdhury', '2018-07-06 14:47:44', 0, NULL, NULL, NULL, 'Amit Kumar Singh', '2018-07-06 12:44:46pm', '', ''),
(2018219, 3, '2018-07-06', '', 'Others For Marketing', 'Tours & Travels - Marketing', '2018-07-05', '2018-07-05', 'WBSCB and others', '335.00', 0, '', '0000-00-00 00:00:00', 0, NULL, NULL, NULL, 'Debasish Adhikary', '2018-07-06 15:10:07pm', '', ''),
(2018220, 100, '2018-07-06', '', 'Others', 'Tours & Travels - Execution', '2018-07-03', '2018-07-04', 'Software installation and training at Jhamtia and Chitanan SKUS', '696.00', 1, 'Sukanta Roy', '2018-07-06 00:00:00', 0, NULL, NULL, NULL, 'Rajiv Sharma', '2018-07-06 15:38:23pm', '', ''),
(2018221, 36, '2018-07-06', '', 'Others', 'Lunch Subsidy', '2018-07-06', '2018-07-06', 'D.A., ABRC\r\nMIO AMORE', '128.00', 0, '', '0000-00-00 00:00:00', 0, NULL, NULL, NULL, 'Sanjoy Sardar', '2018-07-06 16:32:42pm', '', ''),
(2018222, 110, '2018-07-06', '', 'Others', 'Tours & Travels - Execution', '2018-07-05', '2018-07-05', 'Backlog trainning of nadia ardb and s/w installation.', '250.00', 0, '', '0000-00-00 00:00:00', 0, NULL, NULL, NULL, 'Atin Chatterjee', '2018-07-06 16:47:55pm', '', ''),
(2018223, 84, '2018-07-06', '', 'Others', 'Tours & Travels - Execution', '2018-07-03', '2018-07-03', 'SETT SERVICE STATION', '163.00', 0, '', '0000-00-00 00:00:00', 0, NULL, NULL, NULL, 'Sanjoy Prasad', '2018-07-06 16:48:38pm', '', ''),
(2018224, 84, '2018-07-06', '', 'Others', 'Local Conveyance', '2018-07-04', '2018-07-04', 'RAHINI ENTERPRISES', '92.00', 0, '', '0000-00-00 00:00:00', 0, NULL, NULL, NULL, 'Sanjoy Prasad', '2018-07-06 16:51:52pm', '', ''),
(2018225, 115, '2018-07-06', '', 'Others', 'Local Conveyance', '2018-07-02', '2018-07-02', 'MOMMY THE FARISHTA (USHA GATE)', '16.00', 0, '', '0000-00-00 00:00:00', 0, NULL, NULL, NULL, 'Bappa Mondal', '2018-07-06 17:53:02pm', '', ''),
(2018226, 36, '2018-07-06', '', 'Others', 'Office Maintenance', '2018-07-06', '2018-07-06', 'sugar 4kg\r\nmilk  2kg', '1081.00', 0, '', '0000-00-00 00:00:00', 0, NULL, NULL, NULL, 'Sanjoy Sardar', '2018-07-06 18:14:32pm', 'Sanjoy Sardar', '2018-07-07 16:18:04pm'),
(2018227, 112, '2018-07-07', '', 'Others', 'Local Conveyance', '2018-05-31', '2018-05-31', 'DAKSHINA PAN, BAKSARA', '45.00', 0, '', '0000-00-00 00:00:00', 0, NULL, NULL, NULL, 'Debdas Sardar', '2018-07-07 11:54:06am', '', ''),
(2018228, 112, '2018-07-07', '', 'Others', 'Local Conveyance', '2018-05-31', '2018-05-31', 'AIRPORT, DAKSHINAPAN', '46.00', 0, '', '0000-00-00 00:00:00', 0, NULL, NULL, NULL, 'Debdas Sardar', '2018-07-07 11:57:18am', 'Debdas Sardar', '2018-07-07 11:57:47am'),
(2018229, 112, '2018-07-07', '', 'Others', 'Local Conveyance', '2018-06-09', '2018-06-09', 'JALAN, AVANI MALL', '54.00', 0, '', '0000-00-00 00:00:00', 0, NULL, NULL, NULL, 'Debdas Sardar', '2018-07-07 12:00:58pm', '', ''),
(2018230, 112, '2018-07-07', '', 'Others', 'Local Conveyance', '2018-06-12', '2018-06-12', 'SOUTH CITY,LAKE MALL', '24.00', 0, '', '0000-00-00 00:00:00', 0, NULL, NULL, NULL, 'Debdas Sardar', '2018-07-07 12:16:51pm', '', ''),
(2018231, 112, '2018-07-07', '', 'Others', 'Local Conveyance', '2018-06-26', '2018-06-26', 'BAGNAN', '247.00', 0, '', '0000-00-00 00:00:00', 0, NULL, NULL, NULL, 'Debdas Sardar', '2018-07-07 12:25:41pm', '', ''),
(2018232, 112, '2018-07-07', '', 'Others', 'Local Conveyance', '2018-06-30', '2018-06-30', 'BASANTI BIRINCHI BARI', '340.00', 0, '', '0000-00-00 00:00:00', 0, NULL, NULL, NULL, 'Debdas Sardar', '2018-07-07 12:41:13pm', '', ''),
(2018233, 112, '2018-07-07', '', 'Others', 'Local Conveyance', '2018-07-04', '2018-07-04', 'JALAN+AVANI MALL', '75.00', 0, '', '0000-00-00 00:00:00', 0, NULL, NULL, NULL, 'Debdas Sardar', '2018-07-07 12:47:45pm', '', ''),
(2018234, 112, '2018-07-07', '', 'Others', 'Local Conveyance', '2018-07-06', '2018-07-06', 'DAKSHINA PAN ', '16.00', 0, '', '0000-00-00 00:00:00', 0, NULL, NULL, NULL, 'Debdas Sardar', '2018-07-07 15:11:58pm', '', ''),
(2018235, 115, '2018-07-09', '', 'Others', 'Local Conveyance', '2018-07-07', '2018-07-07', 'MOMMY THE FARISHTA (USHA GATE)', '17.00', 0, '', '0000-00-00 00:00:00', 0, NULL, NULL, NULL, 'Bappa Mondal', '2018-07-09 09:55:07am', '', ''),
(2018236, 55, '2018-07-09', '', 'Others', 'Office Maintenance', '2018-07-09', '2018-07-09', '2kg ctc tea+fop tea 500gm', '1100.00', 0, '', '0000-00-00 00:00:00', 0, NULL, NULL, NULL, 'Nabin Halder', '2018-07-09 10:47:54am', '', ''),
(2018237, 55, '2018-07-09', '', 'Others', 'Office Maintenance', '2018-07-09', '2018-07-09', '12 packets biscuit', '420.00', 0, '', '0000-00-00 00:00:00', 0, NULL, NULL, NULL, 'Nabin Halder', '2018-07-09 16:15:17pm', '', ''),
(2018238, 78, '2018-07-09', 'ARDB', 'GHATAL ARDB HO', 'Tours & Travels - Execution', '2018-07-07', '2018-07-07', 'MEETING AT GHATAL HO', '450.00', 0, '', '0000-00-00 00:00:00', 0, NULL, NULL, NULL, 'Chandan Das', '2018-07-09 18:42:53pm', '', ''),
(2018239, 36, '2018-07-09', '', 'Others', 'Printing & Stationary', '2018-07-09', '2018-07-09', 'SMAUIT MULTIPURPOSE(AGREMENT)\r\nBAPPA KUNDU (DOCUMENT)', '260.00', 0, '', '0000-00-00 00:00:00', 0, NULL, NULL, NULL, 'Sanjoy Sardar', '2018-07-09 19:23:55pm', '', ''),
(2018240, 36, '2018-07-09', '', 'Others', 'Lunch Subsidy', '2018-07-07', '2018-07-07', 'EGG CHICKEN CHOWMIN', '50.00', 0, '', '0000-00-00 00:00:00', 0, NULL, NULL, NULL, 'Sanjoy Sardar', '2018-07-09 19:26:13pm', '', ''),
(2018241, 74, '2018-07-10', '', 'Others', 'Delivery Charges', '2018-07-09', '2018-07-09', 'rakesh kumar singh siliguri 1box machine', '320.00', 0, '', '0000-00-00 00:00:00', 0, NULL, NULL, NULL, 'Upendar Singh', '2018-07-10 11:48:37am', '', ''),
(2018242, 30, '2018-07-10', '', 'Others For Marketing', 'Tours & Travels - Marketing', '2018-06-22', '2018-07-09', 'tour to khannyan and somrabazar with arghya', '400.00', 1, 'Aritra  Basu Roy Chowdhury', '2018-08-30 12:21:38', 0, NULL, NULL, NULL, 'Subhodip Banerjee', '2018-07-10 13:40:45pm', '', ''),
(2018243, 90, '2018-07-10', '', 'Others', 'Tours & Travels - Execution', '2018-07-05', '2018-07-07', 'VARIOUS RECTIFICATION, 2017-2018 AUDIT PURPOSE WORK\r\nTO KESHPUR PRIMARY SCHOOL ECCS, WEST MIDNAPORE', '1143.00', 0, '', '0000-00-00 00:00:00', 0, NULL, NULL, NULL, 'SUPARSHA DAS', '2018-07-10 15:04:27pm', 'Suparsha Das', '2018-07-10 15:06:47pm'),
(2018244, 36, '2018-07-10', '', 'Others', 'Office Maintenance', '2018-07-10', '2018-07-10', 'chair reparing', '50.00', 0, '', '0000-00-00 00:00:00', 0, NULL, NULL, NULL, 'Sanjoy Sardar', '2018-07-10 16:56:43pm', '', ''),
(2018245, 53, '2018-07-10', '', 'Others', 'Tours & Travels - Execution', '2018-07-04', '2018-07-06', 'UDAYNARAYANPUR L.S. PACS LTD.', '697.00', 0, '', '0000-00-00 00:00:00', 0, NULL, NULL, NULL, 'Joydeep Ghosh', '2018-07-10 18:23:05pm', '', ''),
(2018246, 113, '2018-07-11', '', 'Others', 'Tours & Travels - Execution', '2018-06-29', '2018-07-05', 'Puncha SKUS Ltd. (Purulia)\r\n Online Loan Data Entry', '1200.00', 0, '', '0000-00-00 00:00:00', 0, NULL, NULL, NULL, 'Sandip Mahato', '2018-07-11 15:38:40pm', 'Sandip Kr Mahato', '2018-07-11 15:40:23pm'),
(2018247, 32, '2018-07-11', '', 'Others', 'Website Hosting Charges', '2018-07-11', '2018-07-11', 'Purchase of email services for payurfees', '2808.00', 0, '', '0000-00-00 00:00:00', 0, NULL, NULL, NULL, 'Tanmoy Mondal', '2018-07-11 16:21:57pm', '', ''),
(2018248, 55, '2018-07-12', '', 'Others', 'Office Maintenance', '2018-07-11', '2018-07-11', 'birthday for souparna', '702.00', 0, '', '0000-00-00 00:00:00', 0, NULL, NULL, NULL, 'Nabin Halder', '2018-07-12 11:11:32am', '', ''),
(2018249, 55, '2018-07-12', '', 'Others', 'Tours & Travels - Execution', '2018-07-12', '2018-07-12', 'quterly ticket', '730.00', 0, '', '0000-00-00 00:00:00', 0, NULL, NULL, NULL, 'Nabin Halder', '2018-07-12 11:13:24am', '', ''),
(2018250, 1, '2018-08-30', 'PACS', 'SRIJA KAMALPUR SKUS', 'Staff Welfare A/C', '2018-08-08', '2018-08-16', 'ghererhgeghergergerg', '310.00', 0, '', '0000-00-00 00:00:00', 0, NULL, NULL, NULL, 'Aritra  Basu Roy Chowdhury', '2018-08-30 12:19:38pm', '', '');

--
-- Triggers `tm_claim`
--
DELIMITER $$
CREATE TRIGGER `au_tm_claim` AFTER UPDATE ON `tm_claim` FOR EACH ROW BEGIN
	 
     DECLARE	ld_count		Integer;
     DECLARE	ldt_bal_dt	    date;
	 DECLARE	ld_bal_amt		decimal(10,2);
     Declare    ldt_dt			date;
     
If old.approval_status = 0 And new.approval_status = 1 Then  

	

	  select count(*)
      into   ld_count
      from   tm_balance_amt
      where  emp_no     = new.emp_no
      and    balance_dt = DATE_FORMAT(sysdate(), "%Y-%m-%d");
      
      If ld_count > 0 THEN
         update tm_balance_amt
         set    balance_amt = balance_amt + new.amount,
         		claim_amt 	= claim_amt + new.amount
         where  emp_no      = new.emp_no
         and    balance_dt  = DATE_FORMAT(sysdate(), "%Y-%m-%d"); 
         
         
      ELSE
          select max(balance_dt)
          into   ldt_bal_dt
          from   tm_balance_amt
          where  emp_no = new.emp_no;
          
          IF ldt_bal_dt <> 0 THEN
          
              select balance_amt
              into   ld_bal_amt
              from   tm_balance_amt
              where  emp_no = new.emp_no
              and    balance_dt = ldt_bal_dt;
          
          	  INSERT into tm_balance_amt
          			           values( DATE_FORMAT(sysdate(), "%Y-%m-%d"),
                                      new.emp_no,
                                      new.amount,
                                      0,
                                      (ld_bal_amt + new.amount));
          ELSE
          	  INSERT into tm_balance_amt
          			           values( DATE_FORMAT(sysdate(), "%Y-%m-%d"),
                                      new.emp_no,
                                      new.amount,
                                      0,
                                      (0 + new.amount));
         END IF;
    end if;
 end if;        					
          
end
$$
DELIMITER ;

-- --------------------------------------------------------

--
-- Table structure for table `tm_claim_trans`
--

CREATE TABLE `tm_claim_trans` (
  `claim_cd` bigint(20) NOT NULL,
  `emp_no` int(11) NOT NULL,
  `claim_dt` date NOT NULL,
  `sl_no` int(11) NOT NULL,
  `claim_hd` varchar(200) NOT NULL,
  `remarks` text NOT NULL,
  `amount` decimal(10,2) NOT NULL DEFAULT '0.00'
) ENGINE=MyISAM DEFAULT CHARSET=latin1;

--
-- Dumping data for table `tm_claim_trans`
--

INSERT INTO `tm_claim_trans` (`claim_cd`, `emp_no`, `claim_dt`, `sl_no`, `claim_hd`, `remarks`, `amount`) VALUES
(20181, 19, '2018-05-31', 1, 'RICKSHAW', '25+25', '50.00'),
(20181, 19, '2018-05-31', 2, 'WATER', '', '20.00'),
(20181, 19, '2018-05-31', 3, 'METRO', '', '10.00'),
(20181, 19, '2018-05-31', 4, 'TAXI', 'RABINDRA SADAN TO KONA CCS', '257.00'),
(20182, 1, '2018-05-31', 1, 'FUEL', '', '862.00'),
(20181, 19, '2018-05-31', 5, 'FOOD & REFRESHMENT', 'breakfast', '35.00'),
(20183, 32, '2018-05-31', 1, 'Web Server/Domain/Templates/Others', '', '1132.00'),
(20184, 32, '2018-05-31', 1, 'Web Server/Domain/Templates/Others', '', '32596.00'),
(20187, 72, '2018-06-04', 1, 'RICKSHAW', '25+25+30+30', '110.00'),
(20186, 36, '2018-06-01', 1, 'Sugar', '4kg', '160.00'),
(20186, 36, '2018-06-01', 2, 'Milk', '2kg', '700.00'),
(20186, 36, '2018-06-01', 3, 'OTHERS', 'vimber,s,brite, duster                                                       ', '56.00'),
(20187, 72, '2018-06-04', 2, 'AUTO', '10+10+10+10', '40.00'),
(20187, 72, '2018-06-04', 3, 'TRAIN', '10+10+10+10', '40.00'),
(20187, 72, '2018-06-04', 4, 'VAN', '10+10+10+10', '40.00'),
(20187, 72, '2018-06-04', 5, 'PER DIEM@150', '150+300(saturday)', '450.00'),
(20188, 72, '2018-06-04', 1, 'RICKSHAW', '20+25', '45.00'),
(20188, 72, '2018-06-04', 2, 'AUTO', '7+10+7+10', '34.00'),
(20188, 72, '2018-06-04', 3, 'BUS', '70(esplanade to mechada)+10', '80.00'),
(20188, 72, '2018-06-04', 4, 'METRO', '15+15(sahid khudiram to esplanade)', '30.00'),
(20188, 72, '2018-06-04', 5, 'VAN', '10+10', '20.00'),
(20188, 72, '2018-06-04', 6, 'OTHER VEHICLES', '80(mechada to santragachi)', '80.00'),
(20188, 72, '2018-06-04', 7, 'PER DIEM@150', '150', '150.00'),
(20189, 72, '2018-06-04', 1, 'RICKSHAW', '20+20+15+15', '70.00'),
(20189, 72, '2018-06-04', 2, 'AUTO', '10+7+10+7+10+10', '54.00'),
(20189, 72, '2018-06-04', 3, 'METRO', '15+15', '30.00'),
(20189, 72, '2018-06-04', 4, 'BUS', '8+20+20+35+10', '93.00'),
(20189, 72, '2018-06-04', 5, 'VAN', '10+10', '20.00'),
(20189, 72, '2018-06-04', 6, 'PER DIEM@150', '150', '150.00'),
(201810, 19, '2018-06-04', 1, 'FUEL', '300 KM', '806.00'),
(201811, 36, '2018-06-04', 1, 'REVENUE STAMP', '100PIC', '100.00'),
(201812, 36, '2018-06-04', 1, 'OTHERS', 'SANJOY SARDAR', '50.00'),
(201813, 3, '2018-06-04', 1, 'TOLL TAX', '', '80.00'),
(201813, 3, '2018-06-04', 2, 'FUEL', '', '1761.00'),
(201813, 3, '2018-06-04', 3, 'FOOD & REFRESHMENT', '', '484.00'),
(201814, 51, '2018-06-04', 1, 'AUTO', '(130+150+150)+(150+120+120+120)+(120+120)+80', '1260.00'),
(201814, 51, '2018-06-04', 2, 'HOTEL LODGING', '(1000+1438)', '2438.00'),
(201814, 51, '2018-06-04', 3, 'TAXI', 'SANTRAGACHI TO HOME', '519.00'),
(201814, 51, '2018-06-04', 4, 'FOOD & REFRESHMENT', '945+60', '1005.00'),
(201814, 51, '2018-06-04', 5, 'WATER/COFFEE/TEA', '20+20+45+50', '135.00'),
(201814, 51, '2018-06-04', 6, 'METRO', 'RABINDRA SRAVAR TO MG ROAD', '10.00'),
(201814, 51, '2018-06-04', 7, 'BUS', 'mg road to sealdah station', '6.00'),
(201814, 51, '2018-06-04', 8, 'TRAIN', 'puri to howrah', '896.00'),
(201815, 12, '2018-06-04', 1, 'TRAIN', '1532', '1532.00'),
(201816, 73, '2018-06-04', 1, 'TRAIN', 'howrah to Konnagar Return', '10.00'),
(201816, 73, '2018-06-04', 2, 'TOTO RICKSHAW', 'konnagar to co-op return', '20.00'),
(201816, 73, '2018-06-04', 3, 'LAUNCH & BOAT', 'ahiritolla to howrah return', '10.00'),
(201816, 73, '2018-06-04', 4, 'AUTO', 'Muchi bazar to ahiritolla ', '30.00'),
(201817, 102, '2018-06-04', 1, 'RICKSHAW', 'Home To DDJ station(2times)', '60.00'),
(201817, 102, '2018-06-04', 2, 'METRO', 'DDJ To Central (2 times)', '20.00'),
(201817, 102, '2018-06-04', 3, 'OTHER VEHICLES', 'Central to HWH Station', '30.00'),
(201817, 102, '2018-06-04', 4, 'TRAIN', 'HWH to Debipur + Dhatrigram to hwh + Hwh to debipur', '65.00'),
(201817, 102, '2018-06-04', 5, 'TOTO RICKSHAW', 'Debipur to Gokuldanga (4 times)+(R)+HazipurMore to Bulbultala (50/-) + home to dhatrigram station', '140.00'),
(201817, 102, '2018-06-04', 6, 'BUS', 'Hazipur to bulbulitala (R)(15/-) +bulbulitala to Sargoria(R)(10/-)+hwh to office(35/-)+central to hwh', '177.00'),
(201817, 102, '2018-06-04', 7, 'PER DIEM@200', '3Days + 1 saturday', '1000.00'),
(201819, 30, '2018-06-04', 1, 'TRAIN', '575+240', '815.00'),
(201818, 30, '2018-06-04', 10, 'WATER/COFFEE/TEA', '', '20.00'),
(201818, 30, '2018-06-04', 9, 'FOOD & REFRESHMENT', '', '150.00'),
(201818, 30, '2018-06-04', 2, 'BUS', '40+40', '80.00'),
(201818, 30, '2018-06-04', 1, 'TRAIN', '', '30.00'),
(201819, 30, '2018-06-04', 2, 'BUS', '70+40+20', '130.00'),
(201819, 30, '2018-06-04', 3, 'TOTO RICKSHAW', '10+10+10+10+20', '60.00'),
(201819, 30, '2018-06-04', 4, 'HOTEL LODGING', '1800+30tips', '1830.00'),
(201819, 30, '2018-06-04', 5, 'FOOD & REFRESHMENT', '150+882hotel', '1032.00'),
(201832, 110, '2018-06-05', 1, 'TRAIN', 'BT TO KRISNAGAR', '25.00'),
(201820, 36, '2018-06-04', 1, 'OTHERS', '', '105.00'),
(201822, 110, '2018-06-05', 1, 'TRAIN', 'koaa to bcp(CANCELATION 65)+BOOKING BANK CHARGE(9)', '74.00'),
(201823, 82, '2018-06-05', 1, 'AUTO', '20+20', '40.00'),
(201823, 82, '2018-06-05', 2, 'BUS', '16+10+17+17+45+25+21', '151.00'),
(201823, 82, '2018-06-05', 3, 'TRAIN', '25', '25.00'),
(201823, 82, '2018-06-05', 4, 'LAUNCH & BOAT', '10', '10.00'),
(201823, 82, '2018-06-05', 5, 'PER DIEM@200', '30/05/2018', '200.00'),
(201823, 82, '2018-06-05', 6, 'PER DIEM@150', '31/05/2018', '150.00'),
(201824, 87, '2018-06-05', 1, 'BUS', 'ARAMBAGH-GUIDAHA RETURN(40+20=60)@120*2+OFF-ARAMBAGH@70', '310.00'),
(201824, 87, '2018-06-05', 2, 'METRO CARD', 'OFF-ESPLANADE', '10.00'),
(201824, 87, '2018-06-05', 3, 'PER DIEM@150', 'FROM 6.45 AM-9.00 PM FOR 2 DAYS', '300.00'),
(201825, 49, '2018-06-05', 1, 'BUS', '', '320.00'),
(201825, 49, '2018-06-05', 2, 'TRAIN', '', '585.00'),
(201825, 49, '2018-06-05', 3, 'HOTEL LODGING', 'two days date 16/5/18 to 18/5/18', '1200.00'),
(201825, 49, '2018-06-05', 4, 'PER DIEM@200', 'three days date 16/5,17/5,25/5/18', '600.00'),
(201825, 49, '2018-06-05', 5, 'PER DIEM@150', 'date  18/5/18', '150.00'),
(201825, 49, '2018-06-05', 6, 'AUTO', '', '140.00'),
(201825, 49, '2018-06-05', 7, 'TOTO RICKSHAW', '', '60.00'),
(201825, 49, '2018-06-05', 8, 'RICKSHAW', '', '100.00'),
(201825, 49, '2018-06-05', 9, 'OTHER VEHICLES', 'traker', '70.00'),
(201825, 49, '2018-06-05', 10, 'HALF PER DIEM@50', '', '50.00'),
(201826, 49, '2018-06-05', 1, 'BUS', '', '570.00'),
(201826, 49, '2018-06-05', 2, 'AUTO', '', '170.00'),
(201826, 49, '2018-06-05', 3, 'TOTO RICKSHAW', '', '100.00'),
(201826, 49, '2018-06-05', 4, 'OTHER VEHICLES', 'traker', '130.00'),
(201826, 49, '2018-06-05', 5, 'PER DIEM@150', 'date 17/4, 11/4, 18/4/18 three days', '450.00'),
(201826, 49, '2018-06-05', 6, 'PER DIEM@100', 'date 13/4, 26/4,27/4/18', '300.00'),
(201826, 49, '2018-06-05', 7, 'FUEL', 'north 24 pgs jamalpara skus,khasbalanda skus', '250.00'),
(201827, 90, '2018-06-05', 1, 'METRO', 'RABINDRA SAROBAR TO SHAHID KHUDIRAM', '10.00'),
(201827, 90, '2018-06-05', 2, 'AUTO', 'SHAHIS KHUDIRAM TO GARIA RAIL STATION(7)\r\nJADAVPUR 8B BUS STAND TO HOME (7)', '14.00'),
(201827, 90, '2018-06-05', 3, 'RICKSHAW', 'GARIA RAIL STATION TO CCS', '25.00'),
(201827, 90, '2018-06-05', 4, 'TRAIN', 'GARIA TO JADAVPUR', '5.00'),
(201828, 49, '2018-06-05', 1, 'OTHERS', 'two month for room servent', '2000.00'),
(201828, 49, '2018-06-05', 2, 'XE-ROX', '', '100.00'),
(201829, 84, '2018-06-05', 1, 'AUTO', '10+10+6+6+6+6+13+10+6+6+6', '85.00'),
(201839, 79, '2018-06-06', 2, 'RICKSHAW', '25+25', '50.00'),
(201833, 36, '2018-06-05', 1, 'OTHERS', '', '50.00'),
(201834, 53, '2018-06-05', 1, 'BUS', 'KOLKATA 2 MALDA BUS', '694.00'),
(201832, 110, '2018-06-05', 11, 'BUS', 'KRISHNANAGAR-TEHOTTO(29)+TEHOTTO - KARIMPUR(25)+KARIMPUR-BT(110)', '164.00'),
(201832, 110, '2018-06-05', 12, 'HOTEL LODGING', '800*1(22/05/2018-23/05/2018)', '800.00'),
(201832, 110, '2018-06-05', 13, 'PER DIEM@200', '1*200', '200.00'),
(201832, 110, '2018-06-05', 14, 'PER DIEM@150', '1*150', '350.00'),
(201832, 110, '2018-06-05', 15, 'TOTO RICKSHAW', 'HEABOTTALA-HOME', '20.00'),
(201835, 110, '2018-06-05', 1, 'BUS', 'BT-SHEORAFULLYGHAT(2*15)+BALLY TO BT(2*20)', '70.00'),
(201835, 110, '2018-06-05', 2, 'TRAIN', 'SEORAPHULLY-BELMURI(2*10)+BEMURI-BALY(2*10)', '40.00'),
(201835, 110, '2018-06-05', 3, 'TOTO RICKSHAW', 'HOME-BT BUSSTAND(2*15)+BT STAND TO HOME(2*15)', '60.00'),
(201835, 110, '2018-06-05', 4, 'PER DIEM@150', '2*150', '300.00'),
(201836, 36, '2018-06-06', 1, 'Milk', '', '1600.00'),
(201836, 36, '2018-06-06', 2, 'Sugar', '', '550.00'),
(201837, 3, '2018-06-06', 1, 'TRAIN', '', '10.00'),
(201837, 3, '2018-06-06', 2, 'RICKSHAW', '', '80.00'),
(201839, 79, '2018-06-06', 3, 'TRAIN', '10+10(APPS TICKETS) +85+65+15', '185.00'),
(201839, 79, '2018-06-06', 1, 'TOTO RICKSHAW', '10+10', '20.00'),
(201838, 1, '2018-06-06', 2, 'WATER/COFFEE/TEA', 'Water, Tea etc', '70.00'),
(201838, 1, '2018-06-06', 1, 'TAXI', 'To & Fro to WBSCARD', '275.00'),
(201839, 79, '2018-06-06', 4, 'BUS', '15+15', '30.00'),
(201839, 79, '2018-06-06', 5, 'PER DIEM@150', '4.30 AM  TO 9.30PM', '150.00'),
(201840, 79, '2018-06-06', 1, 'TOTO RICKSHAW', '10+10+10+10', '40.00'),
(201840, 79, '2018-06-06', 2, 'TRAIN', '10+10 (APPS TICKETS)+30+55+70', '175.00'),
(201840, 79, '2018-06-06', 3, 'BUS', '15+15', '30.00'),
(201840, 79, '2018-06-06', 4, 'AUTO', '80+80', '160.00'),
(201840, 79, '2018-06-06', 5, 'PER DIEM@150', '5.30AM TO 9.30PM', '150.00'),
(201841, 57, '2018-06-06', 1, 'TRAIN', 'NJP TO SEALDAH TO TOLL 350+185+10', '545.00'),
(201841, 57, '2018-06-06', 2, 'TAXI', 'TOLLYGUNGE TO SEALDAH ST', '206.00'),
(201841, 57, '2018-06-06', 3, 'TOTO RICKSHAW', 'NJP TO SILIGURI OFFICE', '150.00'),
(201842, 57, '2018-06-06', 1, 'RICKSHAW', 'OFFICE TO VENASH MORE TO OFFICE 20+20', '40.00'),
(201842, 57, '2018-06-06', 2, 'BUS', 'VENASH MORE TO SILIGURI SYNDICATEBANK RO OFFICE TO VENASH MORE 10+10', '20.00'),
(201843, 57, '2018-06-06', 1, 'RICKSHAW', 'OFFICE TO VENASH MORE UP DN, 20+20', '40.00'),
(201843, 57, '2018-06-06', 2, 'AUTO', 'VENAHS MORE TO NJP ST 10', '10.00'),
(201843, 57, '2018-06-06', 3, 'TRAIN', 'NJP TO DALKHOLA', '55.00'),
(201843, 57, '2018-06-06', 4, 'BUS', 'DALKHOLA TO RAIGANJ MORE TO SILIGURI BUS DIPO 30+120', '150.00'),
(201843, 57, '2018-06-06', 5, 'TOTO RICKSHAW', 'RAIGANJ MORE TO DILAR DUKAN, TO RAIGANJ CENTRAL CO OP BANK TO DILAR DUKAN TO RAIGANJ MORE THEN SILIGURI JN TO VENASH MORE 20+10+10+20+10', '70.00'),
(201843, 57, '2018-06-06', 6, 'PER DIEM@150', '150 6AM TO 11PM', '150.00'),
(201844, 57, '2018-06-06', 1, 'HOTEL LODGING', '800', '800.00'),
(201845, 57, '2018-06-06', 1, 'RICKSHAW', 'OFFICE TO PERFECT MARKETING(HAKIM PARA NEAR BIDHAN MARKET) 10+10', '20.00'),
(201846, 57, '2018-06-06', 1, 'RICKSHAW', 'OFFICE TO VENASH MORE TO OFFICE 20+20', '40.00'),
(201846, 57, '2018-06-06', 2, 'TOTO RICKSHAW', 'VENASH MORE TO SILIGURI JN TO VENASH MORE , MAINAGURI BUS DIPO TO DEMO SIDE TO MAINAGURI BUS DIPO 10+10+10+10', '40.00'),
(201846, 57, '2018-06-06', 3, 'BUS', 'SILIGURI DIPO TO JALPAIGURI DEPO TO SILIGURI DIPO JAIPAIGURI DIPO TO MAINAGURI DIPO TO JAIPAIGURI DIPO 25+30+20+20', '95.00'),
(201846, 57, '2018-06-06', 4, 'PER DIEM@150', '150    11AM TO 11PM', '150.00'),
(201847, 57, '2018-06-06', 1, 'RICKSHAW', 'OFFICE TO AXIS BANK TO OFFICE 20+20', '40.00'),
(201848, 57, '2018-06-06', 1, 'RICKSHAW', 'OFFICE TO VENASH MORE , SILIGURI DIPO TO OFFICE 20+50 NIGHT TIME 1AM', '70.00'),
(201848, 57, '2018-06-06', 2, 'OTHER VEHICLES', 'TAMA SOMO 250+ 500 9PMNIGHT', '750.00'),
(201848, 57, '2018-06-06', 3, 'TAXI', 'GANGTOK  DIPO TO MG MART TO GANGTOK  DIPO 100+100', '200.00'),
(201848, 57, '2018-06-06', 4, 'PER DIEM@150', '150 8AM TO 1AM', '150.00'),
(201849, 57, '2018-06-06', 1, 'TOTO RICKSHAW', 'OFFICE TO NJP JN  150', '150.00'),
(201849, 57, '2018-06-06', 2, 'OTHER VEHICLES', 'HOTEL TO S PATRO HOME FOR MACHINE DELIVERY AND TRAINING,', '120.00'),
(201849, 57, '2018-06-06', 3, 'BUS', 'S PATRO HOME TO HOTAL THEN AGEN GOING TO S PATRO HOME TO HOTAL NEXT DAY 5+5+5+5+5', '25.00'),
(201849, 57, '2018-06-06', 4, 'RICKSHAW', 'HOTEL TO  SHREE BALAJI TREDRS T0 HOTAL 20+20', '40.00'),
(201849, 57, '2018-06-06', 5, 'TRAIN', '870', '870.00'),
(201849, 57, '2018-06-06', 6, 'HOTEL LODGING', '2DAY 600X2', '1200.00'),
(201849, 57, '2018-06-06', 7, 'PER DIEM@200', '200X2', '400.00'),
(201850, 57, '2018-06-06', 1, 'RICKSHAW', '20+20 SILIGURI OFFICE TO DEMO SIDE TO OFFICE', '40.00'),
(201851, 57, '2018-06-06', 1, 'RICKSHAW', 'OFFICE TO  PERFECT MARKETING TO OFFICE 10+10', '20.00'),
(201852, 57, '2018-06-06', 1, 'RICKSHAW', '20+10 OFFICE TO PERFECT MARKETING TO OFFICE', '30.00'),
(201853, 55, '2018-06-07', 1, 'WATER/COFFEE/TEA', '600+500', '1100.00'),
(201854, 55, '2018-06-07', 1, 'Biscuit', '35*12', '420.00'),
(201855, 55, '2018-06-07', 1, 'OTHERS', '230', '230.00'),
(201856, 78, '2018-06-07', 1, 'TRAIN', 'KOAA-BPC', '95.00'),
(201857, 12, '2018-06-07', 1, 'OTHERS', '8510 + 6660 + 2380', '17550.00'),
(201858, 36, '2018-06-07', 1, 'OTHERS', 'copy power', '200.00'),
(201859, 73, '2018-06-07', 1, 'AUTO', 'Muchi Bazar  To Ahiritolla Ghat(10+7)', '17.00'),
(201859, 73, '2018-06-07', 2, 'LAUNCH & BOAT', 'Ahiritolla Ghat to howrah', '5.00'),
(201859, 73, '2018-06-07', 3, 'TOTO RICKSHAW', 'konnagar to co-op return(10x2x2)', '40.00'),
(201859, 73, '2018-06-07', 4, 'BUS', 'howarh to deshpriya park(2x35)', '70.00'),
(201859, 73, '2018-06-07', 5, 'TAXI', 'deshpriya park to office', '25.00'),
(201860, 53, '2018-06-07', 1, 'BUS', 'kolkata 2 siliguri', '1278.00'),
(201861, 3, '2018-06-08', 1, 'DRIVER', '', '550.00'),
(201861, 3, '2018-06-08', 2, 'FUEL', '', '478.00'),
(201861, 3, '2018-06-08', 3, 'FOOD & REFRESHMENT', '', '781.00'),
(201862, 77, '2018-06-08', 1, 'TRAIN', '80+80', '160.00'),
(201862, 77, '2018-06-08', 2, 'BUS', '14+14', '28.00'),
(201862, 77, '2018-06-08', 3, 'PER DIEM@150', '150', '150.00'),
(201863, 77, '2018-06-08', 1, 'BUS', '89+7+7+89', '192.00'),
(201863, 77, '2018-06-08', 2, 'TOTO RICKSHAW', '40+20+10+15+10+10+10+10+10+10+10+10+10+10+10+10+10+10+10+10+', '235.00'),
(201863, 77, '2018-06-08', 3, 'AUTO', '20+10+20', '50.00'),
(201863, 77, '2018-06-08', 4, 'PER DIEM@150', '150', '150.00'),
(201863, 77, '2018-06-08', 5, 'PER DIEM@200', '200+200', '400.00'),
(201863, 77, '2018-06-08', 6, 'HOTEL LODGING', '400+400', '800.00'),
(201864, 77, '2018-06-08', 1, 'TRAIN', '50+50+30', '130.00'),
(201864, 77, '2018-06-08', 2, 'BUS', '17+17+15+15+', '64.00'),
(201864, 77, '2018-06-08', 3, 'TOTO RICKSHAW', '60+60', '120.00'),
(201864, 77, '2018-06-08', 4, 'HALF PER DIEM@50', '75+75+75', '225.00'),
(201865, 36, '2018-06-08', 1, 'OTHERS', '', '150.00'),
(201866, 78, '2018-06-08', 1, 'BUS', '1597+1602+30+30+30+30', '3319.00'),
(201866, 78, '2018-06-08', 2, 'HOTEL LODGING', '2016+6016', '8032.00'),
(201866, 78, '2018-06-08', 16, 'FOOD & REFRESHMENT', '210+120+60+130+158+125+63+188+272+188+261+116+74+333', '2298.00'),
(201866, 78, '2018-06-08', 17, 'TOTO RICKSHAW', '30+30+10+10+10+10+10+10+10+10+10+10+10+20+20+10+10+10+10+10+10+10+10+30', '260.00'),
(201866, 78, '2018-06-08', 18, 'RICKSHAW', '40', '40.00'),
(201867, 100, '2018-06-08', 1, 'RICKSHAW', 'home to dumdum(30)+station to hotel(60)+hotel to station(60)+to home(30)', '180.00'),
(201867, 100, '2018-06-08', 2, 'METRO', 'dumdum to sadan(15)+sadan to dumdum(15)', '30.00'),
(201867, 100, '2018-06-08', 3, 'TAXI', 'exide to santragachi(178)+santragachi to exide(96)', '274.00'),
(201867, 100, '2018-06-08', 4, 'TRAIN', 'to bankura(95)+tosrijam(30)+to Bankura(30)+to howrah(115)', '270.00'),
(201867, 100, '2018-06-08', 5, 'HOTEL LODGING', '2 days', '1700.00'),
(201867, 100, '2018-06-08', 6, 'PER DIEM@200', '05/06/2017+06/6/2018', '400.00'),
(201867, 100, '2018-06-08', 7, 'PER DIEM@150', '07/06/2018', '150.00'),
(201866, 78, '2018-06-08', 19, 'METRO', '10+10', '20.00'),
(201866, 78, '2018-06-08', 20, 'OTHERS', 'FOOD WITHOUT BILL (100+35+50+80)', '265.00'),
(201866, 78, '2018-06-08', 21, 'TRAIN', 'TICKET CANCELLATION CHARGE', '65.00'),
(201868, 78, '2018-06-08', 1, 'TRAIN', '25+10+5+15+10', '65.00'),
(201868, 78, '2018-06-08', 2, 'BUS', '8+8+8+8+8+8', '48.00'),
(201868, 78, '2018-06-08', 3, 'TOTO RICKSHAW', '10+10+10+10+10+10+10+10', '80.00'),
(201868, 78, '2018-06-08', 4, 'PER DIEM@150', '150 * 3 DAYS', '450.00'),
(201869, 74, '2018-06-08', 1, 'RICKSHAW', '18+18', '36.00'),
(201869, 74, '2018-06-08', 2, 'TRAIN', '95+155', '250.00'),
(201869, 74, '2018-06-08', 3, 'TAXI', '260', '260.00'),
(201869, 74, '2018-06-08', 4, 'BUS', '8+6', '14.00'),
(201869, 74, '2018-06-08', 5, 'METRO', '15', '15.00'),
(201869, 74, '2018-06-08', 6, 'PER DIEM@150', '150', '150.00'),
(201870, 36, '2018-06-08', 1, 'COURIER CHARGES', 'DTDC', '150.00'),
(201871, 36, '2018-06-11', 1, 'Sugar', '', '160.00'),
(201871, 36, '2018-06-11', 2, 'Milk', '', '700.00'),
(201871, 36, '2018-06-11', 3, 'OTHERS', 'vimber,tide', '40.00'),
(201872, 36, '2018-06-11', 1, 'COURIER CHARGES', '', '550.00'),
(201873, 49, '2018-06-12', 1, 'BUS', '', '260.00'),
(201873, 49, '2018-06-12', 2, 'TRAIN', '', '930.00'),
(201873, 49, '2018-06-12', 3, 'FUEL', '', '650.00'),
(201873, 49, '2018-06-12', 4, 'AUTO', '20+20+20+20', '80.00'),
(201873, 49, '2018-06-12', 5, 'RICKSHAW', '', '60.00'),
(201873, 49, '2018-06-12', 6, 'HALF PER DIEM@50', 'Six days', '300.00'),
(201873, 49, '2018-06-12', 7, 'PARKING', '', '30.00'),
(201874, 49, '2018-06-12', 1, 'TRAIN', '', '1490.00'),
(201875, 104, '2018-06-12', 1, 'TRAIN', 'NASIBPUR-CHANDANNAGAR (UP DOWN)', '10.00'),
(201875, 104, '2018-06-12', 2, 'TOTO RICKSHAW', 'CHANDANNAGAR-JARURA@10 (UP DOWN)', '20.00'),
(201875, 104, '2018-06-12', 3, 'HALF PER DIEM@50', '50 * 1 DAYS', '50.00'),
(201876, 104, '2018-06-12', 1, 'TRAIN', 'NASIBPUR-MEMARI @15 (22 TIMES)', '330.00'),
(201876, 104, '2018-06-12', 2, 'BUS', 'MEMARI-GOPE GANTER @6 (22 TIMES)', '132.00'),
(201876, 104, '2018-06-12', 3, 'TOTO RICKSHAW', 'MEMARI-AXIS BANK @10 (UP DOWN)', '20.00'),
(201876, 104, '2018-06-12', 4, 'HALF PER DIEM@50', '50 * 11 DAYS', '550.00'),
(201877, 113, '2018-06-12', 1, 'TRAIN', 'Chasroad - Jhalda 6 Times', '60.00'),
(201877, 113, '2018-06-12', 2, 'BUS', 'Kolkata - Purulia (Up Down), Chasroad - Jhalda (Up Down 8 Times), Jhalda - Brajapur (Up Down 7 Times)', '460.00'),
(201877, 113, '2018-06-12', 3, 'AUTO', 'Jhalda - Brajapur (7 Times)', '140.00'),
(201877, 113, '2018-06-12', 4, 'PER DIEM@100', '7 Days', '700.00'),
(201878, 36, '2018-06-12', 1, 'OTHERS', 'sweet', '561.00'),
(201879, 78, '2018-06-13', 1, 'TRAIN', '5+25', '30.00'),
(201879, 78, '2018-06-13', 2, 'BUS', '8+8', '16.00'),
(201879, 78, '2018-06-13', 3, 'TOTO RICKSHAW', '10+10', '20.00'),
(201879, 78, '2018-06-13', 4, 'PER DIEM@150', '', '150.00'),
(201880, 51, '2018-06-13', 1, 'TRAIN', '87+(505-430)', '162.00'),
(201880, 51, '2018-06-13', 2, 'BUS', '28+28+28', '84.00'),
(201880, 51, '2018-06-13', 3, 'OTHER VEHICLES', '30 * 8', '240.00'),
(201880, 51, '2018-06-13', 4, 'AUTO', 'barasat to bkp (20) ', '20.00'),
(201880, 51, '2018-06-13', 5, 'HOTEL LODGING', '4800', '4800.00'),
(201880, 51, '2018-06-13', 6, 'PER DIEM@200', '6 nights (1 saturday)', '1400.00'),
(201880, 51, '2018-06-13', 7, 'HALF PER DIEM@50', '13/06/2018', '75.00'),
(201880, 51, '2018-06-13', 8, 'METRO', 'dumdum to rabindra saravar', '15.00'),
(201880, 51, '2018-06-13', 9, 'RICKSHAW', 'home to stand(20) + hotel to station(30) + 10', '60.00'),
(201881, 19, '2018-06-13', 1, 'TAXI', '459+437', '896.00'),
(201881, 19, '2018-06-13', 2, 'FOOD & REFRESHMENT', 'tiffen sukanta da me,', '80.00'),
(201882, 53, '2018-06-13', 1, 'BUS', 'BUS TICKET MALDA TO KOLKATA', '294.00'),
(201883, 1, '2018-06-13', 1, 'FOOD & REFRESHMENT', 'Dinner with Vendor & clinets including Tips', '10200.00'),
(201884, 51, '2018-06-13', 1, 'BUS', '(15+16)+20', '51.00'),
(201884, 51, '2018-06-13', 2, 'RICKSHAW', 'home to stand return (40) ', '40.00'),
(201884, 51, '2018-06-13', 3, 'AUTO', 'dhulagarg to bank (9+9)', '18.00'),
(201884, 51, '2018-06-13', 4, 'PER DIEM@150', '8 am to 10pm', '150.00'),
(201884, 51, '2018-06-13', 5, 'TAXI', 'shuttle (airport 3 no to barasat)', '20.00'),
(201885, 12, '2018-06-13', 1, 'TAXI', '400 + 225 + 180 ', '805.00'),
(201886, 53, '2018-06-14', 1, 'BUS', 'malda to kolkata', '294.00'),
(201887, 38, '2018-06-14', 1, 'TRAIN', '', '30.00'),
(201887, 38, '2018-06-14', 2, 'OTHERS', 'LUNCH', '50.00'),
(201887, 38, '2018-06-14', 3, 'TOTO RICKSHAW', '', '20.00'),
(201888, 3, '2018-06-14', 1, 'FUEL', '', '1446.00'),
(201888, 3, '2018-06-14', 2, 'CUSTOMER REFRESHMENT', '', '4000.00'),
(201888, 3, '2018-06-14', 3, 'FOOD & REFRESHMENT', '', '399.00'),
(201888, 3, '2018-06-14', 4, 'DRIVER', '', '750.00'),
(201888, 3, '2018-06-14', 5, 'TOLL TAX', '', '1200.00'),
(201889, 3, '2018-06-14', 1, 'TOLL TAX', 'Aritra\'s car', '500.00'),
(201890, 3, '2018-06-14', 1, 'FOOD & REFRESHMENT', '', '2063.00'),
(201890, 3, '2018-06-14', 2, 'TAXI', '', '231.00'),
(201890, 3, '2018-06-14', 3, 'WATER/COFFEE/TEA', '', '30.00'),
(201890, 3, '2018-06-14', 4, 'TOTO RICKSHAW', '', '120.00'),
(201890, 3, '2018-06-14', 5, 'RICKSHAW', '', '30.00'),
(201890, 3, '2018-06-14', 6, 'TOLL TAX', '', '70.00'),
(201890, 3, '2018-06-14', 7, 'CAR RENT', '', '1800.00'),
(201891, 3, '2018-06-14', 1, 'Gift for Customer', '', '4340.00'),
(201891, 3, '2018-06-14', 2, 'FOOD & REFRESHMENT', '', '1270.00'),
(201892, 3, '2018-06-14', 1, 'Advertisement', '', '2137.00'),
(201893, 36, '2018-06-14', 1, 'OTHERS', '650+300', '950.00'),
(201894, 36, '2018-06-14', 1, 'OTHERS', 'D.A\r\n', '46.00'),
(201895, 19, '2018-06-14', 1, 'FUEL', '', '1403.00'),
(201896, 72, '2018-06-15', 1, 'RICKSHAW', '20+25', '45.00'),
(201896, 72, '2018-06-15', 2, 'AUTO', '10+10', '20.00'),
(201896, 72, '2018-06-15', 3, 'TRAIN', '20', '20.00'),
(201896, 72, '2018-06-15', 4, 'VAN', '10+10', '20.00'),
(201896, 72, '2018-06-15', 5, 'PER DIEM@150', '150', '150.00'),
(201897, 72, '2018-06-15', 1, 'RICKSHAW', '25+30', '55.00'),
(201897, 72, '2018-06-15', 2, 'AUTO', '10+10+7', '27.00'),
(201897, 72, '2018-06-15', 3, 'BUS', '120(garia to nandakumar)+20+20+12+12+9', '193.00'),
(201897, 72, '2018-06-15', 4, 'METRO', '15', '15.00'),
(201897, 72, '2018-06-15', 5, 'PER DIEM@150', '150', '150.00'),
(201897, 72, '2018-06-15', 6, 'OTHER VEHICLES', '100(private  car)', '100.00'),
(201898, 55, '2018-06-15', 1, 'HALF PER DIEM@50', '50', '50.00'),
(201899, 101, '2018-06-15', 1, 'TOTO RICKSHAW', '(rathbari-flat)@2days= 5+5', '10.00'),
(201899, 101, '2018-06-15', 2, 'PER DIEM@200', '2days', '400.00'),
(2018100, 101, '2018-06-15', 1, 'TOTO RICKSHAW', 'FLAT-RATHBARI=5', '5.00'),
(2018100, 101, '2018-06-15', 2, 'BUS', 'MALDA-PAKUA=29, PAKUA-nalagola=15, Nalagola- Balurghat=40, Balurghat-TRIMOHINI=15', '99.00'),
(2018100, 101, '2018-06-15', 3, 'AUTO', 'ADADANGA-PAKUA=15', '15.00'),
(2018100, 101, '2018-06-15', 4, 'PER DIEM@200', '1SATURDAY', '400.00'),
(2018101, 101, '2018-06-15', 1, 'BUS', 'Trimohini-tapan=35, \r\ntapan-vikahar=10,\r\n nalagola-pakua=15,\r\n pakua-malda-29', '89.00'),
(2018101, 101, '2018-06-15', 2, 'AUTO', 'vikahar-nalagola=10', '10.00'),
(2018101, 101, '2018-06-15', 3, 'TOTO RICKSHAW', 'RATHBARI-FLAT', '5.00'),
(2018101, 101, '2018-06-15', 4, 'PER DIEM@200', '1DAY', '200.00'),
(2018102, 101, '2018-06-15', 1, 'TOTO RICKSHAW', '(FLAT-RATHBARI(R))-5+5', '10.00'),
(2018102, 101, '2018-06-15', 2, 'BUS', 'MALDA-BUNIADPUR(R)=70+45', '115.00'),
(2018102, 101, '2018-06-15', 3, 'PER DIEM@200', '1 DAY', '200.00'),
(2018103, 101, '2018-06-15', 1, 'TOTO RICKSHAW', '(FLAT-RATHBARI(R))=5+5, (golapganj-skus(R))=5+5', '20.00'),
(2018103, 101, '2018-06-15', 2, 'BUS', '(MALDA-BALIADANGA(R))-20+20', '40.00'),
(2018103, 101, '2018-06-15', 3, 'MAGIC CAR', '(baliadanga-golapganj(R))-15+15', '30.00'),
(2018103, 101, '2018-06-15', 4, 'PER DIEM@200', '1DAY', '200.00'),
(201899, 101, '2018-06-15', 22, 'PER DIEM@150', 'TRAVEL IN BUS (06/06/2018)', '150.00'),
(2018104, 101, '2018-06-15', 1, 'MAGIC CAR', '(Malda- mathurapur)=25+25', '50.00'),
(2018104, 101, '2018-06-15', 2, 'TOTO RICKSHAW', '(FLAT-RATHBARI(R))=5+5, (MATHURAPUR-GHAT(R)-5+5, (FLAT-STATE BUS STAND@2PERSON)-15+15', '50.00'),
(2018104, 101, '2018-06-15', 3, 'PER DIEM@200', '1DAY', '200.00'),
(2018104, 101, '2018-06-15', 4, 'AUTO', '(1NO-NAGERBAZAR)-7, (NAGER BAZAR-DUMDUM STN)-7', '14.00'),
(2018104, 101, '2018-06-15', 5, 'RICKSHAW', 'DDJ-ROOM', '20.00'),
(2018105, 30, '2018-06-15', 1, 'TRAIN', '', '30.00'),
(2018105, 30, '2018-06-15', 2, 'TOTO RICKSHAW', '', '50.00'),
(2018105, 30, '2018-06-15', 3, 'BUS', '', '20.00'),
(2018105, 30, '2018-06-15', 4, 'FOOD & REFRESHMENT', 'lunch', '120.00'),
(2018105, 30, '2018-06-15', 5, 'WATER/COFFEE/TEA', '20+20', '40.00'),
(2018106, 55, '2018-06-18', 1, 'OTHERS', 'birthday for arunansha', '740.00'),
(2018107, 55, '2018-06-18', 1, 'Biscuit', '35*12', '420.00'),
(2018108, 3, '2018-06-18', 1, 'FUEL', '', '650.00'),
(2018108, 3, '2018-06-18', 2, 'FOOD & REFRESHMENT', '', '170.00'),
(2018108, 3, '2018-06-18', 3, 'DRIVER', '', '800.00'),
(2018109, 66, '2018-06-18', 1, 'TRAIN', 'DEBIPUR(RETURN)', '40.00'),
(2018109, 66, '2018-06-18', 3, 'BUS', '14', '14.00'),
(2018109, 66, '2018-06-18', 4, 'HALF PER DIEM@50', '75', '75.00'),
(2018110, 66, '2018-06-18', 1, 'TRAIN', 'MEMARI RETURN ', '50.00'),
(2018110, 66, '2018-06-18', 2, 'HALF PER DIEM@50', '', '75.00'),
(2018110, 66, '2018-06-18', 3, 'OTHER VEHICLES', '30+30+10+10', '80.00'),
(2018109, 66, '2018-06-18', 23, 'OTHER VEHICLES', '50', '50.00'),
(2018111, 87, '2018-06-18', 1, 'BUS', 'ARAMBAGH-GANESHPUR RETURN @37(74*2)', '148.00'),
(2018111, 87, '2018-06-18', 2, 'PER DIEM@150', '2 DAYS @150(7.30 AM-8.30 PM)', '300.00'),
(2018112, 87, '2018-06-18', 1, 'TOTO RICKSHAW', 'HOME-GOGHAT RETURN 2DAYS(@10*3)+ STAM-DEBIPUR (@15*2)+STN-BIRHATA(@10)', '70.00'),
(2018112, 87, '2018-06-18', 2, 'TRAIN', 'GOGHAT-DEBIPUR RETURN 1 DAY(@60)+GOGHAT-DEBIPUR@30+DEBIPUR-BURDWAN@10', '100.00'),
(2018112, 87, '2018-06-18', 3, 'AUTO', 'DEBIPUR-STATION@10*2', '20.00'),
(2018112, 87, '2018-06-18', 4, 'BUS', 'BURDWAN-ARAMBAGH@30+ARAMBAGH-HOME@10', '40.00'),
(2018112, 87, '2018-06-18', 5, 'PER DIEM@150', '2 DAYS 6.30 AM- 8.00 PM', '300.00'),
(2018113, 87, '2018-06-18', 1, 'TOTO RICKSHAW', 'HOME-BUSTAND  RETURN@20+JHALDA-HOSPITAL MORE@10+LODGE-JHALDA-BUSSTAND RETURN@20+JHALDA-STATION@10', '60.00'),
(2018113, 87, '2018-06-18', 2, 'BUS', 'MODINA-BISHNUPUR RETURN@35*2=70+PURULIA-JHALDA@40+ARAMBAGH-EXIDE@75', '185.00'),
(2018113, 87, '2018-06-18', 3, 'AUTO', '5 DAYS HOSPITALMORE-BRAJAPUR@40', '200.00'),
(2018113, 87, '2018-06-18', 4, 'METRO CARD', 'EXIDE-OFF', '5.00'),
(2018113, 87, '2018-06-18', 5, 'PRINTING & LAMINATION', 'BILL PRINTING', '10.00'),
(2018113, 87, '2018-06-18', 6, 'TRAIN', 'BISHNUPUR-PURULIA@70+JHALDA-BISHNUPUR@35', '105.00'),
(2018113, 87, '2018-06-18', 7, 'HOTEL LODGING', '4 DAYS@300', '1200.00'),
(2018113, 87, '2018-06-18', 8, 'PER DIEM@200', '5 DAYS', '1000.00'),
(2018113, 87, '2018-06-18', 9, 'RICKSHAW', 'BISHNUPUR BUSTAND-STATION RETURN @15', '30.00'),
(2018114, 36, '2018-06-18', 1, 'OTHERS', '227+70', '297.00'),
(2018115, 84, '2018-06-19', 1, 'AUTO', '10+10+12+12', '44.00'),
(2018115, 84, '2018-06-19', 2, 'BUS', '14+14', '28.00'),
(2018115, 84, '2018-06-19', 3, 'TRAIN', '10+10', '20.00'),
(2018115, 84, '2018-06-19', 4, 'PER DIEM@150', '150', '150.00'),
(2018116, 84, '2018-06-19', 1, 'BUS', '12+12+10+10', '44.00'),
(2018116, 84, '2018-06-19', 2, 'AUTO', '15+15', '30.00'),
(2018116, 84, '2018-06-19', 3, 'TRAIN', '95+95', '190.00'),
(2018116, 84, '2018-06-19', 4, 'PER DIEM@150', '150', '150.00'),
(2018117, 19, '2018-06-19', 1, 'TOLL TAX', '10+10', '20.00'),
(2018117, 19, '2018-06-19', 2, 'BUS', '', '20.00'),
(2018117, 19, '2018-06-19', 3, 'RICKSHAW', '', '25.00'),
(2018117, 19, '2018-06-19', 4, 'TAXI', 'P.G TO HOME', '157.00'),
(2018117, 19, '2018-06-19', 5, 'FOOD & REFRESHMENT', 'LUNCH 3361+20', '3381.00'),
(2018118, 115, '2018-06-19', 1, 'METRO', '15+15', '30.00'),
(2018118, 115, '2018-06-19', 2, 'AUTO', '8+8+6+6+8+8+8+8', '60.00'),
(2018119, 115, '2018-06-19', 1, 'BUS', '150+150+16+16', '332.00'),
(2018119, 115, '2018-06-19', 24, 'PER DIEM@150', '150', '150.00'),
(2018120, 77, '2018-06-19', 1, 'TRAIN', '85+35', '120.00'),
(2018120, 77, '2018-06-19', 2, 'AUTO', '9+9', '18.00'),
(2018120, 77, '2018-06-19', 3, 'PER DIEM@150', '150', '150.00'),
(2018121, 115, '2018-06-19', 1, 'BUS', '8+17+25+25', '75.00'),
(2018121, 115, '2018-06-19', 2, 'AUTO', '8+8', '16.00'),
(2018121, 115, '2018-06-19', 3, 'HALF PER DIEM@50', '75', '75.00'),
(2018122, 115, '2018-06-19', 1, 'METRO', '15+15+5+5', '40.00'),
(2018123, 73, '2018-06-19', 1, 'TRAIN', 'Bidhannagar to Kankinara Return', '20.00'),
(2018123, 73, '2018-06-19', 2, 'AUTO', 'muchi Bazar to BidhanNagar return', '12.00'),
(2018123, 73, '2018-06-19', 3, 'VAN', 'Kankinara to Co-op return', '40.00'),
(2018124, 55, '2018-06-20', 1, 'OTHERS', '141', '141.00'),
(2018125, 55, '2018-06-20', 1, 'OTHERS', '134', '134.00'),
(2018126, 36, '2018-06-20', 1, 'Sugar', '', '168.00'),
(2018126, 36, '2018-06-20', 2, 'Milk', '', '700.00'),
(2018126, 36, '2018-06-20', 3, 'OTHERS', 'cotton/battery/etc', '62.00'),
(2018127, 55, '2018-06-20', 1, 'OTHERS', '782', '782.00'),
(2018128, 55, '2018-06-21', 1, 'WATER/COFFEE/TEA', '1100', '1100.00'),
(2018129, 53, '2018-06-21', 1, 'BUS', 'Bus Ticket Siliguri to kolkata', '1278.00'),
(2018130, 66, '2018-06-21', 1, 'BUS', '430+410+10+15', '865.00'),
(2018130, 66, '2018-06-21', 2, 'PER DIEM@150', '150', '150.00'),
(2018131, 90, '2018-06-22', 1, 'METRO', 'Rabindra sarobar to chadni chowk and vice versa', '20.00'),
(2018132, 74, '2018-06-22', 1, 'BUS', '45+45+10', '100.00'),
(2018132, 74, '2018-06-22', 2, 'RICKSHAW', '18+18', '36.00'),
(2018132, 74, '2018-06-22', 3, 'TAXI', '270', '270.00'),
(2018132, 74, '2018-06-22', 4, 'TOTO RICKSHAW', '20+20', '40.00'),
(2018132, 74, '2018-06-22', 5, 'MAGIC CAR', '12+12', '24.00'),
(2018132, 74, '2018-06-22', 6, 'TRAIN', '65+25', '90.00'),
(2018132, 74, '2018-06-22', 7, 'PER DIEM@150', '150', '150.00'),
(2018132, 74, '2018-06-22', 25, 'METRO', '10', '10.00'),
(2018135, 36, '2018-06-22', 1, 'Select', '105+12', '117.00'),
(2018134, 84, '2018-06-22', 1, 'AUTO', '6+6+13+12+6+12+10+9+10+12', '96.00'),
(2018134, 84, '2018-06-22', 2, 'METRO', '5+10+5', '20.00'),
(2018134, 84, '2018-06-22', 3, 'BUS', '16+16+7+7', '46.00'),
(2018136, 74, '2018-06-22', 1, 'RICKSHAW', '18', '18.00'),
(2018136, 74, '2018-06-22', 2, 'METRO', '10+5', '15.00'),
(2018136, 74, '2018-06-22', 3, 'BUS', '14+14+10+10', '48.00'),
(2018136, 74, '2018-06-22', 4, 'HALF PER DIEM@50', '75', '75.00'),
(2018137, 74, '2018-06-22', 1, 'RICKSHAW', '18', '18.00'),
(2018137, 74, '2018-06-22', 2, 'METRO', '10+10', '20.00'),
(2018137, 74, '2018-06-22', 3, 'BUS', '10+10+7+7', '34.00'),
(2018137, 74, '2018-06-22', 4, 'TRAIN', '15+15', '30.00'),
(2018137, 74, '2018-06-22', 5, 'HALF PER DIEM@50', '75', '75.00'),
(2018122, 115, '2018-06-22', 26, 'AUTO', '7+7+10+10+7+7', '48.00'),
(2018138, 73, '2018-06-22', 1, 'TAXI', 'ESPLANADE TO HIGHCOURT', '40.00'),
(2018138, 73, '2018-06-22', 2, 'AUTO', 'MUCHI BAZAR TO SOBHA BAZAR METRO RETURN', '24.00'),
(2018138, 73, '2018-06-22', 3, 'METRO', 'SOBHA BAZAR TO ESPLANADE RETURN', '10.00'),
(2018138, 73, '2018-06-22', 4, 'BUS', 'HIGHCOURT TO ESPLANADE', '7.00'),
(2018139, 73, '2018-06-22', 1, 'AUTO', 'MUCHI BAZAR TO AHIRITOLLA GHAT RETURN', '32.00'),
(2018139, 73, '2018-06-22', 2, 'LAUNCH & BOAT', 'AHIRITOLLA TO HOWRAH RETURN', '12.00'),
(2018139, 73, '2018-06-22', 3, 'TRAIN', 'HOWRAH TO KONNAGAR RETURN', '10.00'),
(2018139, 73, '2018-06-22', 4, 'TOTO RICKSHAW', 'KONNAGAR TO CO-OP RETURN', '20.00'),
(2018140, 73, '2018-06-22', 1, 'AUTO', 'MUCHI BAZAR TO SOBHA BAZAR ', '12.00'),
(2018140, 73, '2018-06-22', 2, 'METRO', 'SOBHA BAZAR TO TOLLUGANJ AND TO SAROBAR', '20.00'),
(2018122, 115, '2018-06-22', 27, 'BUS', '7+8+8+8+13+12+8+8', '72.00'),
(2018122, 115, '2018-06-22', 28, 'RICKSHAW', '15+15', '30.00'),
(2018141, 74, '2018-06-22', 1, 'OTHERS', '130+130+500+250+50+450+250+30+550', '2380.00'),
(2018141, 74, '2018-06-22', 2, 'BUS', '10+7+8+10', '35.00'),
(2018142, 114, '2018-06-24', 1, 'BUS', 'MALIGAON TO JALUKBARI(GUWAHATI TOUR)', '90.00'),
(2018143, 114, '2018-06-24', 1, 'BUS', 'ADABARI-FANCY BAZAR(GUWAHATI TOUR)', '180.00'),
(2018143, 114, '2018-06-24', 2, 'TRAIN', '1. KAMAKHYA STATION -NEW JALPAIGURI\r\n2. NEW JALPAIGURI - KAMAKHYA STATION', '685.00'),
(2018144, 114, '2018-06-24', 1, 'TRAIN', 'KAMAKHYA STATION - NEW JALPAIGURI', '215.00'),
(2018144, 114, '2018-06-24', 2, 'BUS', 'JALPAIGURI to GUWAHATI', '950.00'),
(2018144, 114, '2018-06-24', 3, 'AUTO', 'PALTAN BAZAR, GUWAHATI', '30.00'),
(2018145, 114, '2018-06-24', 1, 'BUS', '1. GUWAHATI TOUR &\r\n2. GUWAHATI  to MANGALDOI', '2220.00'),
(2018142, 114, '2018-06-24', 29, 'AUTO', 'SYNDICATE BANK R.O (2days Visit)', '200.00'),
(2018146, 90, '2018-06-25', 1, 'MOTOR CYCLE', 'BIJOYGARH TO RAJARHAT (25 KMS)AND RAJARHAT TO OFFICE (23 KMS) (48*2.5)', '120.00'),
(2018147, 74, '2018-06-25', 1, 'RICKSHAW', '18+18', '36.00'),
(2018147, 74, '2018-06-25', 2, 'METRO', '10+10', '20.00'),
(2018147, 74, '2018-06-25', 3, 'BUS', '32+15+16+26', '89.00'),
(2018147, 74, '2018-06-25', 4, 'PER DIEM@150', '150', '150.00'),
(2018148, 55, '2018-06-25', 1, 'Biscuit', '35*12', '420.00'),
(2018149, 55, '2018-06-25', 1, 'OTHERS', '135+20', '155.00'),
(2018150, 36, '2018-06-25', 1, 'OTHERS', '60+33', '93.00'),
(2018151, 36, '2018-06-25', 1, 'OTHERS', '', '200.00'),
(2018152, 19, '2018-06-25', 1, 'COURT PAPER', 'KONA TO HOME', '214.00'),
(2018152, 19, '2018-06-25', 2, 'FOOD & REFRESHMENT', 'SUKANTA DA,ME', '556.00'),
(2018153, 12, '2018-06-25', 1, 'TAXI', '30 + 428 + 98 + 304', '860.00'),
(2018154, 55, '2018-06-25', 1, 'OTHERS', '782', '782.00'),
(2018155, 82, '2018-06-26', 1, 'AUTO', '12+12+22+15+15+(25*2)+20', '146.00'),
(2018155, 82, '2018-06-26', 2, 'METRO', '10', '10.00'),
(2018155, 82, '2018-06-26', 3, 'OTHER VEHICLES', 'SUMO(130+130)', '260.00'),
(2018155, 82, '2018-06-26', 4, 'BUS', '16', '16.00'),
(2018155, 82, '2018-06-26', 5, 'PER DIEM@200', '200*14', '2800.00'),
(2018156, 90, '2018-06-26', 1, 'METRO', 'RABINDRA SAROBAR TO ESPLANADE AND VICE VERSA(@10)', '20.00'),
(2018156, 90, '2018-06-26', 2, 'BUS', 'ESPLANADE TO HOWRAH MAIDAN AND VICE VERSA (@9)', '18.00'),
(2018157, 3, '2018-06-26', 1, 'FOOD & REFRESHMENT', '', '8203.00'),
(2018157, 3, '2018-06-26', 2, 'TOTO RICKSHAW', '', '140.00'),
(2018157, 3, '2018-06-26', 3, 'CUSTOMER REFRESHMENT', '', '3600.00'),
(2018157, 3, '2018-06-26', 4, 'CAR RENT', '', '1500.00'),
(2018157, 3, '2018-06-26', 5, 'HOTEL LODGING', '', '3360.00'),
(2018158, 1, '2018-06-26', 1, 'FUEL', '', '2485.00'),
(2018159, 1, '2018-06-26', 1, 'FOOD & REFRESHMENT', 'Dinner with Client', '1100.00'),
(2018160, 36, '2018-06-26', 1, 'OTHERS', 'D.A', '50.00'),
(2018161, 36, '2018-06-26', 1, 'OTHERS', 'SANJOY', '50.00'),
(2018162, 36, '2018-06-26', 1, 'OTHERS', 'SWEET&SNACKS', '336.00'),
(2018163, 55, '2018-06-26', 1, 'OTHERS', '50+30+22+22', '124.00'),
(2018164, 72, '2018-06-27', 1, 'RICKSHAW', '20+10+10+25', '70.00'),
(2018164, 72, '2018-06-27', 2, 'AUTO', '10+7+15+12+10+10+7+10', '81.00'),
(2018164, 72, '2018-06-27', 3, 'BUS', '100(esplanade to nandakumar)+25+15+10+10+10', '172.00'),
(2018164, 72, '2018-06-27', 4, 'METRO', '15+15', '30.00'),
(2018164, 72, '2018-06-27', 5, 'VAN', '10+10', '20.00'),
(2018164, 72, '2018-06-27', 6, 'TOTO RICKSHAW', '100(chandipur to gopinathpur reserve)+10+10+30+10+30+30+10', '230.00'),
(2018164, 72, '2018-06-27', 7, 'PER DIEM@150', '150', '150.00'),
(2018164, 72, '2018-06-27', 8, 'PER DIEM@200', '200', '200.00'),
(2018164, 72, '2018-06-27', 9, 'OTHER VEHICLES', '100(Narghat to Hestings)', '100.00'),
(2018165, 3, '2018-06-27', 1, 'TAXI', 'Confed', '237.00'),
(2018166, 74, '2018-06-27', 1, 'MAGIC CAR', '2310', '2310.00'),
(2018166, 74, '2018-06-27', 2, 'TOLL TAX', '235+40+40', '315.00'),
(2018166, 74, '2018-06-27', 3, 'HALF PER DIEM@50', '75', '75.00'),
(2018167, 19, '2018-06-27', 1, 'PARKING', '25+25+10', '60.00'),
(2018168, 36, '2018-06-27', 1, 'Sugar', '', '168.00'),
(2018168, 36, '2018-06-27', 2, 'Milk', '', '700.00'),
(2018168, 36, '2018-06-27', 3, 'OTHERS', 'vimber,tide,duster', '70.00'),
(2018166, 74, '2018-06-27', 30, 'RICKSHAW', '18', '18.00'),
(2018166, 74, '2018-06-27', 31, 'METRO', '5+10', '15.00'),
(2018169, 110, '2018-06-28', 1, 'HOTEL LODGING', '18/06/18-21/06/18(4278)+21/06/18-22/06/18(1485)', '5763.00'),
(2018169, 110, '2018-06-28', 2, 'TRAIN', 'hwh-bbs(185)+sdah-bt(10)', '195.00'),
(2018169, 110, '2018-06-28', 3, 'TAXI', 'bt-hwh(382)+bbs-hotel(128)+babughat-sdah(30)', '540.00'),
(2018169, 110, '2018-06-28', 4, 'PER DIEM@200', '200*5', '1000.00'),
(2018169, 110, '2018-06-28', 5, 'TOTO RICKSHAW', 'home-taxistand', '20.00'),
(2018169, 110, '2018-06-28', 6, 'BUS', 'barmuda-babughat', '500.00'),
(2018170, 73, '2018-06-28', 1, 'TAXI', 'HOME TO  HIGHCOURT', '100.00'),
(2018170, 73, '2018-06-28', 2, 'BUS', 'HIGHCOURT TO ESPLANADE', '7.00'),
(2018170, 73, '2018-06-28', 3, 'METRO', 'ESPLANADE TO OFFICE', '10.00'),
(2018171, 73, '2018-06-28', 1, 'TAXI', 'HOME TO HIGHCOURT', '100.00'),
(2018171, 73, '2018-06-28', 2, 'BUS', 'HIGHCOURT TO ESPLANADE', '7.00'),
(2018171, 73, '2018-06-28', 3, 'METRO', 'ESPLANADE TO SOBHABAZAR', '5.00'),
(2018171, 73, '2018-06-28', 4, 'AUTO', 'SOBHABAZAR TO MUCHIBAZAR', '12.00'),
(2018172, 104, '2018-06-28', 1, 'TRAIN', 'NASIBPUR-MEMARI @15 (8 TIMES)', '120.00'),
(2018172, 104, '2018-06-28', 2, 'BUS', 'MEMARI-GOPE GANTER @7 (8 TIMES)', '56.00'),
(2018172, 104, '2018-06-28', 3, 'HALF PER DIEM@50', '50 * 4 DAYS', '200.00'),
(2018173, 104, '2018-06-28', 1, 'TRAIN', 'NASIBPUR-ARAMBAG @15 (2 TIMES)', '30.00'),
(2018173, 104, '2018-06-28', 2, 'BUS', 'ARAMBAG- KAMARPARA @60 (2 TIMES)', '120.00'),
(2018173, 104, '2018-06-28', 3, 'TOTO RICKSHAW', 'ARAMBAG-BUS STAND @10 (2 TIMES)', '20.00'),
(2018173, 104, '2018-06-28', 4, 'PER DIEM@150', '150 (8 AM -10 PM)', '150.00'),
(2018174, 113, '2018-06-28', 1, 'AUTO', 'Jadavpuru - Taratola & Taratola - Mollar Gate Up Down 8 Days', '528.00'),
(2018175, 36, '2018-06-28', 1, 'COURIER CHARGES', 'DTDC', '480.00'),
(2018176, 101, '2018-06-29', 1, 'RICKSHAW', 'ROOM-DDJ', '25.00'),
(2018176, 101, '2018-06-29', 2, 'TRAIN', 'DDJ-SDAH=5, HWH-CK ROAD=80', '85.00'),
(2018176, 101, '2018-06-29', 3, 'HOTEL LODGING', '2 DAYS (500*2)', '1000.00'),
(2018176, 101, '2018-06-29', 4, 'BUS', 'SDAH-HWH=9, CK ROAD- CK TOWN(R)=18+18+18+17, CK TOWN-BURAPAT(R)=8+8+8+7', '111.00'),
(2018176, 101, '2018-06-29', 5, 'TOTO RICKSHAW', 'CK ROAD STN-HOTEL=20, HOTEL-BUS STAND(R)=10+10+10+10', '60.00'),
(2018176, 101, '2018-06-29', 32, 'PER DIEM@200', '2 DAYS', '400.00'),
(2018177, 101, '2018-06-29', 1, 'TRAIN', 'CK ROAD-SATRAGACHI=85', '85.00'),
(2018177, 101, '2018-06-29', 2, 'BUS', 'GUIADAHA-CK ROAD=8, SANTRAGACHI-SADAN=11', '19.00'),
(2018177, 101, '2018-06-29', 3, 'TOTO RICKSHAW', 'TORIA SKUS- GUADAHA(RESERVE)=50, CK-ROAD-STATION-10', '10.00'),
(2018177, 101, '2018-06-29', 4, 'PER DIEM@200', '1 DAY', '200.00'),
(2018177, 101, '2018-06-29', 5, 'METRO', 'SADAN- DUMDUM', '15.00'),
(2018177, 101, '2018-06-29', 33, 'RICKSHAW', 'DDJ-ROOM', '20.00'),
(2018178, 74, '2018-06-29', 1, 'RICKSHAW', '18+18', '36.00'),
(2018178, 74, '2018-06-29', 2, 'METRO', '15+5', '20.00'),
(2018178, 74, '2018-06-29', 3, 'TRAIN', '25+25', '50.00'),
(2018178, 74, '2018-06-29', 4, 'AUTO', '28+14', '42.00'),
(2018178, 74, '2018-06-29', 5, 'VAN', '10', '10.00'),
(2018178, 74, '2018-06-29', 6, 'TOTO RICKSHAW', '20', '20.00'),
(2018178, 74, '2018-06-29', 7, 'PER DIEM@150', '150', '150.00'),
(2018179, 74, '2018-06-29', 1, 'BUS', '', '155.00'),
(2018179, 74, '2018-06-29', 2, 'METRO', '', '185.00'),
(2018179, 74, '2018-06-29', 3, 'VAN', '', '30.00'),
(2018179, 74, '2018-06-29', 4, 'RICKSHAW', '', '72.00'),
(2018179, 74, '2018-06-29', 5, 'AUTO', '', '157.00'),
(2018180, 84, '2018-06-29', 1, 'BUS', '20+7+7+7', '41.00'),
(2018180, 84, '2018-06-29', 2, 'METRO', '10+10+10', '30.00'),
(2018181, 87, '2018-06-30', 1, 'BUS', 'OFF-ARAMBAGH(80)+ARAMBAGH-PURULIA(135)+PURULIA-JHALDA(35)', '250.00'),
(2018181, 87, '2018-06-30', 2, 'AUTO', 'JHALDA-JARGO RETURN(15*2=30)', '30.00'),
(2018181, 87, '2018-06-30', 3, 'TOTO RICKSHAW', 'BIRSA MORE-HOTEL', '10.00'),
(2018181, 87, '2018-06-30', 4, 'HOTEL LODGING', '@300 PER DAY', '300.00'),
(2018181, 87, '2018-06-30', 5, 'PER DIEM@200', '1 DAY STAY AT JHALDA', '200.00'),
(2018182, 87, '2018-06-30', 1, 'AUTO', 'HOSPITAL MORE-BRAJAPUR RETURN @(20*4)', '80.00'),
(2018182, 87, '2018-06-30', 2, 'HOTEL LODGING', '@ 300 PER DAY(300*2 DAYS)', '600.00'),
(2018182, 87, '2018-06-30', 3, 'PER DIEM@200', '2 DAYS IN JHALDA HOTEL', '400.00'),
(2018183, 87, '2018-06-30', 1, 'BUS', 'JHALDA-KOTSHILA RETURN @25', '50.00'),
(2018183, 87, '2018-06-30', 2, 'TOTO RICKSHAW', 'HOTEL-JHALDA BUSTAND(@10)', '20.00'),
(2018183, 87, '2018-06-30', 3, 'HOTEL LODGING', '@300', '300.00'),
(2018183, 87, '2018-06-30', 4, 'PER DIEM@200', '1 DAY IN JHALDA', '200.00'),
(2018184, 87, '2018-06-30', 1, 'BUS', 'JHALDA-PURULIA(35)+PURULIA-BARAGRAM(35)+BARAGRAM-ADRA(25+10)+ARAMBAGH-OFF(85)', '190.00'),
(2018184, 87, '2018-06-30', 2, 'TRAIN', 'ADRA-BHISNUPUR', '60.00'),
(2018184, 87, '2018-06-30', 3, 'TOTO RICKSHAW', 'ADRA BUSTAND-STATION', '10.00'),
(2018184, 87, '2018-06-30', 4, 'PER DIEM@150', 'FROM 5 .30 AM- 8.30 PM', '150.00'),
(2018184, 87, '2018-06-30', 5, 'METRO CARD', 'PARK STREET - RABINDRA SAROBOR', '10.00'),
(2018185, 115, '2018-07-02', 1, 'METRO', '10+10', '20.00'),
(2018186, 55, '2018-07-02', 1, 'OTHERS', '50', '50.00'),
(2018187, 36, '2018-07-02', 1, 'COURIER CHARGES', 'DTDC', '1115.00'),
(2018188, 36, '2018-07-02', 1, 'OTHERS', 'D.A', '46.00'),
(2018189, 78, '2018-07-02', 1, 'TRAIN', '50+85+25+10+25+60+60+25', '340.00'),
(2018189, 78, '2018-07-02', 2, 'BUS', '20', '20.00'),
(2018189, 78, '2018-07-02', 3, 'HOTEL LODGING', '700', '700.00'),
(2018189, 78, '2018-07-02', 34, 'PER DIEM@200', '2 days @200/-', '400.00'),
(2018189, 78, '2018-07-02', 35, 'PER DIEM@150', '4 days @150/-', '600.00'),
(2018189, 78, '2018-07-02', 36, 'RICKSHAW', '20', '20.00'),
(2018189, 78, '2018-07-02', 37, 'TOTO RICKSHAW', '10+10+10+10+50+20+10+10', '130.00'),
(2018190, 38, '2018-07-03', 1, 'TRAIN', '30*2days', '60.00'),
(2018190, 38, '2018-07-03', 2, 'TOTO RICKSHAW', '20*2days', '40.00'),
(2018190, 38, '2018-07-03', 3, 'FOOD & REFRESHMENT', '50*2days', '100.00'),
(2018191, 12, '2018-07-03', 1, 'OTHERS', '7530+9080+2620', '19230.00'),
(2018192, 12, '2018-07-03', 1, 'TELEPHONE CHARGES', '952', '952.00'),
(2018193, 107, '2018-07-03', 1, 'OTHER VEHICLES', 'HOME TO PANSKURA STN(6DAYS)@30+BALICHAK TO TEMATHANI(6DAYS)@30+TEMATHANI TO NARMASKUS(6DAYS)@20', '480.00'),
(2018193, 107, '2018-07-03', 2, 'TRAIN', 'PANSKURA TO BALICHAK(6 DAY)@10', '60.00'),
(2018193, 107, '2018-07-03', 3, 'PER DIEM@150', '6DAYS', '900.00'),
(2018194, 74, '2018-07-03', 1, 'RICKSHAW', '18+18', '36.00'),
(2018194, 74, '2018-07-03', 2, 'AUTO', '8+8+8+8', '32.00'),
(2018194, 74, '2018-07-03', 3, 'XE-ROX', '2PIS= 20', '20.00'),
(2018194, 74, '2018-07-03', 4, 'TRAIN', '6+6', '12.00'),
(2018194, 74, '2018-07-03', 5, 'METRO', '10+10', '20.00'),
(2018194, 74, '2018-07-03', 6, 'BUS', '9+9', '18.00'),
(2018194, 74, '2018-07-03', 7, 'HALF PER DIEM@50', '75', '75.00'),
(2018195, 36, '2018-07-03', 1, 'OTHERS', '', '132.00'),
(2018196, 36, '2018-07-03', 1, 'OTHERS', 'MIO AMORE', '46.00'),
(2018197, 19, '2018-07-04', 1, 'TAXI', '206+199', '405.00'),
(2018197, 19, '2018-07-04', 2, 'BUS', '360+450', '810.00'),
(2018197, 19, '2018-07-04', 3, 'AUTO', '80+40', '120.00'),
(2018197, 19, '2018-07-04', 4, 'FOOD & REFRESHMENT', '55+35', '90.00'),
(2018197, 19, '2018-07-04', 5, 'WATER', '20+20', '40.00'),
(2018198, 3, '2018-07-04', 1, 'FUEL', '', '1894.00'),
(2018198, 3, '2018-07-04', 2, 'DRIVER', '2 days', '1200.00'),
(2018198, 3, '2018-07-04', 3, 'FOOD & REFRESHMENT', '2 days', '150.00'),
(2018198, 3, '2018-07-04', 4, 'TOLL TAX', '', '300.00'),
(2018199, 55, '2018-07-04', 1, 'Biscuit', '35*12', '420.00'),
(2018200, 55, '2018-07-04', 1, 'OTHERS', '35*3', '105.00'),
(2018201, 55, '2018-07-04', 1, 'OTHERS', '50', '50.00'),
(2018202, 32, '2018-07-04', 1, 'TAXI', 'Sealdah to Bally C.Road', '171.00'),
(2018202, 32, '2018-07-04', 2, 'BUS', '', '14.00'),
(2018202, 32, '2018-07-04', 3, 'TRAIN', 'DDC - SDAH', '5.00'),
(2018202, 32, '2018-07-04', 4, 'AUTO', 'Ranikuthi - Sreecolony', '25.00'),
(2018203, 55, '2018-07-04', 1, 'OTHERS', '120', '120.00'),
(2018204, 80, '2018-07-04', 1, 'TRAIN', '20+30+85+85+20+50+85+85+30', '490.00'),
(2018204, 80, '2018-07-04', 2, 'AUTO', '7+7+7+7+7+7+7+7+7+7', '70.00'),
(2018204, 80, '2018-07-04', 3, 'HALF PER DIEM@50', '75(Belmuri SKUS)+75(Boinchi CADP)+75(Arambagh ARDB)+75(Burdwan CCB)+75(Boinchi CADP)', '375.00'),
(2018204, 80, '2018-07-04', 4, 'PER DIEM@150', '150(Raniganj)+150(DRMS Lams)', '300.00'),
(2018204, 80, '2018-07-04', 5, 'RICKSHAW', '30+20+20+30', '100.00'),
(2018204, 80, '2018-07-04', 6, 'BUS', '10+10+45+45', '110.00'),
(2018205, 80, '2018-07-04', 1, 'OTHERS', 'Tatkal Passport Charges', '3500.00'),
(2018206, 80, '2018-07-04', 1, 'TELEPHONE CHARGES', 'Airtel Broadband Payment for (17-Apr-2018 to 16-May-2018)', '2005.00'),
(2018207, 90, '2018-07-05', 1, 'MOTOR CYCLE', 'Office to sanhati ccs(15km)+ sanhati ccs to home(13km)', '70.00'),
(2018208, 105, '2018-07-05', 1, 'RICKSHAW', 'Home to Metro(30) + Metro to Home(30)', '60.00'),
(2018208, 105, '2018-07-05', 2, 'METRO', 'Dum Dum to Esplanade', '10.00'),
(2018208, 105, '2018-07-05', 3, 'BUS', 'Esplanade to Kolatola, Laxmi Narayan Store to Howrah, Howrah to Dum Dum', '80.00'),
(2018208, 105, '2018-07-05', 4, 'AUTO', 'Kolatola to L.N. Store', '20.00'),
(2018208, 105, '2018-07-05', 5, 'PER DIEM@150', '1 Day', '150.00'),
(2018209, 1, '2018-07-05', 1, 'FOOD & REFRESHMENT', '', '6634.00'),
(2018210, 77, '2018-07-05', 1, 'TRAIN', '85+35', '115.00'),
(2018210, 77, '2018-07-05', 2, 'BUS', '15+15', '30.00'),
(2018210, 77, '2018-07-05', 38, 'PER DIEM@150', '150', '150.00'),
(2018211, 77, '2018-07-05', 1, 'TRAIN', '15+15+15+15', '60.00'),
(2018211, 77, '2018-07-05', 2, 'BUS', '18+18+60+35+20', '151.00'),
(2018211, 77, '2018-07-05', 3, 'VAN', '20+20', '40.00'),
(2018211, 77, '2018-07-05', 4, 'HALF PER DIEM@50', '75', '75.00'),
(2018211, 77, '2018-07-05', 5, 'PER DIEM@150', '150', '150.00'),
(2018212, 107, '2018-07-05', 1, 'TRAIN', 'mourigram to howrah(up-down)@5', '10.00'),
(2018212, 107, '2018-07-05', 2, 'BUS', 'howrah to lebutala(up-down)@40', '80.00'),
(2018212, 107, '2018-07-05', 3, 'MAGIC CAR', 'lebutala to asonda khempur skus(up-down)@15', '30.00'),
(2018212, 107, '2018-07-05', 4, 'PER DIEM@150', '1day', '150.00'),
(2018213, 51, '2018-07-05', 1, 'RICKSHAW', 'home to stand return', '40.00'),
(2018213, 51, '2018-07-05', 2, 'TRAIN', 'SEORAPHULLY TO JIRAT RETURN', '20.00'),
(2018213, 51, '2018-07-05', 3, 'AUTO', 'BARASAT TO BKP TO FERRYGHAT RERUN(20+10+10+20)', '60.00'),
(2018213, 51, '2018-07-05', 4, 'OTHER VEHICLES', 'BOAT', '10.00'),
(2018213, 51, '2018-07-05', 5, 'PER DIEM@150', '8.30AM TO 9.45PM', '150.00'),
(2018214, 73, '2018-07-05', 1, 'METRO CARD', 'sarobar to dumdum', '15.00'),
(2018214, 73, '2018-07-05', 2, 'TRAIN', 'dumdum to khardah return', '10.00'),
(2018214, 73, '2018-07-05', 3, 'RICKSHAW', 'Khardah to Bank return', '30.00'),
(2018214, 73, '2018-07-05', 4, 'AUTO', 'bidhannagar to muchi bazar', '6.00'),
(2018215, 115, '2018-07-05', 1, 'BUS', '08+08', '16.00'),
(2018216, 36, '2018-07-05', 1, 'OTHERS', '', '220.00'),
(2018217, 36, '2018-07-06', 1, 'Milk', '', '1600.00'),
(2018217, 36, '2018-07-06', 2, 'Biscuit', '', '550.00'),
(2018218, 19, '2018-07-06', 1, 'BUS', '204+580+580+36', '1400.00'),
(2018218, 19, '2018-07-06', 2, 'METRO', '', '10.00'),
(2018218, 19, '2018-07-06', 3, 'RICKSHAW', '', '25.00'),
(2018218, 19, '2018-07-06', 4, 'WATER', '20+20', '40.00'),
(2018218, 19, '2018-07-06', 5, 'FOOD & REFRESHMENT', '220 BAPA ME, ', '220.00'),
(2018218, 19, '2018-07-06', 6, 'TAXI', 'HOME TO ESPLANADE', '211.00'),
(2018219, 3, '2018-07-06', 1, 'TAXI', '', '335.00'),
(2018220, 100, '2018-07-06', 1, 'RICKSHAW', 'home to dumdum return (30+30+30+30) 03/07+04/07', '120.00'),
(2018220, 100, '2018-07-06', 2, 'METRO', 'dumdum to esplanade return 03/07+04/07 (20+20)', '40.00'),
(2018220, 100, '2018-07-06', 3, 'BUS', 'esplanade to bagnan return 03/07+04/07 (80+80)+bagnan to jhamtia return(20)', '180.00'),
(2018220, 100, '2018-07-06', 4, 'MAGIC CAR', 'bagnan to baksi return (40)', '40.00'),
(2018220, 100, '2018-07-06', 5, 'LAUNCH & BOAT', 'baksi to chitnan return (16)', '16.00'),
(2018220, 100, '2018-07-06', 6, 'PER DIEM@150', '03/07+04/07', '300.00'),
(2018189, 78, '2018-07-06', 39, 'FUEL', 'bike-home to loknath station (R)', '50.00'),
(2018221, 36, '2018-07-06', 1, 'OTHERS', '', '128.00'),
(2018222, 110, '2018-07-06', 1, 'TRAIN', 'dumdum-krishnagar(return)', '50.00'),
(2018222, 110, '2018-07-06', 2, 'TOTO RICKSHAW', 'krishnagar stn to bank(return)(10+10)+halabattal to home(10)', '30.00'),
(2018222, 110, '2018-07-06', 3, 'AUTO', 'bkp to bt', '20.00'),
(2018222, 110, '2018-07-06', 4, 'PER DIEM@150', '1*150', '150.00'),
(2018223, 84, '2018-07-06', 1, 'TRAIN', '10+10', '20.00'),
(2018223, 84, '2018-07-06', 2, 'AUTO', '12+12+13+13', '50.00'),
(2018223, 84, '2018-07-06', 3, 'BUS', '9+9', '18.00'),
(2018223, 84, '2018-07-06', 4, 'HALF PER DIEM@50', '8AM TO 6.30PM', '75.00'),
(2018224, 84, '2018-07-06', 1, 'METRO', '15+15+15+15', '60.00'),
(2018224, 84, '2018-07-06', 2, 'AUTO', '8+8+8+8', '32.00'),
(2018225, 115, '2018-07-06', 1, 'BUS', '8+8', '16.00'),
(2018226, 36, '2018-07-06', 1, 'Sugar', '', '168.00'),
(2018226, 36, '2018-07-06', 2, 'Milk', '', '700.00'),
(2018226, 36, '2018-07-06', 3, 'OTHERS', 'battery,vimgel,duster,odonil(28+40+20+125', '213.00'),
(2018227, 112, '2018-07-07', 1, 'BUS', '06+06+10+10+08', '40.00'),
(2018227, 112, '2018-07-07', 2, 'METRO', '05', '5.00'),
(2018228, 112, '2018-07-07', 1, 'BUS', '6+6+17+17', '46.00'),
(2018229, 112, '2018-07-07', 1, 'METRO', '05', '5.00'),
(2018229, 112, '2018-07-07', 2, 'BUS', '15+10+10+08+06', '49.00'),
(2018230, 112, '2018-07-07', 1, 'AUTO', '08+08', '16.00'),
(2018230, 112, '2018-07-07', 2, 'BUS', '08', '8.00'),
(2018231, 112, '2018-07-07', 1, 'BUS', '46+15+20', '81.00'),
(2018231, 112, '2018-07-07', 2, 'AUTO', '08+08', '16.00'),
(2018231, 112, '2018-07-07', 3, 'PER DIEM@150', '150', '150.00'),
(2018232, 112, '2018-07-07', 1, 'TRAIN', '20', '20.00'),
(2018232, 112, '2018-07-07', 2, 'BUS', '15+15', '30.00'),
(2018232, 112, '2018-07-07', 3, 'AUTO', '20+20', '40.00'),
(2018232, 112, '2018-07-07', 4, 'PER DIEM 250', '250', '250.00'),
(2018233, 112, '2018-07-07', 1, 'METRO', '05+15', '20.00'),
(2018233, 112, '2018-07-07', 2, 'BUS', '14+12+09', '35.00'),
(2018233, 112, '2018-07-07', 3, 'TOTO RICKSHAW', '10+10', '20.00'),
(2018234, 112, '2018-07-07', 1, 'BUS', '08+08', '16.00'),
(2018235, 115, '2018-07-09', 1, 'BUS', '8+9', '17.00'),
(2018236, 55, '2018-07-09', 1, 'OTHERS', '300+300+500', '1100.00'),
(2018237, 55, '2018-07-09', 1, 'OTHERS', '35*12', '420.00'),
(2018238, 78, '2018-07-09', 1, 'TRAIN', '20', '20.00'),
(2018238, 78, '2018-07-09', 2, 'BUS', '45+45', '90.00'),
(2018238, 78, '2018-07-09', 3, 'AUTO', '10+10+10+10', '40.00'),
(2018238, 78, '2018-07-09', 4, 'PER DIEM@150', 'SATURDAY 150*2=300', '300.00'),
(2018239, 36, '2018-07-09', 1, 'COURIER CHARGES', 'DTDC', '260.00'),
(2018240, 36, '2018-07-09', 1, 'HALF PER DIEM@50', 'SANJOY SARDAR', '50.00'),
(2018241, 74, '2018-07-10', 1, 'BUS', '300', '300.00'),
(2018241, 74, '2018-07-10', 2, 'METRO', '10+10', '20.00'),
(2018242, 30, '2018-07-10', 1, 'TRAIN', '20+30', '50.00');
INSERT INTO `tm_claim_trans` (`claim_cd`, `emp_no`, `claim_dt`, `sl_no`, `claim_hd`, `remarks`, `amount`) VALUES
(2018242, 30, '2018-07-10', 2, 'AUTO', '20+20+20+20', '80.00'),
(2018242, 30, '2018-07-10', 3, 'OTHER VEHICLES', '', '30.00'),
(2018242, 30, '2018-07-10', 4, 'BUS', '', '40.00'),
(2018242, 30, '2018-07-10', 5, 'FOOD & REFRESHMENT', '', '200.00'),
(2018243, 90, '2018-07-10', 1, 'BUS', 'OFC-HWH(35)+\r\nMDN-KESHPUR(22)+\r\nKESHPUR-SRC(80)+\r\nSRC-EXIDE(12)', '149.00'),
(2018243, 90, '2018-07-10', 2, 'HOTEL LODGING', '1 NIGHT(@400)', '400.00'),
(2018243, 90, '2018-07-10', 3, 'AUTO', 'HOTEL-MDN BUS STOP(10)+\r\nRABINDRA SAROBAR-LAKE GARDENS(7)+\r\nLAKE GARDENS-GOLFGREEN(7)', '24.00'),
(2018243, 90, '2018-07-10', 4, 'RICKSHAW', 'GOLFGREEN TO HOME(@20)', '20.00'),
(2018243, 90, '2018-07-10', 5, 'PER DIEM@200', '2 NIGHTS(200*2)', '400.00'),
(2018243, 90, '2018-07-10', 6, 'PER DIEM@150', '1 SATURDAY', '150.00'),
(2018244, 36, '2018-07-10', 1, 'OTHERS', '', '50.00'),
(2018245, 53, '2018-07-10', 1, 'BUS', '15+30+33+24', '102.00'),
(2018245, 53, '2018-07-10', 2, 'AUTO', '25+10', '35.00'),
(2018245, 53, '2018-07-10', 3, 'METRO CARD', '10', '10.00'),
(2018245, 53, '2018-07-10', 4, 'PER DIEM@200', '2*200', '400.00'),
(2018245, 53, '2018-07-10', 5, 'PER DIEM@150', 'TILL 10.30PM', '150.00'),
(2018246, 113, '2018-07-11', 1, 'BUS', 'Kolkata - Purulia (Up Down), Chasroad - Purulia (Up Down) 4 Days, Purulia - Puncha (Up Down) 4 Days', '700.00'),
(2018246, 113, '2018-07-11', 2, 'PER DIEM@150', '125 * 4 Days', '500.00'),
(2018247, 32, '2018-07-11', 1, 'Web Server/Domain/Templates/Others', '', '2808.00'),
(2018248, 55, '2018-07-12', 1, 'OTHERS', '702', '702.00'),
(2018249, 55, '2018-07-12', 1, 'TRAIN', '730', '730.00'),
(2018250, 1, '2018-08-30', 1, 'TRAIN', 'fdafd-jfgjadgj', '10.00'),
(2018250, 1, '2018-08-30', 2, 'BUS', 'cvsdv-efw', '50.00'),
(2018250, 1, '2018-08-30', 3, 'HOTEL LODGING', '', '250.00');

-- --------------------------------------------------------

--
-- Table structure for table `tm_payment`
--

CREATE TABLE `tm_payment` (
  `trans_dt` date NOT NULL,
  `trans_cd` bigint(20) NOT NULL,
  `emp_no` int(11) NOT NULL,
  `payment_mode` varchar(15) NOT NULL,
  `payment_type` varchar(50) NOT NULL,
  `chq_dt` date DEFAULT NULL,
  `chq_no` int(11) DEFAULT NULL,
  `bank` varchar(15) DEFAULT NULL,
  `paid_amt` int(11) NOT NULL,
  `created_by` varchar(50) NOT NULL,
  `created_dt` datetime NOT NULL,
  `modified_by` varchar(50) NOT NULL,
  `modified_dt` date NOT NULL,
  `approval_status` tinyint(4) NOT NULL DEFAULT '0',
  `approved_by` varchar(50) NOT NULL,
  `approval_dt` date NOT NULL
) ENGINE=MyISAM DEFAULT CHARSET=latin1;

--
-- Dumping data for table `tm_payment`
--

INSERT INTO `tm_payment` (`trans_dt`, `trans_cd`, `emp_no`, `payment_mode`, `payment_type`, `chq_dt`, `chq_no`, `bank`, `paid_amt`, `created_by`, `created_dt`, `modified_by`, `modified_dt`, `approval_status`, `approved_by`, `approval_dt`) VALUES
('2018-05-31', 20181, 112, 'CASH', 'ADVANCE', NULL, NULL, 'AXIS', 500, 'Sujit Paul', '2018-05-31 11:55:17', '', '0000-00-00', 1, 'Sujit Paul', '2018-05-31'),
('2018-05-31', 20182, 36, 'CASH', 'ADVANCE', NULL, NULL, 'AXIS', 1300, 'Sujit Paul', '2018-05-31 17:02:36', '', '0000-00-00', 1, 'Sujit Paul', '2018-05-31'),
('2018-05-31', 20183, 113, 'CASH', 'ADVANCE', NULL, NULL, 'AXIS', 2000, 'Sujit Paul', '2018-05-31 17:03:14', '', '0000-00-00', 1, 'Sujit Paul', '2018-05-31'),
('2018-06-01', 20184, 19, 'CHEQUE', 'NORMAL', '2018-06-01', 26571, 'AXIS', 21600, 'Sujit Paul', '2018-06-01 15:20:09', '', '0000-00-00', 1, 'Sujit Paul', '2018-06-01'),
('2018-06-01', 20185, 19, 'CASH', 'ADVANCE', NULL, NULL, 'AXIS', 500, 'Sujit Paul', '2018-06-01 16:12:52', 'Sujit Paul', '2018-06-01', 1, 'Sujit Paul', '2018-06-01'),
('2018-06-01', 20186, 79, 'CASH', 'ADVANCE', NULL, NULL, 'AXIS', 2000, 'Sujit Paul', '2018-06-01 16:41:13', '', '0000-00-00', 1, 'Sujit Paul', '2018-06-01'),
('2018-06-01', 20187, 87, 'CASH', 'ADVANCE', NULL, NULL, 'AXIS', 3000, 'Sujit Paul', '2018-06-01 16:41:43', '', '0000-00-00', 1, 'Sujit Paul', '2018-06-01'),
('2018-06-01', 20188, 107, 'CASH', 'ADVANCE', NULL, NULL, 'AXIS', 500, 'Sujit Paul', '2018-06-01 16:42:23', '', '0000-00-00', 1, 'Sujit Paul', '2018-06-01'),
('2018-06-04', 20189, 74, 'CASH', 'ADVANCE', NULL, NULL, 'AXIS', 500, 'Sujit Paul', '2018-06-04 14:34:22', '', '0000-00-00', 1, 'Sujit Paul', '2018-06-04'),
('2018-06-04', 201810, 90, 'CASH', 'ADVANCE', NULL, NULL, 'AXIS', 300, 'Sujit Paul', '2018-06-04 15:25:46', '', '0000-00-00', 1, 'Sujit Paul', '2018-06-04'),
('2018-06-05', 201811, 55, 'CASH', 'ADVANCE', NULL, NULL, 'AXIS', 2000, 'Sujit Paul', '2018-06-05 11:14:40', '', '0000-00-00', 1, 'Sujit Paul', '2018-06-05'),
('2018-06-05', 201812, 102, 'CASH', 'ADVANCE', NULL, NULL, 'AXIS', 400, 'Sujit Paul', '2018-06-05 11:18:25', '', '0000-00-00', 1, 'Sujit Paul', '2018-06-05'),
('2018-06-05', 201813, 1, 'CHEQUE', 'NORMAL', '2018-06-05', 26572, 'AXIS', 24600, 'Sujit Paul', '2018-06-05 12:07:50', '', '0000-00-00', 1, 'Sujit Paul', '2018-06-05'),
('2018-06-05', 201814, 113, 'CHEQUE', 'ADVANCE', '2018-06-04', 26579, 'AXIS', 5800, 'Sujit Paul', '2018-06-05 12:31:44', '', '0000-00-00', 1, 'Sujit Paul', '2018-06-05'),
('2018-06-05', 201815, 30, 'CASH', 'NORMAL', NULL, NULL, 'AXIS', 2000, 'Sujit Paul', '2018-06-05 16:31:32', 'Sujit Paul', '2018-06-05', 1, 'Sujit Paul', '2018-06-05'),
('2018-06-05', 201816, 36, 'CASH', 'ADVANCE', NULL, NULL, 'AXIS', 2500, 'Sujit Paul', '2018-06-05 16:41:53', '', '0000-00-00', 1, 'Sujit Paul', '2018-06-05'),
('2018-06-05', 201817, 80, 'CASH', 'ADVANCE', NULL, NULL, 'AXIS', 3600, 'Sujit Paul', '2018-06-05 17:02:29', '', '0000-00-00', 1, 'Sujit Paul', '2018-06-05'),
('2018-06-06', 201820, 19, 'CASH', 'ADVANCE', NULL, NULL, 'AXIS', 1000, 'Sujit Paul', '2018-06-06 11:01:21', '', '0000-00-00', 1, 'Sujit Paul', '2018-06-06'),
('2018-06-05', 201819, 49, 'CASH', 'ADVANCE', NULL, NULL, 'AXIS', 1400, 'Sujit Paul', '2018-06-05 17:51:33', '', '0000-00-00', 1, 'Sujit Paul', '2018-06-05'),
('2018-06-06', 201821, 3, 'CASH', 'ADVANCE', NULL, NULL, 'AXIS', 1000, 'Sujit Paul', '2018-06-06 15:22:24', '', '0000-00-00', 1, 'Sujit Paul', '2018-06-06'),
('2018-06-06', 201822, 101, 'CASH', 'ADVANCE', NULL, NULL, 'AXIS', 1000, 'Sujit Paul', '2018-06-06 15:22:39', '', '0000-00-00', 1, 'Sujit Paul', '2018-06-06'),
('2018-06-07', 201823, 57, 'CHEQUE', 'ADVANCE', '2018-06-07', 26580, 'AXIS', 5000, 'Sujit Paul', '2018-06-07 13:22:40', '', '0000-00-00', 1, 'Sujit Paul', '2018-06-07'),
('2018-06-07', 201824, 41, 'CASH', 'ADVANCE', NULL, NULL, 'AXIS', 200, 'Sujit Paul', '2018-06-07 14:11:41', '', '0000-00-00', 1, 'Sujit Paul', '2018-06-07'),
('2018-06-07', 201825, 53, 'CASH', 'ADVANCE', NULL, NULL, 'AXIS', 800, 'Sujit Paul', '2018-06-07 16:27:57', '', '0000-00-00', 1, 'Sujit Paul', '2018-06-07'),
('2018-06-07', 201826, 36, 'CASH', 'ADVANCE', NULL, NULL, 'AXIS', 2000, 'Sujit Paul', '2018-06-07 16:29:22', '', '0000-00-00', 1, 'Sujit Paul', '2018-06-07'),
('2018-06-07', 201827, 110, 'CASH', 'ADVANCE', NULL, NULL, 'AXIS', 400, 'Sujit Paul', '2018-06-07 17:24:55', '', '0000-00-00', 1, 'Sujit Paul', '2018-06-07'),
('2018-06-07', 201828, 72, 'CASH', 'ADVANCE', NULL, NULL, 'AXIS', 1000, 'Sujit Paul', '2018-06-07 17:28:50', '', '0000-00-00', 1, 'Sujit Paul', '2018-06-07'),
('2018-06-07', 201829, 110, 'CASH', 'ADVANCE', NULL, NULL, 'AXIS', 1700, 'Sujit Paul', '2018-06-07 17:31:26', '', '0000-00-00', 1, 'Sujit Paul', '2018-06-07'),
('2018-06-07', 201830, 108, 'CASH', 'ADVANCE', NULL, NULL, 'AXIS', 700, 'Sujit Paul', '2018-06-07 17:37:14', '', '0000-00-00', 1, 'Sujit Paul', '2018-06-07'),
('2018-06-08', 201831, 51, 'CASH', 'ADVANCE', NULL, NULL, 'AXIS', 5000, 'Sujit Paul', '2018-06-08 12:32:23', '', '0000-00-00', 1, 'Sujit Paul', '2018-06-08'),
('2018-06-08', 201832, 53, 'CASH', 'ADVANCE', NULL, NULL, 'AXIS', 1300, 'Sujit Paul', '2018-06-08 15:51:33', '', '0000-00-00', 1, 'Sujit Paul', '2018-06-08'),
('2018-06-08', 201833, 74, 'CASH', 'ADVANCE', NULL, NULL, 'AXIS', 500, 'Sujit Paul', '2018-06-08 18:49:47', '', '0000-00-00', 1, 'Sujit Paul', '2018-06-08'),
('2018-06-08', 201834, 77, 'CASH', 'ADVANCE', NULL, NULL, 'AXIS', 2500, 'Sujit Paul', '2018-06-08 18:50:18', '', '0000-00-00', 1, 'Sujit Paul', '2018-06-08'),
('2018-06-11', 201835, 41, 'CASH', 'ADVANCE', NULL, NULL, 'AXIS', 500, 'Sujit Paul', '2018-06-11 14:11:07', '', '0000-00-00', 1, 'Sujit Paul', '2018-06-12'),
('2018-06-12', 201836, 87, 'CHEQUE', 'ADVANCE', '2018-06-12', 26584, 'AXIS', 2000, 'Sujit Paul', '2018-06-12 11:42:32', '', '0000-00-00', 1, 'Sujit Paul', '2018-06-12'),
('2018-06-12', 201837, 50, 'CHEQUE', 'ADVANCE', '2018-06-12', 26585, 'AXIS', 5000, 'Sujit Paul', '2018-06-12 11:45:36', '', '0000-00-00', 1, 'Sujit Paul', '2018-06-12'),
('2018-06-12', 201838, 3, 'CASH', 'NORMAL', NULL, NULL, 'AXIS', 5000, 'Sujit Paul', '2018-06-12 13:29:10', '', '0000-00-00', 1, 'Sujit Paul', '2018-06-12'),
('2018-06-12', 201839, 102, 'CASH', 'ADVANCE', NULL, NULL, 'AXIS', 700, 'Sujit Paul', '2018-06-12 13:39:43', '', '0000-00-00', 1, 'Sujit Paul', '2018-06-12'),
('2018-06-12', 201840, 104, 'CASH', 'ADVANCE', NULL, NULL, 'AXIS', 2800, 'Sujit Paul', '2018-06-12 16:24:56', '', '0000-00-00', 1, 'Sujit Paul', '2018-06-12'),
('2018-06-12', 201841, 49, 'CASH', 'NORMAL', NULL, NULL, 'AXIS', 3700, 'Sujit Paul', '2018-06-12 16:27:33', '', '0000-00-00', 1, 'Sujit Paul', '2018-06-12'),
('2018-06-12', 201842, 36, 'CASH', 'ADVANCE', NULL, NULL, 'AXIS', 700, 'Sujit Paul', '2018-06-12 16:29:03', '', '0000-00-00', 1, 'Sujit Paul', '2018-06-12'),
('2018-06-13', 201843, 36, 'CASH', 'ADVANCE', NULL, NULL, 'AXIS', 1000, 'Sujit Paul', '2018-06-13 17:17:11', '', '0000-00-00', 1, 'Sujit Paul', '2018-06-13'),
('2018-06-13', 201844, 51, 'CASH', 'NORMAL', NULL, NULL, 'AXIS', 1200, 'Sujit Paul', '2018-06-13 17:44:38', '', '0000-00-00', 1, 'Sujit Paul', '2018-06-13'),
('2018-06-13', 201845, 100, 'CASH', 'NORMAL', NULL, NULL, 'AXIS', 6600, 'Sujit Paul', '2018-06-13 18:01:26', '', '0000-00-00', 1, 'Sujit Paul', '2018-06-13'),
('2018-06-13', 201846, 72, 'CASH', 'ADVANCE', NULL, NULL, 'AXIS', 800, 'Sujit Paul', '2018-06-13 18:08:38', '', '0000-00-00', 1, 'Sujit Paul', '2018-06-13'),
('2018-06-14', 201847, 12, 'CHEQUE', 'NORMAL', '2018-06-14', 26584, 'AXIS', 21000, 'Sujit Paul', '2018-06-14 11:24:02', '', '0000-00-00', 1, 'Sujit Paul', '2018-06-14'),
('2018-06-14', 201848, 100, 'CHEQUE', 'NORMAL', '2018-06-14', 26585, 'AXIS', 3000, 'Sujit Paul', '2018-06-14 11:24:32', '', '0000-00-00', 1, 'Sujit Paul', '2018-06-14'),
('2018-06-14', 201849, 78, 'CHEQUE', 'NORMAL', '2018-06-14', 265856, 'AXIS', 10300, 'Sujit Paul', '2018-06-14 11:25:09', '', '0000-00-00', 1, 'Sujit Paul', '2018-06-14'),
('2018-06-14', 201850, 53, 'CASH', 'ADVANCE', NULL, NULL, 'AXIS', 600, 'Sujit Paul', '2018-06-14 16:29:48', '', '0000-00-00', 1, 'Sujit Paul', '2018-06-14'),
('2018-06-14', 201851, 3, 'CHEQUE', 'NORMAL', '2018-06-14', 26587, 'AXIS', 30000, 'Sujit Paul', '2018-06-14 16:30:18', '', '0000-00-00', 1, 'Sujit Paul', '2018-06-14'),
('2018-06-14', 201852, 3, 'CASH', 'ADVANCE', NULL, NULL, 'AXIS', 2000, 'Sujit Paul', '2018-06-14 17:20:49', '', '0000-00-00', 1, 'Sujit Paul', '2018-06-14'),
('2018-06-14', 201853, 3, 'CASH', 'ADVANCE', NULL, NULL, 'AXIS', 25000, 'Sujit Paul', '2018-06-14 17:21:15', '', '0000-00-00', 1, 'Sujit Paul', '2018-06-14'),
('2018-06-14', 201854, 74, 'CASH', 'ADVANCE', NULL, NULL, 'AXIS', 300, 'Sujit Paul', '2018-06-14 18:45:48', '', '0000-00-00', 1, 'Sujit Paul', '2018-06-14'),
('2018-06-15', 201855, 19, 'CASH', 'ADVANCE', NULL, NULL, 'AXIS', 1000, 'Sujit Paul', '2018-06-15 11:02:12', '', '0000-00-00', 1, 'Sujit Paul', '2018-06-15'),
('2018-06-15', 201856, 80, 'CASH', 'ADVANCE', NULL, NULL, 'AXIS', 2000, 'Sujit Paul', '2018-06-15 11:02:29', '', '0000-00-00', 1, 'Sujit Paul', '2018-06-15'),
('2018-06-15', 201857, 66, 'CASH', 'ADVANCE', NULL, NULL, 'AXIS', 500, 'Sujit Paul', '2018-06-15 15:59:37', '', '0000-00-00', 1, 'Sujit Paul', '2018-06-15'),
('2018-06-15', 201858, 55, 'CASH', 'ADVANCE', NULL, NULL, 'AXIS', 1000, 'Sujit Paul', '2018-06-15 17:14:14', '', '0000-00-00', 1, 'Sujit Paul', '2018-06-15'),
('2018-06-18', 201862, 36, 'CASH', 'ADVANCE', NULL, NULL, 'AXIS', 1200, 'Sujit Paul', '2018-06-18 17:14:22', '', '0000-00-00', 1, 'Sujit Paul', '2018-06-18'),
('2018-06-15', 201860, 66, 'CASH', 'ADVANCE', NULL, NULL, 'AXIS', -500, 'Sujit Paul', '2018-06-15 18:08:56', '', '0000-00-00', 1, 'Sujit Paul', '2018-06-15'),
('2018-06-15', 201861, 55, 'CASH', 'ADVANCE', NULL, NULL, 'AXIS', 500, 'Sujit Paul', '2018-06-15 18:09:35', '', '0000-00-00', 1, 'Sujit Paul', '2018-06-15'),
('2018-06-19', 201863, 41, 'CASH', 'ADVANCE', NULL, NULL, 'AXIS', 300, 'Sujit Paul', '2018-06-19 16:41:32', '', '0000-00-00', 1, 'Sujit Paul', '2018-06-19'),
('2018-06-19', 201864, 66, 'CASH', 'ADVANCE', NULL, NULL, 'AXIS', 600, 'Sujit Paul', '2018-06-19 16:41:46', '', '0000-00-00', 1, 'Sujit Paul', '2018-06-19'),
('2018-06-19', 201865, 87, 'CASH', 'ADVANCE', NULL, NULL, 'AXIS', 2500, 'Sujit Paul', '2018-06-19 16:42:16', '', '0000-00-00', 1, 'Sujit Paul', '2018-06-19'),
('2018-06-19', 201866, 101, 'CASH', 'ADVANCE', NULL, NULL, 'AXIS', 1200, 'Sujit Paul', '2018-06-19 16:42:39', '', '0000-00-00', 1, 'Sujit Paul', '2018-06-19'),
('2018-06-19', 201867, 1, 'CASH', 'ADVANCE', NULL, NULL, 'AXIS', 6000, 'Sujit Paul', '2018-06-19 17:02:33', '', '0000-00-00', 1, 'Sujit Paul', '2018-06-19'),
('2018-06-19', 201868, 3, 'CASH', 'ADVANCE', NULL, NULL, 'AXIS', 6000, 'Sujit Paul', '2018-06-19 17:02:44', '', '0000-00-00', 1, 'Sujit Paul', '2018-06-19'),
('2018-06-20', 201869, 55, 'CASH', 'ADVANCE', NULL, NULL, 'AXIS', 1600, 'Sujit Paul', '2018-06-20 15:57:33', '', '0000-00-00', 1, 'Sujit Paul', '2018-06-20'),
('2018-06-21', 201870, 53, 'CASH', 'ADVANCE', NULL, NULL, 'AXIS', 1200, 'Sujit Paul', '2018-06-21 15:55:04', '', '0000-00-00', 1, 'Sujit Paul', '2018-06-21'),
('2018-06-21', 201871, 78, 'CASH', 'ADVANCE', NULL, NULL, 'AXIS', 1000, 'Sujit Paul', '2018-06-21 16:46:29', '', '0000-00-00', 1, 'Sujit Paul', '2018-06-21'),
('2018-06-21', 201872, 74, 'CASH', 'ADVANCE', NULL, NULL, 'AXIS', 2000, 'Sujit Paul', '2018-06-21 17:26:43', '', '0000-00-00', 1, 'Sujit Paul', '2018-06-21'),
('2018-06-22', 201873, 87, 'CASH', 'ADVANCE', NULL, NULL, 'AXIS', 2000, 'Sujit Paul', '2018-06-22 17:56:43', '', '0000-00-00', 1, 'Sujit Paul', '2018-06-22'),
('2018-06-25', 201874, 32, 'CHEQUE', 'NORMAL', '2018-06-25', 21118, 'AXIS', 7000, 'Sujit Paul', '2018-06-25 11:38:25', '', '0000-00-00', 1, 'Sujit Paul', '2018-06-25'),
('2018-06-25', 201875, 32, 'CHEQUE', 'NORMAL', '2018-06-25', 26590, 'AXIS', 38698, 'Sujit Paul', '2018-06-25 11:39:04', '', '0000-00-00', 1, 'Sujit Paul', '2018-06-25'),
('2018-06-25', 201876, 113, 'CHEQUE', 'ADVANCE', '2018-06-25', 26589, 'AXIS', 2000, 'Sujit Paul', '2018-06-25 12:20:22', '', '0000-00-00', 1, 'Sujit Paul', '2018-06-25'),
('2018-06-25', 201877, 15, 'CASH', 'NORMAL', NULL, NULL, 'AXIS', 1000, 'Sujit Paul', '2018-06-25 16:14:51', '', '0000-00-00', 1, 'Sujit Paul', '2018-06-25'),
('2018-06-25', 201878, 101, 'CASH', 'ADVANCE', NULL, NULL, 'AXIS', 2000, 'Sujit Paul', '2018-06-25 16:15:08', '', '0000-00-00', 1, 'Sujit Paul', '2018-06-25'),
('2018-06-25', 201879, 73, 'CASH', 'ADVANCE', NULL, NULL, 'AXIS', 1000, 'Sujit Paul', '2018-06-25 16:15:24', '', '0000-00-00', 1, 'Sujit Paul', '2018-06-25'),
('2018-06-25', 201880, 55, 'CASH', 'ADVANCE', NULL, NULL, 'AXIS', 1000, 'Sujit Paul', '2018-06-25 16:15:41', '', '0000-00-00', 1, 'Sujit Paul', '2018-06-25'),
('2018-06-25', 201881, 74, 'CASH', 'ADVANCE', NULL, NULL, 'AXIS', 500, 'Sujit Paul', '2018-06-25 16:29:24', '', '0000-00-00', 1, 'Sujit Paul', '2018-06-25'),
('2018-06-26', 201882, 74, 'CASH', 'ADVANCE', NULL, NULL, 'AXIS', 1500, 'Sujit Paul', '2018-06-26 11:19:13', '', '0000-00-00', 1, 'Sujit Paul', '2018-06-26'),
('2018-06-26', 201883, 36, 'CASH', 'ADVANCE', NULL, NULL, 'AXIS', 1200, 'Sujit Paul', '2018-06-26 17:27:13', '', '0000-00-00', 1, 'Sujit Paul', '2018-06-26'),
('2018-06-26', 201884, 109, 'CHEQUE', 'ADVANCE', '2018-06-27', 26589, 'AXIS', 3000, 'Sujit Paul', '2018-06-26 18:30:56', '', '0000-00-00', 1, 'Sujit Paul', '2018-06-26'),
('2018-06-27', 201885, 41, 'CASH', 'ADVANCE', NULL, NULL, 'AXIS', 500, 'Sujit Paul', '2018-06-27 12:09:44', '', '0000-00-00', 1, 'Sujit Paul', '2018-06-27'),
('2018-06-27', 201886, 74, 'CASH', 'ADVANCE', NULL, NULL, 'AXIS', 1000, 'Sujit Paul', '2018-06-27 14:13:00', '', '0000-00-00', 1, 'Sujit Paul', '2018-06-27'),
('2018-06-27', 201887, 72, 'CASH', 'ADVANCE', NULL, NULL, 'AXIS', 1500, 'Sujit Paul', '2018-06-27 17:22:46', '', '0000-00-00', 1, 'Sujit Paul', '2018-06-27'),
('2018-06-27', 201888, 74, 'CASH', 'ADVANCE', NULL, NULL, 'AXIS', 1000, 'Sujit Paul', '2018-06-27 17:23:45', '', '0000-00-00', 1, 'Sujit Paul', '2018-06-27'),
('2018-06-27', 201889, 72, 'CASH', 'ADVANCE', NULL, NULL, 'AXIS', 1000, 'Sujit Paul', '2018-06-27 17:34:27', '', '0000-00-00', 1, 'Sujit Paul', '2018-06-27'),
('2018-06-28', 201890, 55, 'CASH', 'ADVANCE', NULL, NULL, 'AXIS', 600, 'Sujit Paul', '2018-06-28 12:24:41', '', '0000-00-00', 1, 'Sujit Paul', '2018-06-28'),
('2018-06-28', 201891, 90, 'CASH', 'ADVANCE', NULL, NULL, 'AXIS', 100, 'Sujit Paul', '2018-06-28 15:43:55', '', '0000-00-00', 1, 'Sujit Paul', '2018-06-28'),
('2018-06-28', 201892, 102, 'CASH', 'ADVANCE', NULL, NULL, 'AXIS', 500, 'Sujit Paul', '2018-06-28 15:46:07', '', '0000-00-00', 1, 'Sujit Paul', '2018-06-28'),
('2018-06-28', 201893, 87, 'CASH', 'ADVANCE', NULL, NULL, 'AXIS', 200, 'Sujit Paul', '2018-06-28 17:28:43', '', '0000-00-00', 1, 'Sujit Paul', '2018-06-28'),
('2018-06-28', 201894, 79, 'CASH', 'ADVANCE', NULL, NULL, 'AXIS', 200, 'Sujit Paul', '2018-06-28 17:29:43', '', '0000-00-00', 1, 'Sujit Paul', '2018-06-28'),
('2018-06-29', 201895, 113, 'CASH', 'ADVANCE', NULL, NULL, 'AXIS', 1000, 'Sujit Paul', '2018-06-29 15:40:11', '', '0000-00-00', 1, 'Sujit Paul', '2018-06-29'),
('2018-06-29', 201896, 19, 'CASH', 'ADVANCE', NULL, NULL, 'AXIS', 1500, 'Sujit Paul', '2018-06-29 15:51:53', '', '0000-00-00', 1, 'Sujit Paul', '2018-06-29'),
('2018-06-29', 201897, 110, 'CASH', 'ADVANCE', NULL, NULL, 'AXIS', 1500, 'Sujit Paul', '2018-06-29 16:37:16', '', '0000-00-00', 1, 'Sujit Paul', '2018-06-29'),
('2018-06-29', 201898, 78, 'CASH', 'ADVANCE', NULL, NULL, 'AXIS', 200, 'Sujit Paul', '2018-06-29 16:38:05', '', '0000-00-00', 1, 'Sujit Paul', '2018-06-29'),
('2018-06-29', 201899, 108, 'CASH', 'ADVANCE', NULL, NULL, 'AXIS', 300, 'Sujit Paul', '2018-06-29 17:30:26', '', '0000-00-00', 1, 'Sujit Paul', '2018-06-29'),
('2018-06-29', 2018100, 36, 'CASH', 'ADVANCE', NULL, NULL, 'AXIS', 1800, 'Sujit Paul', '2018-06-29 18:10:02', '', '0000-00-00', 1, 'Sujit Paul', '2018-06-29'),
('2018-07-02', 2018101, 57, 'CHEQUE', 'ADVANCE', '2018-07-02', 26554, 'AXIS', 5000, 'Sujit Paul', '2018-07-02 11:26:42', '', '0000-00-00', 1, 'Sujit Paul', '2018-07-02'),
('2018-07-02', 2018102, 41, 'CASH', 'ADVANCE', NULL, NULL, 'AXIS', 500, 'Sujit Paul', '2018-07-02 13:09:09', 'Sujit Paul', '2018-07-02', 1, 'Sujit Paul', '2018-07-02'),
('2018-07-02', 2018103, 74, 'CASH', 'ADVANCE', NULL, NULL, 'AXIS', 500, 'Sujit Paul', '2018-07-02 16:07:07', '', '0000-00-00', 1, 'Sujit Paul', '2018-07-02'),
('2018-07-02', 2018104, 55, 'CASH', 'ADVANCE', NULL, NULL, 'AXIS', 500, 'Sujit Paul', '2018-07-02 17:22:40', '', '0000-00-00', 1, 'Sujit Paul', '2018-07-02'),
('2018-07-02', 2018105, 53, 'CASH', 'ADVANCE', NULL, NULL, 'AXIS', 500, 'Sujit Paul', '2018-07-02 17:22:58', '', '0000-00-00', 1, 'Sujit Paul', '2018-07-02'),
('2018-07-03', 2018106, 107, 'CASH', 'ADVANCE', NULL, NULL, 'AXIS', 1500, 'Sujit Paul', '2018-07-03 17:14:09', '', '0000-00-00', 1, 'Sujit Paul', '2018-07-03'),
('2018-07-03', 2018107, 82, 'CASH', 'ADVANCE', NULL, NULL, 'AXIS', 2500, 'Sujit Paul', '2018-07-03 17:14:47', '', '0000-00-00', 1, 'Sujit Paul', '2018-07-03'),
('2018-07-03', 2018108, 38, 'CASH', 'ADVANCE', NULL, NULL, 'AXIS', 500, 'Sujit Paul', '2018-07-03 17:15:08', '', '0000-00-00', 1, 'Sujit Paul', '2018-07-03'),
('2018-07-03', 2018109, 105, 'CASH', 'ADVANCE', NULL, NULL, 'AXIS', 500, 'Sujit Paul', '2018-07-03 17:15:30', '', '0000-00-00', 1, 'Sujit Paul', '2018-07-03'),
('2018-07-03', 2018110, 12, 'CASH', 'ADVANCE', NULL, NULL, 'AXIS', 340, 'Sujit Paul', '2018-07-03 17:56:38', '', '0000-00-00', 1, 'Sujit Paul', '2018-07-03'),
('2018-07-04', 2018111, 12, 'CASH', 'ADVANCE', NULL, NULL, 'AXIS', -340, 'Sujit Paul', '2018-07-04 14:55:12', '', '0000-00-00', 1, 'Sujit Paul', '2018-07-04'),
('2018-07-04', 2018112, 19, 'CASH', 'ADVANCE', NULL, NULL, 'AXIS', 2000, 'Sujit Paul', '2018-07-04 18:26:20', '', '0000-00-00', 1, 'Sujit Paul', '2018-07-04'),
('2018-07-05', 2018113, 3, 'CASH', 'ADVANCE', NULL, NULL, 'AXIS', 2000, 'Sujit Paul', '2018-07-05 10:27:24', '', '0000-00-00', 1, 'Sujit Paul', '2018-07-05'),
('2018-07-05', 2018114, 36, 'CASH', 'ADVANCE', NULL, NULL, 'AXIS', 2200, 'Sujit Paul', '2018-07-05 11:31:26', '', '0000-00-00', 1, 'Sujit Paul', '2018-07-05'),
('2018-07-05', 2018115, 1, 'CASH', 'ADVANCE', NULL, NULL, 'AXIS', -5226, 'Sujit Paul', '2018-07-05 11:45:24', '', '0000-00-00', 1, 'Sujit Paul', '2018-07-05'),
('2018-07-05', 2018116, 1, 'CHEQUE', 'ADVANCE', '2018-07-05', 26604, 'AXIS', 18990, 'Sujit Paul', '2018-07-05 11:52:33', '', '0000-00-00', 1, 'Sujit Paul', '2018-07-05'),
('2018-07-05', 2018117, 90, 'CASH', 'ADVANCE', NULL, NULL, 'AXIS', 2000, 'Sujit Paul', '2018-07-05 14:15:31', '', '0000-00-00', 1, 'Sujit Paul', '2018-07-05'),
('2018-07-05', 2018118, 36, 'CASH', 'ADVANCE', NULL, NULL, 'AXIS', 300, 'Sujit Paul', '2018-07-05 17:04:37', '', '0000-00-00', 1, 'Sujit Paul', '2018-07-05'),
('2018-07-05', 2018119, 77, 'CASH', 'ADVANCE', NULL, NULL, 'AXIS', 1000, 'Sujit Paul', '2018-07-05 17:42:46', '', '0000-00-00', 1, 'Sujit Paul', '2018-07-05'),
('2018-07-06', 2018120, 1, 'CASH', 'ADVANCE', NULL, NULL, 'AXIS', 1000, 'Sujit Paul', '2018-07-06 14:58:38', '', '0000-00-00', 1, 'Sujit Paul', '2018-07-06'),
('2018-07-06', 2018121, 19, 'CASH', 'ADVANCE', NULL, NULL, 'AXIS', 5500, 'Sujit Paul', '2018-07-06 14:59:35', '', '0000-00-00', 1, 'Sujit Paul', '2018-07-06'),
('2018-07-06', 2018122, 12, 'CHEQUE', 'ADVANCE', '2018-07-06', 26613, 'AXIS', 21000, 'Sujit Paul', '2018-07-06 15:40:50', '', '0000-00-00', 1, 'Sujit Paul', '2018-07-06'),
('2018-07-06', 2018123, 51, 'CASH', 'ADVANCE', NULL, NULL, 'AXIS', 300, 'Sujit Paul', '2018-07-06 16:51:50', '', '0000-00-00', 1, 'Sujit Paul', '2018-07-06'),
('2018-07-06', 2018124, 74, 'CASH', 'ADVANCE', NULL, NULL, 'AXIS', 500, 'Sujit Paul', '2018-07-06 16:56:18', '', '0000-00-00', 1, 'Sujit Paul', '2018-07-06'),
('2018-07-06', 2018125, 78, 'CASH', 'ADVANCE', NULL, NULL, 'AXIS', 1500, 'Sujit Paul', '2018-07-06 17:14:09', '', '0000-00-00', 1, 'Sujit Paul', '2018-07-06'),
('2018-07-06', 2018126, 110, 'CASH', 'ADVANCE', NULL, NULL, 'AXIS', 300, 'Sujit Paul', '2018-07-06 17:16:26', '', '0000-00-00', 1, 'Sujit Paul', '2018-07-06'),
('2018-07-06', 2018127, 36, 'CASH', 'ADVANCE', NULL, NULL, 'AXIS', 1200, 'Sujit Paul', '2018-07-06 17:23:01', '', '0000-00-00', 1, 'Sujit Paul', '2018-07-06'),
('2018-07-09', 2018128, 55, 'CASH', 'ADVANCE', NULL, NULL, 'AXIS', 2500, 'Sujit Paul', '2018-07-09 16:16:38', '', '0000-00-00', 1, 'Sujit Paul', '2018-07-09'),
('2018-07-09', 2018129, 84, 'CASH', 'ADVANCE', NULL, NULL, 'AXIS', 300, 'Sujit Paul', '2018-07-09 16:17:26', '', '0000-00-00', 1, 'Sujit Paul', '2018-07-09'),
('2018-07-09', 2018130, 74, 'CASH', 'ADVANCE', NULL, NULL, 'AXIS', 300, 'Sujit Paul', '2018-07-09 17:45:30', '', '0000-00-00', 1, 'Sujit Paul', '2018-07-09'),
('2018-07-10', 2018131, 80, 'CASH', 'ADVANCE', NULL, NULL, 'AXIS', 5000, 'Sujit Paul', '2018-07-10 11:18:28', '', '0000-00-00', 1, 'Sujit Paul', '2018-07-10'),
('2018-07-10', 2018132, 36, 'CASH', 'ADVANCE', NULL, NULL, 'AXIS', 500, 'Sujit Paul', '2018-07-10 16:58:23', '', '0000-00-00', 1, 'Sujit Paul', '2018-07-10'),
('2018-07-10', 2018133, 74, 'CASH', 'ADVANCE', NULL, NULL, 'AXIS', 500, 'Sujit Paul', '2018-07-10 16:59:09', '', '0000-00-00', 1, 'Sujit Paul', '2018-07-10'),
('2018-07-10', 2018134, 72, 'CASH', 'ADVANCE', NULL, NULL, 'AXIS', 1500, 'Sujit Paul', '2018-07-10 17:29:29', '', '0000-00-00', 1, 'Sujit Paul', '2018-07-10'),
('2018-07-10', 2018135, 84, 'CASH', 'ADVANCE', NULL, NULL, 'AXIS', 2000, 'Sujit Paul', '2018-07-10 18:54:53', '', '0000-00-00', 1, 'Sujit Paul', '2018-07-10'),
('2018-07-11', 2018136, 100, 'CASH', 'NORMAL', NULL, NULL, 'AXIS', 700, 'Sujit Paul', '2018-07-11 11:48:50', '', '0000-00-00', 1, 'Sujit Paul', '2018-07-11'),
('2018-07-11', 2018137, 57, 'CHEQUE', 'ADVANCE', '2017-07-10', 26614, 'AXIS', 5000, 'Sujit Paul', '2018-07-11 12:29:37', '', '0000-00-00', 1, 'Sujit Paul', '2018-07-11'),
('2018-07-11', 2018138, 55, 'CASH', 'ADVANCE', NULL, NULL, 'AXIS', 700, 'Sujit Paul', '2018-07-11 15:40:35', '', '0000-00-00', 1, 'Sujit Paul', '2018-07-11'),
('2018-07-11', 2018139, 90, 'CASH', 'ADVANCE', NULL, NULL, 'AXIS', 1000, 'Sujit Paul', '2018-07-11 15:40:57', '', '0000-00-00', 1, 'Sujit Paul', '2018-07-11'),
('2018-07-11', 2018140, 36, 'CASH', 'ADVANCE', NULL, NULL, 'AXIS', 500, 'Sujit Paul', '2018-07-11 17:23:18', '', '0000-00-00', 1, 'Sujit Paul', '2018-07-11'),
('2018-07-11', 2018141, 53, 'CASH', 'ADVANCE', NULL, NULL, 'AXIS', 200, 'Sujit Paul', '2018-07-11 17:51:23', '', '0000-00-00', 1, 'Sujit Paul', '2018-07-11'),
('2018-07-11', 2018142, 102, 'CASH', 'ADVANCE', NULL, NULL, 'AXIS', 500, 'Sujit Paul', '2018-07-11 17:51:47', '', '0000-00-00', 1, 'Sujit Paul', '2018-07-11'),
('2018-08-30', 2018143, 19, 'CASH', 'ADVANCE', NULL, NULL, 'AXIS', 1000, 'Sujit Paul', '2018-08-30 12:24:52', '', '0000-00-00', 0, '', '0000-00-00');

--
-- Triggers `tm_payment`
--
DELIMITER $$
CREATE TRIGGER `au_tm_payment` AFTER UPDATE ON `tm_payment` FOR EACH ROW BEGIN
	 
     DECLARE	ld_count		Integer;
     DECLARE	ldt_bal_dt	    date;
	 DECLARE	ld_bal_amt		decimal(10,2);
     Declare    ldt_dt			date;
     
If old.approval_status = 0 And new.approval_status = 1 Then  

	

	  select count(*)
      into   ld_count
      from   tm_balance_amt
      where  emp_no     = new.emp_no
      and    balance_dt = DATE_FORMAT(sysdate(), "%Y-%m-%d");
      
      If ld_count > 0 THEN
         update tm_balance_amt
         set rcvd_amt = new.paid_amt + rcvd_amt,
		 balance_amt  = balance_amt - new.paid_amt
         where  emp_no       = new.emp_no
         and    balance_dt   = DATE_FORMAT(sysdate(), "%Y-%m-%d"); 
         
         
      ELSE
	  select max(balance_dt)
          into   ldt_bal_dt
          from   tm_balance_amt
          where  emp_no = new.emp_no;
          
		IF ldt_bal_dt <> 0 THEN

          	   select balance_amt
          	   into   ld_bal_amt
          	   from   tm_balance_amt
          	   where  emp_no = new.emp_no
          	   and    balance_dt = ldt_bal_dt;
          
          
         	   INSERT into tm_balance_amt
          			           values( DATE_FORMAT(sysdate(), "%Y-%m-%d"),
                                      new.emp_no,
                                      0,
                                      new.paid_amt,
                                      (ld_bal_amt - new.paid_amt));

		ELSE

		    INSERT into tm_balance_amt
          			    	  values( DATE_FORMAT(sysdate(), "%Y-%m-%d" ),
                                      new.emp_no,
                                      0,
                                      new.paid_amt,
                                      (0 - new.paid_amt));
		end IF;    
    end IF;
 end IF;        					
          
END
$$
DELIMITER ;

-- --------------------------------------------------------

--
-- Table structure for table `tt`
--

CREATE TABLE `tt` (
  `id` int(11) NOT NULL,
  `from_date` date NOT NULL,
  `to_date` date NOT NULL
) ENGINE=MyISAM DEFAULT CHARSET=latin1;

--
-- Dumping data for table `tt`
--

INSERT INTO `tt` (`id`, `from_date`, `to_date`) VALUES
(53, '2017-04-01', '2018-07-03'),
(19, '2018-05-30', '2018-06-04'),
(72, '2018-05-28', '2018-06-27'),
(100, '2018-05-01', '2018-06-13'),
(70, '2018-08-01', '2018-08-29'),
(87, '2018-06-01', '2018-07-01'),
(73, '2018-06-01', '2018-06-01'),
(107, '2018-06-05', '2018-07-05'),
(51, '2018-04-01', '2018-06-04'),
(78, '2017-04-01', '2018-07-02'),
(113, '2018-06-01', '2018-06-29'),
(1, '2018-09-05', '2018-09-05'),
(32, '2018-09-01', '2018-09-19'),
(36, '2018-07-04', '2018-08-30'),
(90, '2018-05-31', '2018-05-31'),
(112, '2018-05-30', '2018-05-31'),
(55, '2018-06-01', '2018-07-09'),
(15, '2018-05-31', '2018-06-07'),
(101, '2018-06-06', '2018-07-02'),
(79, '2016-01-01', '2018-06-21'),
(38, '2018-07-03', '2018-07-03'),
(105, '2018-07-03', '2018-07-03'),
(50, '2014-04-01', '2018-06-02'),
(3, '2018-06-01', '2018-06-14'),
(80, '2018-05-01', '2018-06-02'),
(30, '2018-06-01', '2018-07-12'),
(102, '2018-06-04', '2018-06-04'),
(110, '2018-06-18', '2018-07-11'),
(49, '2018-06-01', '2018-06-01'),
(82, '2018-06-01', '2018-07-06'),
(84, '2018-04-01', '2018-06-19'),
(108, '2018-05-31', '2018-06-06'),
(0, '2018-06-01', '2018-06-07'),
(74, '2018-07-03', '2018-07-03'),
(104, '2018-06-03', '2018-07-11'),
(12, '2018-06-01', '2018-06-13'),
(111, '2018-05-01', '2018-06-01');

--
-- Indexes for dumped tables
--

--
-- Indexes for table `mm_claim_head`
--
ALTER TABLE `mm_claim_head`
  ADD PRIMARY KEY (`id`);

--
-- Indexes for table `mm_department`
--
ALTER TABLE `mm_department`
  ADD PRIMARY KEY (`sl_no`);

--
-- Indexes for table `mm_designation`
--
ALTER TABLE `mm_designation`
  ADD PRIMARY KEY (`sl_no`);

--
-- Indexes for table `mm_earning_deduction`
--
ALTER TABLE `mm_earning_deduction`
  ADD PRIMARY KEY (`sl_no`);

--
-- Indexes for table `mm_employee`
--
ALTER TABLE `mm_employee`
  ADD PRIMARY KEY (`emp_no`);

--
-- Indexes for table `mm_manager`
--
ALTER TABLE `mm_manager`
  ADD PRIMARY KEY (`id`);

--
-- Indexes for table `mm_project`
--
ALTER TABLE `mm_project`
  ADD PRIMARY KEY (`id`);

--
-- Indexes for table `mm_project_type`
--
ALTER TABLE `mm_project_type`
  ADD PRIMARY KEY (`id`);

--
-- Indexes for table `mm_purpose`
--
ALTER TABLE `mm_purpose`
  ADD PRIMARY KEY (`id`);

--
-- Indexes for table `m_user_master`
--
ALTER TABLE `m_user_master`
  ADD PRIMARY KEY (`emp_no`),
  ADD UNIQUE KEY `user_id` (`user_id`);

--
-- Indexes for table `tm_audit_trail`
--
ALTER TABLE `tm_audit_trail`
  ADD PRIMARY KEY (`sl_no`);

--
-- Indexes for table `tm_balance_amt`
--
ALTER TABLE `tm_balance_amt`
  ADD PRIMARY KEY (`balance_dt`,`emp_no`);

--
-- Indexes for table `tm_claim`
--
ALTER TABLE `tm_claim`
  ADD PRIMARY KEY (`claim_cd`);

--
-- Indexes for table `tm_claim_trans`
--
ALTER TABLE `tm_claim_trans`
  ADD PRIMARY KEY (`claim_cd`,`sl_no`);

--
-- Indexes for table `tm_payment`
--
ALTER TABLE `tm_payment`
  ADD PRIMARY KEY (`trans_cd`);

--
-- Indexes for table `tt`
--
ALTER TABLE `tt`
  ADD PRIMARY KEY (`id`);

--
-- AUTO_INCREMENT for dumped tables
--

--
-- AUTO_INCREMENT for table `mm_claim_head`
--
ALTER TABLE `mm_claim_head`
  MODIFY `id` int(11) NOT NULL AUTO_INCREMENT, AUTO_INCREMENT=101;
--
-- AUTO_INCREMENT for table `mm_department`
--
ALTER TABLE `mm_department`
  MODIFY `sl_no` int(10) NOT NULL AUTO_INCREMENT, AUTO_INCREMENT=10;
--
-- AUTO_INCREMENT for table `mm_designation`
--
ALTER TABLE `mm_designation`
  MODIFY `sl_no` int(10) NOT NULL AUTO_INCREMENT, AUTO_INCREMENT=2;
--
-- AUTO_INCREMENT for table `mm_earning_deduction`
--
ALTER TABLE `mm_earning_deduction`
  MODIFY `sl_no` int(10) NOT NULL AUTO_INCREMENT, AUTO_INCREMENT=3;
--
-- AUTO_INCREMENT for table `mm_manager`
--
ALTER TABLE `mm_manager`
  MODIFY `id` int(11) NOT NULL AUTO_INCREMENT, AUTO_INCREMENT=139;
--
-- AUTO_INCREMENT for table `mm_project`
--
ALTER TABLE `mm_project`
  MODIFY `id` int(11) NOT NULL AUTO_INCREMENT, AUTO_INCREMENT=345;
--
-- AUTO_INCREMENT for table `mm_project_type`
--
ALTER TABLE `mm_project_type`
  MODIFY `id` int(11) NOT NULL AUTO_INCREMENT, AUTO_INCREMENT=20;
--
-- AUTO_INCREMENT for table `tm_audit_trail`
--
ALTER TABLE `tm_audit_trail`
  MODIFY `sl_no` int(11) NOT NULL AUTO_INCREMENT, AUTO_INCREMENT=1066;
/*!40101 SET CHARACTER_SET_CLIENT=@OLD_CHARACTER_SET_CLIENT */;
/*!40101 SET CHARACTER_SET_RESULTS=@OLD_CHARACTER_SET_RESULTS */;
/*!40101 SET COLLATION_CONNECTION=@OLD_COLLATION_CONNECTION */;
